"","Estimate","Std..Error","t.value","Pr...t.."
"GF",-3.01981480129131,0.030076900884729,-100.403123741534,0
"GM",-0.00162084639306133,0.0230496147999021,-0.0703198906850373,0.943946088483674
