"","Estimate","Std..Error","t.value","Pr...t.."
"X",0.800811355299806,0.00319501849619632,250.643730624149,0
"GF",-0.614360907378323,0.0120019154072712,-51.1885717013238,0
"GM",-0.243966410663031,0.00539483058890081,-45.2222561288507,5.26684505553269e-308
"RW",0.246377619016056,0.00891268965349051,27.6434643855872,1.11703709634476e-142
"GM:RW",-0.00461897666362102,0.0112155674970527,-0.411836196860731,0.680503731157978
