"","Estimate","X95..CI.Lower","X95..CI.Upper","p.value"
"ACME",2.41600997814912,2.35326756993754,2.48302089268311,0
"ADE",0.367219458103087,0.34538652475486,0.389360936199619,0
"Total Effect",2.78322943625221,2.72391993605978,2.84548831457616,0
"Prop. Mediated",0.868130261999448,0.859891949407091,0.876295825214485,0
