"","Estimate","X95..CI.Lower","X95..CI.Upper","p.value"
"ACME",2.48770670159894,2.42139818022334,2.55104851020909,0
"ADE",0.352222993309419,0.327430794745387,0.376329286816669,0
"Total Effect",2.83992969490836,2.77463359785328,2.90043109819415,0
"Prop. Mediated",0.876015345926646,0.867420158649935,0.884952721516566,0
