"","Estimate","Std..Error","t.value","Pr...t.."
"GF",-3.03403290899784,0.0301539763229275,-100.618003957605,0
"GM",0.0605474651301174,0.0231086820278661,2.62011762752653,0.00885651433587799
