"","Estimate","Std..Error","t.value","Pr...t.."
"X",0.804115900645381,0.00331833981404234,242.324760484919,0
"GF",-0.598132558829482,0.0126170860852882,-47.4065528907596,0
"GM",-0.227395788831705,0.00562647783266553,-40.415299872243,2.00703589236306e-261
"RW",0.258148324808811,0.00927632342283041,27.8287326823329,2.72506198768951e-144
"GM:RW",-0.0285986996057368,0.0116772352325195,-2.4490985268579,0.0144069184593741
