"","Estimate","X95..CI.Lower","X95..CI.Upper","p.value"
"ACME",2.42160136947172,2.36056736595381,2.4889888573133,0
"ADE",0.361082035349425,0.340861722165886,0.383261818826663,0
"Total Effect",2.78268340482115,2.72302447713853,2.84489094494756,0
"Prop. Mediated",0.870234474587781,0.861971491570035,0.878196622676422,0
