"","Estimate","Std..Error","t.value","Pr...t.."
"GF",-2.99449912765833,0.0307173698141761,-97.4855316641193,0
"GM",0.0158137080738575,0.0235404420354485,0.671767677516179,0.501809272904587
