"","Estimate","Std..Error","t.value","Pr...t.."
"X",0.803856757909079,0.00313744351866049,256.213937598558,0
"GF",-0.605328290917158,0.0116746325007338,-51.8498797181933,0
"GM",-0.22755034234174,0.00544610510205501,-41.7822164790534,1.21196604927833e-274
"RW",0.255661648892321,0.00889928380881802,28.7283397613405,3.45949970451497e-152
"GM:RW",-0.0261877279639043,0.0112266862001094,-2.33263204271703,0.019766448183334
