"","Estimate","X95..CI.Lower","X95..CI.Upper","p.value"
"ACME",2.34669280831018,2.28369398409675,2.41220006451462,0
"ADE",0.359747018228828,0.337864481881965,0.380830342779926,0
"Total Effect",2.70643982653901,2.64785792760612,2.77084680468295,0
"Prop. Mediated",0.867010379105048,0.858890198992733,0.875366148723406,0
