"","Estimate","Std..Error","t.value","Pr...t.."
"GF",-2.95547030682815,0.0306011313048069,-96.5804263048243,0
"GM",-0.019748834075292,0.0234513619511626,-0.842118855033621,0.399822214421302
