"","Estimate","Std..Error","t.value","Pr...t.."
"X",0.799243092016258,0.00322492975099165,247.832713804229,0
"GF",-0.613022850319803,0.0119977799577193,-51.0946902243682,0
"GM",-0.240088343888257,0.00549308703276783,-43.7073620818424,2.63647154659031e-293
"RW",0.255780197868063,0.00921508702115152,27.7566774226838,1.15652341336053e-143
"GM:RW",-0.0201985486479344,0.0115523491734698,-1.74843647336429,0.0805422830882902
