"","Estimate","Std..Error","t.value","Pr...t.."
"X",0.795317519027139,0.00316565552271715,251.233121645687,0
"GF",-0.642065315127196,0.0116745126354952,-54.9971836233281,0
"GM",-0.23706448386992,0.00543363232962119,-43.6290991897951,1.51459454688048e-292
"RW",0.267410281461538,0.00879629372933181,30.400335606102,3.94873543357368e-167
"GM:RW",-0.0310184200386788,0.0111207654876872,-2.78923425487408,0.00533346190739877
