"","Estimate","Std..Error","t.value","Pr...t.."
"GF",-2.99659577257888,0.0301986223053301,-99.2295523378887,0
"GM",0.0345362389388931,0.0231428967463534,1.49230406709285,0.135777325603364
