"","Estimate","X95..CI.Lower","X95..CI.Upper","p.value"
"ACME",2.41128962212486,2.3508482127475,2.46886358081239,0
"ADE",0.384853216898961,0.363975975188606,0.40702710894656,0
"Total Effect",2.79614283902382,2.73705146856496,2.85389224654766,0
"Prop. Mediated",0.862412144408104,0.854359705661394,0.870088490746904,0
