"","Estimate","Std..Error","t.value","Pr...t.."
"X",0.799990873260988,0.00322306466168056,248.208136427477,0
"GF",-0.599103284614355,0.0121024643246127,-49.5025862952526,0
"GM",-0.247054441356965,0.00558825942969371,-44.2095511966068,3.5353771226389e-298
"RW",0.252674232506155,0.00915048294265623,27.613212776812,2.04618052947467e-142
"GM:RW",-0.0102344338373739,0.0115393569796958,-0.886915436915763,0.375231332816624
