"","Estimate","X95..CI.Lower","X95..CI.Upper","p.value"
"ACME",2.40764712714035,2.34708246322392,2.4727062192677,0
"ADE",0.345448540438841,0.325192456080414,0.367730343579743,0
"Total Effect",2.75309566757919,2.69133980070471,2.81300662383234,0
"Prop. Mediated",0.874724089582396,0.866431625578711,0.882139483864888,0
