"","Estimate","Std..Error","t.value","Pr...t.."
"GF",-2.99241533601554,0.0307160862337392,-97.4217650401244,0
"GM",0.0193651687136033,0.0235394583558218,0.822668407270889,0.410794755632902
