"","Estimate","X95..CI.Lower","X95..CI.Upper","p.value"
"ACME",2.38110347427877,2.31919904897301,2.44479102117692,0
"ADE",0.360381461461222,0.338806220753215,0.382369677380774,0
"Total Effect",2.74148493573999,2.68059091548515,2.80260859023263,0
"Prop. Mediated",0.868456093587906,0.86043095153689,0.876868576877802,0
