"","Estimate","Std..Error","t.value","Pr...t.."
"X",0.799280686838485,0.00319273769737712,250.343361277409,0
"GF",-0.606348857996509,0.0120879341840351,-50.1614956505414,0
"GM",-0.243880141612425,0.00547216965401574,-44.5673575623617,1.19234018994637e-301
"RW",0.244420166115756,0.00916292840667798,26.6748964160433,2.50855964952669e-134
"GM:RW",-0.00342849070381862,0.0114934031131097,-0.298300744355515,0.765504700490573
