"","Estimate","Std..Error","t.value","Pr...t.."
"GF",-2.96617434786243,0.0307580595000884,-96.4356788455366,0
"GM",0.0139908637192524,0.0235716248222058,0.59354685240333,0.55288242266998
