"","Estimate","Std..Error","t.value","Pr...t.."
"GF",-3.15652130649204,0.0300898504930775,-104.903190104525,0
"GM",-0.0498878296540587,0.0230595388105368,-2.16343570719042,0.0306258973054083
