"","Estimate","X95..CI.Lower","X95..CI.Upper","p.value"
"ACME",2.4917380869307,2.42848000350838,2.5541285883631,0
"ADE",0.349832179794547,0.326782668343475,0.371822401302749,0
"Total Effect",2.84157026672525,2.78151606016216,2.90227539810586,0
"Prop. Mediated",0.876880570290528,0.868827849604918,0.885334090909578,0
