"","Estimate","Std..Error","t.value","Pr...t.."
"X",0.801897049799006,0.00328493468195686,244.11354484568,0
"GF",-0.596589721538365,0.0129416507728308,-46.0984253099167,1.66621396001928e-316
"GM",-0.236909772922727,0.00562516038795368,-42.116092090471,7.07586159247093e-278
"RW",0.251697859635339,0.00907239487215,27.7432654974034,1.51330397551323e-143
"GM:RW",-0.0154942369741053,0.0114696392681895,-1.35089139351381,0.17688341646412
