"","Estimate","Std..Error","t.value","Pr...t.."
"GF",-2.98600545713744,0.0303238963821344,-98.4703752944056,0
"GM",0.0180945731098558,0.0232389012923609,0.778632900162276,0.436288195013147
