"","Estimate","X95..CI.Lower","X95..CI.Upper","p.value"
"ACME",2.40087815023118,2.33800573150322,2.46642173233811,0
"ADE",0.371095416027884,0.349294056390949,0.392908493507806,0
"Total Effect",2.77197356625907,2.71069784277308,2.83762080041873,0
"Prop. Mediated",0.866069401643931,0.85809717638231,0.874840822070115,0
