"","Estimate","Std..Error","t.value","Pr...t.."
"X",0.799505584020274,0.00328715805087623,243.220913520467,0
"GF",-0.618344869927804,0.0123057240891497,-50.2485563180322,0
"GM",-0.243903780328589,0.00562541625735332,-43.3574635494338,6.53637436576598e-290
"RW",0.243056443337291,0.00921245301154151,26.3834662747029,7.67364838821009e-132
"GM:RW",-0.00569090340366422,0.0116163770915113,-0.489903466358959,0.624256076866413
