"","Estimate","Std..Error","t.value","Pr...t.."
"X",0.804095294027958,0.00318471891869437,252.485482881362,0
"GF",-0.597903609058318,0.0119766652257573,-49.9223780399614,0
"GM",-0.238721295918507,0.00546085437089412,-43.7150086240847,2.22248092747418e-293
"RW",0.258002061765932,0.0089261562474832,28.9040494713139,9.64863223030784e-154
"GM:RW",-0.0149698592388691,0.0112643507440001,-1.32895890576229,0.184013496872696
