"","Estimate","X95..CI.Lower","X95..CI.Upper","p.value"
"ACME",2.41358215869288,2.35276527880558,2.47863089832014,0
"ADE",0.349841372091071,0.327919292159686,0.37293252357486,0
"Total Effect",2.76342353078395,2.70483616152023,2.82659536477847,0
"Prop. Mediated",0.873412367225895,0.864913307578708,0.88157115550734,0
