"","Estimate","Std..Error","t.value","Pr...t.."
"GF",-2.99521805421255,0.0303525713405583,-98.6808669554207,0
"GM",0.00777425189280581,0.0232608765200816,0.334220074901053,0.738248573385781
