"","Estimate","X95..CI.Lower","X95..CI.Upper","p.value"
"ACME",2.37971724366007,2.31950419917089,2.4423997126408,0
"ADE",0.373077409583668,0.351417077776719,0.394669697357649,0
"Total Effect",2.75279465324374,2.69365017902842,2.81206250499036,0
"Prop. Mediated",0.864363414534436,0.857027585743526,0.872669947219692,0
