"","Estimate","Std..Error","t.value","Pr...t.."
"GF",-2.98923922119385,0.0302150112669063,-98.9322557184644,0
"GM",-0.00124774855172047,0.0231554565261241,-0.0538857245294539,0.957031597474669
