"","Estimate","Std..Error","t.value","Pr...t.."
"X",0.796057184654215,0.00319858739923522,248.877734228726,0
"GF",-0.611768080133234,0.011935723983347,-51.2552134237342,0
"GM",-0.245600282171437,0.00536177171464824,-45.8058073417155,1.14819782923635e-313
"RW",0.23506069214484,0.00904325650590795,25.9929254457479,1.56757225204474e-128
"GM:RW",0.0116474981509109,0.0113278354855262,1.02821921856061,0.303971365328262
