"","Estimate","X95..CI.Lower","X95..CI.Upper","p.value"
"ACME",2.40899086856512,2.34713951108814,2.47351721069656,0
"ADE",0.361139126429046,0.341370876767613,0.381366818803477,0
"Total Effect",2.77012999499416,2.71022919092718,2.82847692778328,0
"Prop. Mediated",0.869517678547322,0.861828425567748,0.877783956211639,0
