"","Estimate","Std..Error","t.value","Pr...t.."
"X",0.802071709923731,0.0031603365621421,253.793130621532,0
"GF",-0.603104155914915,0.0117539060507399,-51.3109559759454,0
"GM",-0.242300904578078,0.00542650485743157,-44.6513752302733,1.82434576565625e-302
"RW",0.241802161020847,0.00895467245976998,27.0029040266045,3.85961628610549e-137
"GM:RW",0.000769256906667245,0.0112694588172888,0.0682603236889341,0.945585247996751
