"","Estimate","Std..Error","t.value","Pr...t.."
"GF",-3.01385298714753,0.0305644487185158,-98.6064893531598,0
"GM",-0.0109639516016448,0.0234232500294219,-0.468079860304312,0.639778535484907
