"","Estimate","Std..Error","t.value","Pr...t.."
"X",0.803724904236728,0.00321927483520374,249.660232623743,0
"GF",-0.610246287383328,0.0122172395266202,-49.9496049049098,0
"GM",-0.229159404201139,0.00556181873484213,-41.2022424904943,4.97285673567398e-269
"RW",0.262844908841359,0.0094164225604203,27.9134572768819,4.96942456526291e-145
"GM:RW",-0.0367160684082474,0.0117821929605455,-3.11623383959139,0.00185785607723304
