"","Estimate","X95..CI.Lower","X95..CI.Upper","p.value"
"ACME",2.3987481738446,2.3341290423034,2.46192327506968,0
"ADE",0.358136638428682,0.334441111853349,0.378794695404977,0
"Total Effect",2.75688481227328,2.6955754490426,2.81733841279899,0
"Prop. Mediated",0.870125429416226,0.862104494515301,0.878470374097754,0
