"","Estimate","Std..Error","t.value","Pr...t.."
"GF",-2.99731580447404,0.0311969192562018,-96.0773010904976,0
"GM",-0.0101620131023356,0.0239079476490941,-0.425047488453936,0.670847827347148
