"","Estimate","X95..CI.Lower","X95..CI.Upper","p.value"
"ACME",2.39051205716953,2.32692577924252,2.44931048517844,0
"ADE",0.366035825912081,0.345785317483744,0.388344044538751,0
"Total Effect",2.75654788308161,2.69631878302002,2.81363821669862,0
"Prop. Mediated",0.867363670109769,0.85859498733309,0.875040846309993,0
