"","Estimate","Std..Error","t.value","Pr...t.."
"X",0.800591081084502,0.0032434080302686,246.836375076188,0
"GF",-0.60462273651837,0.01207682692672,-50.064701613024,0
"GM",-0.236752632073019,0.00545060488248819,-43.4360290604925,1.13043306928354e-290
"RW",0.237159098408412,0.00904073975585774,26.2322669176215,1.47709353917989e-130
"GM:RW",-0.00307881601330833,0.0113653704948191,-0.270894469714982,0.786500222475956
