"","Estimate","Std..Error","t.value","Pr...t.."
"GF",-3.00350965984221,0.0299980241646462,-100.12358291857,0
"GM",-0.0182581196002321,0.0229891671486777,-0.794205352553724,0.42717021091557
