"","Estimate","Std..Error","t.value","Pr...t.."
"X",0.795566623512715,0.00327070623600171,243.240011822418,0
"GF",-0.627965683808234,0.0124947045123652,-50.2585461854481,0
"GM",-0.246729433209262,0.00565187164947027,-43.6544650182186,8.59431232706499e-293
"RW",0.258399996272878,0.00899430208645534,28.7292992595842,3.39261793871013e-152
"GM:RW",-0.00890134508727687,0.0114006569545871,-0.780774750326595,0.435027619666891
