"","Estimate","X95..CI.Lower","X95..CI.Upper","p.value"
"ACME",2.42867773615816,2.36793111087648,2.49329088488576,0
"ADE",0.375871835566558,0.352385675521586,0.397577190722864,0
"Total Effect",2.80454957172472,2.74620232827795,2.86548229643066,0
"Prop. Mediated",0.865839084204817,0.85830050028952,0.874211930403397,0
