"","Estimate","Std..Error","t.value","Pr...t.."
"GF",-3.05523626361982,0.0301318830417321,-101.395464046783,0
"GM",-0.00226552892790153,0.0230917507082738,-0.0981098815989638,0.921854882023724
