"","Estimate","Std..Error","t.value","Pr...t.."
"X",0.798873700537134,0.00323684620350143,246.806196622181,0
"GF",-0.615256362762681,0.0120313190852226,-51.1378975492694,0
"GM",-0.241497542950392,0.00558860930499891,-43.2124576563934,1.66648138369677e-288
"RW",0.243498061402268,0.008923054381122,27.2886447848421,1.32804788801174e-139
"GM:RW",-0.000745351072672304,0.0113201885852888,-0.0658426374310518,0.94750970722476
