"","Estimate","Std..Error","t.value","Pr...t.."
"GF",-3.01618708820546,0.0301090750787502,-100.175348472732,0
"GM",-0.0395365475916669,0.0230742716879747,-1.71344725962777,0.0867854096121138
