"","Estimate","X95..CI.Lower","X95..CI.Upper","p.value"
"ACME",2.37842660440302,2.31590229303633,2.44108906079011,0
"ADE",0.373622281525406,0.351430385125093,0.395761832110744,0
"Total Effect",2.75204888592842,2.69286742515349,2.81278255868686,0
"Prop. Mediated",0.86421867086222,0.855722856687769,0.87274385322275,0
