"","Estimate","Std..Error","t.value","Pr...t.."
"X",0.807467521235583,0.00319918298420072,252.398042007378,0
"GF",-0.576393681505189,0.0119920430625868,-48.064677427939,0
"GM",-0.231742958458408,0.00557896762083735,-41.5386813848591,2.7616251434132e-272
"RW",0.245393012153474,0.00911846963328946,26.9116443901507,2.34835114237944e-136
"GM:RW",-0.0210959084077412,0.0115044687779925,-1.83371425615901,0.0668453152367512
