"","Estimate","X95..CI.Lower","X95..CI.Upper","p.value"
"ACME",2.4160068384248,2.35166086226141,2.48390185259107,0
"ADE",0.331236808972428,0.309385082508944,0.352809796096549,0
"Total Effect",2.74724364739723,2.686718003261,2.81418930939809,0
"Prop. Mediated",0.879515384943921,0.871384621370635,0.887569142123342,0
