"","Estimate","Std..Error","t.value","Pr...t.."
"GF",-2.98466813101905,0.0308593607577995,-96.7184043261394,0
"GM",0.00909852609342161,0.0236492576533921,0.384727767220913,0.700480066734765
