"","Estimate","Std..Error","t.value","Pr...t.."
"X",0.803492312490112,0.00326614306139421,246.006466154954,0
"GF",-0.604544688219415,0.0121487316925343,-49.7619589862966,0
"GM",-0.245033333471406,0.00548393239432381,-44.6820485469569,9.19302967525687e-303
"RW",0.260504214535844,0.00905941008842033,28.7550968543546,2.00695590797975e-152
"GM:RW",-0.0153405568527623,0.0114011099332818,-1.34553187738157,0.17860643743744
