"","Estimate","X95..CI.Lower","X95..CI.Upper","p.value"
"ACME",2.40490627924737,2.3428840044724,2.47261471810227,0
"ADE",0.34971676526822,0.327878937346876,0.370709280875572,0
"Total Effect",2.75462304451559,2.69611101669392,2.81974553327439,0
"Prop. Mediated",0.872990781665619,0.865476458973585,0.881363843848881,0
