"","Estimate","Std..Error","t.value","Pr...t.."
"GF",-2.97785018151789,0.0299010075646235,-99.5902955805759,0
"GM",0.0171917678746819,0.0229148178908106,0.750246759830293,0.453194438224778
