"","Estimate","Std..Error","t.value","Pr...t.."
"X",0.798320610293881,0.00323993626457712,246.400097132182,0
"GF",-0.603953125358726,0.0120395806838408,-50.163966770814,0
"GM",-0.236698038368386,0.00563229416589049,-42.0251555399652,5.37884958326712e-277
"RW",0.232664946476511,0.00927780509012004,25.0775850771296,7.19410159861499e-121
"GM:RW",0.00270118762134481,0.0116848819185792,0.231169441006491,0.817206874855744
