"","Estimate","X95..CI.Lower","X95..CI.Upper","p.value"
"ACME",2.42111260692611,2.35416354836319,2.48539285852879,0
"ADE",0.368860391919599,0.347070428902113,0.392420567549624,0
"Total Effect",2.7899729988457,2.72758979956282,2.85423746547503,0
"Prop. Mediated",0.867802068534061,0.85887873335626,0.875717537767434,0
