"","Estimate","Std..Error","t.value","Pr...t.."
"GF",-2.99976001243607,0.0309135497458714,-97.0370610006279,0
"GM",0.0319060426022674,0.0236907857119589,1.34677013207551,0.178207017747986
