"","Estimate","Std..Error","t.value","Pr...t.."
"X",0.799631087000703,0.00332768438409155,240.296553009489,0
"GF",-0.593872272487095,0.0123880183308153,-47.9392471522125,0
"GM",-0.237972444995744,0.00569201454499007,-41.8081231372115,6.80193483597775e-275
"RW",0.229292150738063,0.00931791697102321,24.6076619325021,5.43651568914931e-117
"GM:RW",0.0138265933937079,0.0117560896642746,1.17612180483152,0.239686529514821
