"","Estimate","X95..CI.Lower","X95..CI.Upper","p.value"
"ACME",2.41401093760081,2.35182214085391,2.47655224184388,0
"ADE",0.364269467056963,0.340210416915185,0.387340505226947,0
"Total Effect",2.77828040465778,2.72121560159032,2.83666071385474,0
"Prop. Mediated",0.868783145617065,0.860314788586097,0.877356955457818,0
