"","Estimate","Std..Error","t.value","Pr...t.."
"GF",-3.0170007743399,0.0303130819030861,-99.52801183283,0
"GM",0.00178527746609969,0.0232306135509716,0.0768502072570105,0.938750403632513
