"","Estimate","Std..Error","t.value","Pr...t.."
"GF",-2.92275069691844,0.0303051708659689,-96.4439603341928,0
"GM",-0.0409150303037804,0.0232245508798568,-1.76171459742918,0.0782704455423795
