"","Estimate","Std..Error","t.value","Pr...t.."
"X",0.799315543508531,0.00316168233249274,252.813363092785,0
"GF",-0.599524391764012,0.0115607439906618,-51.8586340332663,0
"GM",-0.234876690936796,0.00547996975481641,-42.8609465828457,4.2714177191508e-285
"RW",0.233508254548788,0.00878365982066297,26.5843918499069,1.48838995618388e-133
"GM:RW",0.00168776168219646,0.0111350874365042,0.151571479956543,0.879540254245379
