"","Estimate","X95..CI.Lower","X95..CI.Upper","p.value"
"ACME",2.30210737468269,2.23541685676182,2.36552225394487,0
"ADE",0.36611963869596,0.345989806283319,0.386205965421555,0
"Total Effect",2.66822701337865,2.60803166335051,2.73054062737742,0
"Prop. Mediated",0.862730627368504,0.854643313375943,0.870879083365539,0
