"","Estimate","Std..Error","t.value","Pr...t.."
"GF",-2.96019322409626,0.0297431780385714,-99.5251153140875,0
"GM",-0.00922382454376606,0.022793864279483,-0.404662607036251,0.685768847817339
