"","Estimate","Std..Error","t.value","Pr...t.."
"X",0.801057022937536,0.00331987764944147,241.291128024644,0
"GF",-0.618733031997099,0.0121439089653299,-50.9500716584374,0
"GM",-0.237361198569064,0.00556679961460048,-42.6387179352599,6.09629492518685e-283
"RW",0.27047819919006,0.00913225187270602,29.6179083713679,4.26369077419498e-160
"GM:RW",-0.0320865476409423,0.0115106289758891,-2.78755815239573,0.00536102134167365
