"","Estimate","X95..CI.Lower","X95..CI.Upper","p.value"
"ACME",2.36426858553561,2.30373937908287,2.42684457867992,0
"ADE",0.361480841577383,0.340155234635717,0.384192611884153,0
"Total Effect",2.72574942711299,2.66793602135653,2.78558300166791,0
"Prop. Mediated",0.86744139258859,0.859267814814927,0.875700459544677,0
