"","Estimate","Std..Error","t.value","Pr...t.."
"X",0.800316274770492,0.00322105516161479,248.464007790936,0
"GF",-0.610382164015986,0.0120840556473932,-50.5113665334418,0
"GM",-0.241760841227765,0.00549197683307716,-44.0207321654535,2.40205759392414e-296
"RW",0.26260508441048,0.00907527218794014,28.9363314920127,4.99387649051598e-154
"GM:RW",-0.0206309265428827,0.011419561143779,-1.80663041977946,0.0709705447443108
