"","Estimate","Std..Error","t.value","Pr...t.."
"GF",-3.00112008991697,0.0303671470369286,-98.8278578250174,0
"GM",-0.00883395940061581,0.0232720466931012,-0.379595293749328,0.70428619584062
