"","Estimate","X95..CI.Lower","X95..CI.Upper","p.value"
"ACME",2.39500877494975,2.33174154406142,2.46323732712043,0
"ADE",0.356265576625728,0.333348701709221,0.378190426811085,0
"Total Effect",2.75127435157548,2.69151717242463,2.8164903821642,0
"Prop. Mediated",0.870290212235415,0.862483457472931,0.879319951311332,0
