"","Estimate","Std..Error","t.value","Pr...t.."
"GF",-2.94693751870447,0.0293506258792621,-100.40458867307,0
"GM",-0.0173036779285369,0.0224930295593226,-0.769290676602747,0.441811701770595
