"","Estimate","Std..Error","t.value","Pr...t.."
"X",0.797573420333483,0.00335355948789338,237.828916771206,0
"GF",-0.616436354120144,0.0120282678594523,-51.2489712835689,0
"GM",-0.237673938394727,0.0055114273514803,-43.1238449202983,1.20562851288996e-287
"RW",0.254460176028467,0.00913596384579847,27.8525813284047,1.68825872957151e-144
"GM:RW",-0.0157174795280139,0.011478714508809,-1.36927175215936,0.171068466793033
