"","Estimate","X95..CI.Lower","X95..CI.Upper","p.value"
"ACME",2.33540386603744,2.27506485797585,2.39652303561834,0
"ADE",0.368523326194906,0.346148788827521,0.391295999120703,0
"Total Effect",2.70392719223235,2.64710993129457,2.76336600695065,0
"Prop. Mediated",0.863730433029015,0.855188520139141,0.872167499900581,0
