"","Estimate","X95..CI.Lower","X95..CI.Upper","p.value"
"ACME",2.32373916414781,2.26517932252654,2.38542264643533,0
"ADE",0.370371074792753,0.349369218999974,0.391306008846973,0
"Total Effect",2.69411023894056,2.63761268389212,2.75296479624304,0
"Prop. Mediated",0.862519118210715,0.854252354463548,0.870856702573643,0
