"","Estimate","Std..Error","t.value","Pr...t.."
"GF",-2.94064649579897,0.0294199359590646,-99.9542113174763,0
"GM",-0.0276513561747325,0.0225461457579404,-1.22643384246703,0.220179970833997
