"","Estimate","Std..Error","t.value","Pr...t.."
"X",0.797962024250856,0.00331955790223182,240.382017049429,0
"GF",-0.615900936938193,0.0121303453172823,-50.7735699873861,0
"GM",-0.24161492326227,0.00540775176306583,-44.6793665553337,9.76077338004488e-303
"RW",0.248382332496446,0.00916034586965756,27.1149513381563,4.18809261489397e-138
"GM:RW",-0.00679252061808035,0.0114564750647392,-0.592897953314315,0.553316648234488
