"","Estimate","Std..Error","t.value","Pr...t.."
"GF",-2.99020655815865,0.0311014004155268,-96.1437915401985,0
"GM",-0.0262054794148561,0.0238347462081568,-1.09946542690217,0.271697563890601
