"","Estimate","Std..Error","t.value","Pr...t.."
"X",0.800869776373632,0.00321469816912607,249.127518118241,0
"GF",-0.590237157286117,0.0120282858571108,-49.0707623927297,0
"GM",-0.242042776588084,0.00561910302695013,-43.0749846420696,3.5897217354188e-287
"RW",0.237613645832228,0.00926913373977211,25.6349355293766,1.6150693535777e-125
"GM:RW",0.00382963549760585,0.0116676119437193,0.328227876970775,0.742773816429867
