"","Estimate","X95..CI.Lower","X95..CI.Upper","p.value"
"ACME",2.37351067473767,2.3092757862849,2.44313349176037,0
"ADE",0.350467814261606,0.3295660910316,0.371130872874947,0
"Total Effect",2.72397848899928,2.66218271329486,2.79070947423396,0
"Prop. Mediated",0.871267907251494,0.863417631114214,0.879399496829274,0
