"","Estimate","X95..CI.Lower","X95..CI.Upper","p.value"
"ACME",2.37555197536638,2.31097251060166,2.43754431943777,0
"ADE",0.356737680016287,0.336286540671567,0.379100205901198,0
"Total Effect",2.73228965538267,2.66977096060769,2.79683617214368,0
"Prop. Mediated",0.869472055447656,0.860914107860762,0.877400298372878,0
