"","Estimate","Std..Error","t.value","Pr...t.."
"GF",-2.9917038344494,0.0313554107678404,-95.4126819323263,0
"GM",-0.0257829466959531,0.0240294085770777,-1.07297466823833,0.28341205580464
