"","Estimate","Std..Error","t.value","Pr...t.."
"X",0.800662149448586,0.00317841748644612,251.905910052059,0
"GF",-0.608697419048723,0.0119963503439835,-50.7402169488989,0
"GM",-0.246302934121484,0.00560127411112975,-43.9726621541479,7.03073047927143e-296
"RW",0.255938780871906,0.00923881107144934,27.7025668013531,3.42073541687573e-143
"GM:RW",-0.00774720647713956,0.0116304721888906,-0.666112807056936,0.505416013944017
