"","Estimate","X95..CI.Lower","X95..CI.Upper","p.value"
"ACME",2.41755589942684,2.35524330847152,2.4809653731782,0
"ADE",0.372204233535714,0.350509118854543,0.392230699019251,0
"Total Effect",2.78976013296255,2.73124770546449,2.85196495485767,0
"Prop. Mediated",0.866575800158711,0.859199425156082,0.87463783300074,0
