"","Estimate","Std..Error","t.value","Pr...t.."
"GF",-3.03074373089426,0.0303875539207838,-99.7363505728361,0
"GM",0.0094591316953783,0.0232876856318978,0.406185992240546,0.684649444013753
