"","Estimate","Std..Error","t.value","Pr...t.."
"X",0.79526332968471,0.00325510570790831,244.312597207707,0
"GF",-0.611920313506965,0.0120566526835307,-50.7537481230462,0
"GM",-0.242625872572651,0.00565616232982729,-42.8958467640125,1.95963203975156e-285
"RW",0.240746894522973,0.00906826800083241,26.5482774109537,3.02649140306853e-133
"GM:RW",0.00466754648389873,0.0114945788853846,0.406065026865274,0.684738371081303
