"","Estimate","X95..CI.Lower","X95..CI.Upper","p.value"
"ACME",2.36947183170548,2.31320743181704,2.43201208051857,0
"ADE",0.358046428071945,0.335967282892994,0.378448921186101,0
"Total Effect",2.72751825977743,2.67258993660263,2.78586133707778,0
"Prop. Mediated",0.868641110570972,0.861079880982588,0.876955034049734,0
