"","Estimate","Std..Error","t.value","Pr...t.."
"X",0.798155713400842,0.00331430400459335,240.821515556408,0
"GF",-0.607442461174132,0.0120526642669375,-50.3990194799046,0
"GM",-0.242122067546619,0.00566521063206091,-42.7384052018095,6.5866254414989e-284
"RW",0.249572471883002,0.00930210044571216,26.8296900618875,1.18567875794991e-135
"GM:RW",-0.010230999404593,0.0117219261233421,-0.87280872588165,0.382872379297969
