"","Estimate","Std..Error","t.value","Pr...t.."
"GF",-2.95593175774221,0.0303425831043649,-97.4185931229099,0
"GM",0.0113399583612916,0.0232532219748985,0.487672563119767,0.625835293926111
