"","Estimate","X95..CI.Lower","X95..CI.Upper","p.value"
"ACME",2.44053030527838,2.37466325663196,2.50279379687772,0
"ADE",0.33332858631707,0.311947185188286,0.35507769985276,0
"Total Effect",2.77385889159545,2.70847931392097,2.83428159854878,0
"Prop. Mediated",0.879899491585122,0.871423779668623,0.888316406244138,0
