"","Estimate","Std..Error","t.value","Pr...t.."
"X",0.808497386140055,0.00317510954754187,254.636060278923,0
"GF",-0.572614220401621,0.0118109298563263,-48.4817222155386,0
"GM",-0.23097680534436,0.00551082927829982,-41.9132572757942,6.52380054090253e-276
"RW",0.24109719001289,0.00897839216486017,26.8530473592478,7.47572015697205e-136
"GM:RW",-0.0127769511935609,0.0113350686405883,-1.12720545403753,0.259791180162964
