"","Estimate","Std..Error","t.value","Pr...t.."
"GF",-3.0255069494277,0.030659912330598,-98.6795694914071,0
"GM",-0.00776425199151368,0.0234964091455933,-0.330444194404481,0.741098998532964
