"","Estimate","Std..Error","t.value","Pr...t.."
"X",0.799681783488415,0.00329911516781087,242.392806195682,0
"GF",-0.61321398234382,0.0124087720115279,-49.4177813706416,0
"GM",-0.2406779221145,0.00544685988509634,-44.1865454944124,5.9111105182796e-298
"RW",0.258910587207239,0.00900338357946201,28.7570317228126,1.92945306489672e-152
"GM:RW",-0.0129969530784758,0.0113350110438833,-1.14662023955322,0.251676109744948
