"","Estimate","X95..CI.Lower","X95..CI.Upper","p.value"
"ACME",2.39259471558758,2.33162788322087,2.45054496211023,0
"ADE",0.364973728553763,0.342752578760979,0.386046827922265,0
"Total Effect",2.75756844414135,2.6979220273863,2.81223616897143,0
"Prop. Mediated",0.867586194253915,0.85899037696095,0.875740572794971,0
