"","Estimate","Std..Error","t.value","Pr...t.."
"GF",-3.02727140159788,0.0294313060730318,-102.858887542602,0
"GM",-0.034521358039594,0.0225548593135084,-1.53055080325501,0.126038751558327
