"","Estimate","Std..Error","t.value","Pr...t.."
"GF",-3.03038290634012,0.0310082600178328,-97.7282473959311,0
"GM",-0.00251115073082109,0.0237633675013751,-0.105673185026313,0.915852264118813
