"","Estimate","X95..CI.Lower","X95..CI.Upper","p.value"
"ACME",2.42986466038736,2.36837356723328,2.49382009014534,0
"ADE",0.353175881909884,0.331933280335305,0.374883992635671,0
"Total Effect",2.78304054229724,2.72065444933425,2.84339885988251,0
"Prop. Mediated",0.873094625486414,0.865606650535,0.881050057769083,0
