"","Estimate","Std..Error","t.value","Pr...t.."
"X",0.803219208197111,0.00319364093946017,251.505796494731,0
"GF",-0.599274169386553,0.0124713028684506,-48.0522504912115,0
"GM",-0.243989734701256,0.00554370211544015,-44.0120572174509,2.91578721569746e-296
"RW",0.245125068981666,0.00918574303090835,26.6853827890531,2.04054511961659e-134
"GM:RW",-0.0031054806044213,0.0115568401170178,-0.268713642568126,0.788177836711284
