"","Estimate","X95..CI.Lower","X95..CI.Upper","p.value"
"ACME",2.33667881738594,2.2760398855672,2.40102947134928,0
"ADE",0.348404716892845,0.327000696658925,0.369595118947391,0
"Total Effect",2.68508353427878,2.62408873581047,2.74803365772061,0
"Prop. Mediated",0.87031551195009,0.861634546440121,0.878723215802616,0
