"","Estimate","Std..Error","t.value","Pr...t.."
"GF",-2.96258115955748,0.0301709087258014,-98.1933022462778,0
"GM",-0.0412011915715557,0.0231216582771604,-1.78193065037443,0.0749123766589279
