"","Estimate","Std..Error","t.value","Pr...t.."
"X",0.800580121899899,0.00322704177370673,248.084833739327,0
"GF",-0.601933907392191,0.0121162832139379,-49.6797488770944,0
"GM",-0.250355654872518,0.00550200167500528,-45.5026497010796,1.00237952570636e-310
"RW",0.246327612396413,0.00898560776104949,27.413572787384,1.10287174165031e-140
"GM:RW",-0.00412512320636456,0.0113404747052756,-0.363752251433137,0.716081564506847
