"","Estimate","Std..Error","t.value","Pr...t.."
"GF",-3.00075616847338,0.0302410396973603,-99.2279431694047,0
"GM",-0.0109117278671754,0.0231754035711376,-0.470832269810601,0.637811915319059
