"","Estimate","X95..CI.Lower","X95..CI.Upper","p.value"
"ACME",2.39699799738591,2.33004904168319,2.46140766522465,0
"ADE",0.361461001245431,0.339649641705054,0.38151850755592,0
"Total Effect",2.75845899863134,2.69471179184427,2.82068356655379,0
"Prop. Mediated",0.868979367939399,0.860911022362968,0.877236597981117,0
