"","Estimate","Std..Error","t.value","Pr...t.."
"X",0.802254261070471,0.00318045392509228,252.245207748826,0
"GF",-0.617135604231409,0.0119581692959479,-51.6078664683672,0
"GM",-0.24269668858386,0.00534117026706614,-45.4388601090546,4.16797897807321e-310
"RW",0.266577778943643,0.00899120542749373,29.6487252007933,2.25989648223254e-160
"GM:RW",-0.0205196433773145,0.0112645559262497,-1.82161138989045,0.0686636559805336
