"","Estimate","Std..Error","t.value","Pr...t.."
"X",0.799374673995441,0.00327405190796479,244.154551139156,0
"GF",-0.612669012434247,0.0120439447946202,-50.8694636916564,0
"GM",-0.242481281465924,0.00546016905869293,-44.4091160657157,4.09205250772133e-300
"RW",0.249429998633085,0.00894047734216712,27.898957638052,6.65057263893785e-145
"GM:RW",-0.00675108530143114,0.0112746883463382,-0.598782431411843,0.549385960086471
