"","Estimate","Std..Error","t.value","Pr...t.."
"GF",-2.98699416488344,0.0295457835102711,-101.097138407078,0
"GM",-0.0312774149497073,0.0226425897895225,-1.38135324803616,0.167324829055307
