"","Estimate","X95..CI.Lower","X95..CI.Upper","p.value"
"ACME",2.36060767365854,2.30159351172307,2.42199508507226,0
"ADE",0.36630261248876,0.345312135758244,0.388065833299343,0
"Total Effect",2.7269102861473,2.67147356771121,2.7859695931894,0
"Prop. Mediated",0.865731125428958,0.857472773892278,0.873786028723147,0
