"","Estimate","X95..CI.Lower","X95..CI.Upper","p.value"
"ACME",2.37169331293481,2.30908059393317,2.43238412051655,0
"ADE",0.348430890040379,0.325702106421444,0.372719241313997,0
"Total Effect",2.72012420297519,2.65996675535315,2.77925429134587,0
"Prop. Mediated",0.872030607082338,0.862866318964112,0.88050453700434,0
