"","Estimate","Std..Error","t.value","Pr...t.."
"GF",-2.98045206257841,0.0293959559041192,-101.389867106202,0
"GM",-0.0189983587878439,0.0225277684978799,-0.843330700492234,0.399144466087992
