"","Estimate","Std..Error","t.value","Pr...t.."
"X",0.801232044639079,0.00343534345006173,233.232006140371,0
"GF",-0.603904712367992,0.0127615492229474,-47.3222100089597,0
"GM",-0.239608958488047,0.00569095476329844,-42.1034726955325,9.3762919188393e-278
"RW",0.259110778762131,0.00933862527170182,27.7461372764679,1.428647038867e-143
"GM:RW",-0.0249961250986223,0.0117748064327114,-2.12284806900782,0.0338894241216396
