"","Estimate","Std..Error","t.value","Pr...t.."
"X",0.7977645290676,0.00335647891067819,237.678993462351,0
"GF",-0.624643227426849,0.0123343960374937,-50.6423845584395,0
"GM",-0.228537768607773,0.00563974774940662,-40.5226933477332,1.84232719475236e-262
"RW",0.261482356363218,0.00930826658858555,28.0914124960565,1.38289583058649e-146
"GM:RW",-0.0310437777489355,0.0117143555517903,-2.6500627893432,0.00811125424265794
