"","Estimate","X95..CI.Lower","X95..CI.Upper","p.value"
"ACME",2.3786865721081,2.31609142809479,2.44020757975106,0
"ADE",0.375929582449086,0.354356007963331,0.397731817415964,0
"Total Effect",2.75461615455719,2.69371256635348,2.81321979897419,0
"Prop. Mediated",0.863603414689967,0.85454237610453,0.871826233975261,0
