"","Estimate","Std..Error","t.value","Pr...t.."
"GF",-3.01168362798979,0.0299131962639936,-100.68076983184,0
"GM",-0.0320477533679422,0.0229241587742504,-1.39799037703141,0.162271129378314
