"","Estimate","X95..CI.Lower","X95..CI.Upper","p.value"
"ACME",2.38493122104713,2.32350682787826,2.4470310937201,0
"ADE",0.371372300766951,0.350872270215969,0.391853928881026,0
"Total Effect",2.75630352181408,2.69384490313177,2.81723081013107,0
"Prop. Mediated",0.865322710063315,0.85756818467822,0.872856225787032,0
