"","Estimate","Std..Error","t.value","Pr...t.."
"X",0.797860765656511,0.00314165793654882,253.961692129022,0
"GF",-0.618287477179395,0.0117131726409298,-52.7856539071992,0
"GM",-0.236817138184592,0.00531956687798191,-44.5181240534442,3.58222644542773e-301
"RW",0.251418078650251,0.00879054403426017,28.6009691402918,4.60732155576045e-151
"GM:RW",-0.015931317563045,0.0110610542163264,-1.44030733883665,0.1499373746029
