"","Estimate","Std..Error","t.value","Pr...t.."
"GF",-2.97881905608525,0.0301584061732613,-98.7724297819923,0
"GM",0.00956196944861376,0.0231120768704465,0.413721774214099,0.67912228167738
