"","Estimate","Std..Error","t.value","Pr...t.."
"X",0.80439770202882,0.00325337488859521,247.250233856742,0
"GF",-0.601380254391804,0.0120645686384797,-49.8468094809219,0
"GM",-0.23151494788196,0.00564843768645472,-40.9874306371736,5.94393514201416e-267
"RW",0.246433379693211,0.00900581390129507,27.3638099114809,2.97348395798742e-140
"GM:RW",-0.0103464796477268,0.0114323516675694,-0.905017615673688,0.365565333237927
