"","Estimate","Std..Error","t.value","Pr...t.."
"GF",-2.99676922284482,0.0302561689618583,-99.0465523451636,0
"GM",0.0109293863572783,0.023186997974438,0.471358403935135,0.637436277699045
