"","Estimate","X95..CI.Lower","X95..CI.Upper","p.value"
"ACME",2.4198177410766,2.35633382481986,2.48341058927177,0
"ADE",0.363580781554873,0.341163948686474,0.384567324493931,0
"Total Effect",2.78339852263148,2.7192182665372,2.84586363001565,0
"Prop. Mediated",0.869310575160039,0.861536849013894,0.877450703001313,0
