"","Estimate","Std..Error","t.value","Pr...t.."
"GF",-2.98031694029423,0.0304843609728519,-97.7654392345103,0
"GM",0.0229210806903323,0.0233618743014232,0.981131924373721,0.326646474939657
