"","Estimate","X95..CI.Lower","X95..CI.Upper","p.value"
"ACME",2.41232343557422,2.3513006596128,2.47633053974173,0
"ADE",0.343867154317312,0.319768314000536,0.366194034219569,0
"Total Effect",2.75619058989153,2.69566710215729,2.81842750377306,0
"Prop. Mediated",0.875311525618228,0.866788037103939,0.88367561345135,0
