"","Estimate","Std..Error","t.value","Pr...t.."
"X",0.803639018664088,0.00323337650505624,248.544831512008,0
"GF",-0.576643918149753,0.0120175712432949,-47.9833991807194,0
"GM",-0.252344643368163,0.00549889926902629,-45.8900283534102,1.75005041402474e-314
"RW",0.226356407424448,0.00918044731810868,24.6563592797874,2.16375930298655e-117
"GM:RW",0.0312669496802185,0.0115182528870886,2.71455662475229,0.00669360668896033
