"","Estimate","X95..CI.Lower","X95..CI.Upper","p.value"
"ACME",2.38658162821405,2.32233063758862,2.4513789465283,0
"ADE",0.370811247075221,0.350740080451333,0.390855676499762,0
"Total Effect",2.75739287528927,2.69440281223644,2.82198411113891,0
"Prop. Mediated",0.865684351546244,0.857717836967816,0.873143717009756,0
