"","Estimate","Std..Error","t.value","Pr...t.."
"GF",-2.97009120698682,0.0318953947591133,-93.1197506542286,0
"GM",0.0139139390185012,0.0244432285728497,0.569234910070601,0.56926071702273
