"","Estimate","Std..Error","t.value","Pr...t.."
"X",0.800579681548418,0.00308879121038992,259.188668646644,0
"GF",-0.605179077005621,0.0116280470196313,-52.0447738114503,0
"GM",-0.243395894903474,0.00553702336390972,-43.9578955887971,9.77860793535216e-296
"RW",0.235075439353726,0.00913339538382816,25.7380119303668,2.20188883874899e-126
"GM:RW",0.0134615385891794,0.0114968366879028,1.17089065058599,0.241782569411532
