"","Estimate","Std..Error","t.value","Pr...t.."
"X",0.79610405620302,0.00317007122922611,251.131283380458,0
"GF",-0.618874429792291,0.0121128154254115,-51.0925336560446,0
"GM",-0.245840874346196,0.00552527657047775,-44.4938585807187,6.1605612374463e-301
"RW",0.237615947312971,0.00927005896655732,25.6326252260309,1.68875951240513e-125
"GM:RW",0.0104201524421888,0.0116177859375138,0.896913792200463,0.369873137630295
