"","Estimate","X95..CI.Lower","X95..CI.Upper","p.value"
"ACME",2.33399579709023,2.27169770745738,2.39709788829814,0
"ADE",0.379615338505514,0.359394571692087,0.400526463573516,0
"Total Effect",2.71361113559574,2.65087221991762,2.77562834872018,0
"Prop. Mediated",0.860234725445133,0.852146545743094,0.868026443055138,0
