"","Estimate","Std..Error","t.value","Pr...t.."
"GF",-2.95404906327189,0.0313168285145627,-94.3278487442692,0
"GM",-0.0222170829549624,0.0239998408340588,-0.925717929071994,0.354704384269425
