"","Estimate","Std..Error","t.value","Pr...t.."
"X",0.804313283605678,0.00334046028704791,240.7791784636,0
"GF",-0.587680170349343,0.0125379029241214,-46.8722858923015,0
"GM",-0.235046368595732,0.00574249358563912,-40.9310633247443,2.08477094646726e-266
"RW",0.240392866019719,0.00931851132744671,25.7973465473682,6.98001315254238e-127
"GM:RW",-0.00933281891336104,0.0117740076111429,-0.79266289114069,0.428068506317057
