"","Estimate","X95..CI.Lower","X95..CI.Upper","p.value"
"ACME",2.39604455028069,2.33107677355779,2.4603699077934,0
"ADE",0.347000570159992,0.323899362316442,0.367796748045045,0
"Total Effect",2.74304512044068,2.67902933158567,2.80625893232616,0
"Prop. Mediated",0.873406723097254,0.865271830436023,0.881798353358802,0
