"","Estimate","Std..Error","t.value","Pr...t.."
"GF",-3.00022303806895,0.0302927495227825,-99.0409614621663,0
"GM",-0.0213691097816602,0.023215031708422,-0.920485918350388,0.357430010110289
