"","Estimate","X95..CI.Lower","X95..CI.Upper","p.value"
"ACME",2.45537365384921,2.39427511530406,2.51800251250424,0
"ADE",0.360153491265394,0.336873927937424,0.382223495460409,0
"Total Effect",2.8155271451146,2.75890779112105,2.8773339093495,0
"Prop. Mediated",0.872081676114167,0.863809997038642,0.879938093346923,0
