"","Estimate","Std..Error","t.value","Pr...t.."
"X",0.800228416398703,0.00316883523994383,252.530774182153,0
"GF",-0.601934942764964,0.0119461690294261,-50.3872782380915,0
"GM",-0.246501893386852,0.00553631051203323,-44.5245787516935,3.10111517272759e-301
"RW",0.24375644449592,0.00888956619300733,27.4205106530016,9.60381535533667e-141
"GM:RW",0.00588239838939997,0.0112640169041767,0.522229186926983,0.601568746449534
