"","Estimate","Std..Error","t.value","Pr...t.."
"GF",-3.04556920692356,0.0305975954552803,-99.536227001066,0
"GM",0.022465078226125,0.0234486522315046,0.95805413481044,0.338151373442703
