"","Estimate","Std..Error","t.value","Pr...t.."
"X",0.801829083747587,0.00326788851340392,245.366107337725,0
"GF",-0.602366059727792,0.0122132710061626,-49.3206168457122,0
"GM",-0.247500828537627,0.00559584942551541,-44.2293581755609,2.27111965953008e-298
"RW",0.247311553476594,0.00907651185135369,27.2474225260566,3.01519691455203e-139
"GM:RW",-0.00256458480697938,0.0114703561478485,-0.223583712129149,0.823104130432239
