"","Estimate","Std..Error","t.value","Pr...t.."
"GF",-3.00722743518561,0.0301624112551174,-99.7011614804304,0
"GM",-0.0311110475507692,0.0231151461891367,-1.34591610609801,0.178482268559623
