"","Estimate","X95..CI.Lower","X95..CI.Upper","p.value"
"ACME",2.38598990863388,2.32420523112523,2.44550226642389,0
"ADE",0.35338977488728,0.332746138613139,0.374406114624036,0
"Total Effect",2.73937968352116,2.68098242352496,2.79371446415215,0
"Prop. Mediated",0.871002849319485,0.863155714087797,0.878886123448271,0
