"","Estimate","Std..Error","t.value","Pr...t.."
"GF",-3.05360617108192,0.0307898885095028,-99.1756163761189,0
"GM",0.00421993698298647,0.0235960171759684,0.178841070995842,0.858080627395368
