"","Estimate","Std..Error","t.value","Pr...t.."
"X",0.801051510513005,0.00317985315722638,251.914623382081,0
"GF",-0.616472646529135,0.0121880636589449,-50.580031724457,0
"GM",-0.237172407181345,0.00555279543163993,-42.7122536929655,1.18084903441487e-283
"RW",0.25353270166861,0.00901429104903656,28.1256396414788,6.93615527070699e-147
"GM:RW",-0.0168272541349958,0.0113967754396199,-1.4764925591582,0.139969532819697
