"","Estimate","X95..CI.Lower","X95..CI.Upper","p.value"
"ACME",2.44854761309939,2.38242974933183,2.51014068898423,0
"ADE",0.368971540450849,0.346929837136005,0.390421726174499,0
"Total Effect",2.81751915355024,2.7539331028311,2.87959679227526,0
"Prop. Mediated",0.869080207968837,0.861223002186284,0.877181470243356,0
