"","Estimate","Std..Error","t.value","Pr...t.."
"GF",-2.91776279147876,0.0308740155381569,-94.5054519349038,0
"GM",0.0121894862686231,0.0236604884329032,0.515183205249132,0.606481995500547
