"","Estimate","X95..CI.Lower","X95..CI.Upper","p.value"
"ACME",2.35548176885514,2.29076424994939,2.4205253246923,0
"ADE",0.349855021939872,0.327816489145681,0.370311101644639,0
"Total Effect",2.70533679079501,2.64093986517349,2.77027726294349,0
"Prop. Mediated",0.870602051850593,0.862502639746478,0.879430076978702,0
