"","Estimate","Std..Error","t.value","Pr...t.."
"X",0.804180841559691,0.0031851743567649,252.476238813023,0
"GF",-0.592896882994828,0.0113621880670819,-52.1815762504886,0
"GM",-0.224525767496596,0.00557671253793004,-40.2613127303017,6.1554821256378e-260
"RW",0.256037853015566,0.00904128317278646,28.318751677441,1.40421065377744e-148
"GM:RW",-0.0291829433325545,0.0114383481557075,-2.55132497588761,0.010805454703376
