"","Estimate","Std..Error","t.value","Pr...t.."
"X",0.800654515219708,0.00312189272901843,256.464454328463,0
"GF",-0.619125881906702,0.0117757463219885,-52.5763603407985,0
"GM",-0.243130146163279,0.00542515517873748,-44.8153348896204,4.67817435011778e-304
"RW",0.256724030826294,0.00896473677408872,28.6370963582911,2.21169760769147e-151
"GM:RW",-0.0104312202834853,0.0112815835956915,-0.924623763588383,0.355273470939885
