"","Estimate","Std..Error","t.value","Pr...t.."
"GF",-2.99135335063312,0.0309552023004879,-96.6349152428564,0
"GM",-0.0127294047945005,0.023722706398968,-0.536591592056051,0.591609492844615
