"","Estimate","X95..CI.Lower","X95..CI.Upper","p.value"
"ACME",2.38499529264084,2.32581735829713,2.44936502477141,0
"ADE",0.369979993695506,0.348511558229808,0.392982948490526,0
"Total Effect",2.75497528633635,2.69530004869082,2.8157340569802,0
"Prop. Mediated",0.8658329777831,0.857029500802682,0.873552306286135,0
