"","Estimate","Std..Error","t.value","Pr...t.."
"X",0.804945707533775,0.00322536365741428,249.567426508144,0
"GF",-0.578398910977188,0.012209384981786,-47.3733043752855,0
"GM",-0.233331504739931,0.00542434002410939,-43.0156486693035,1.35044198734288e-286
"RW",0.229443538861678,0.00906388952368673,25.3140264190192,7.7842346295203e-123
"GM:RW",-0.000814564470228303,0.0113746778178016,-0.0716120916368722,0.942917795059777
