"","Estimate","X95..CI.Lower","X95..CI.Upper","p.value"
"ACME",2.4506180505489,2.39199365190496,2.51455471094964,0
"ADE",0.344472118208456,0.3230393082802,0.365404700496085,0
"Total Effect",2.79509016875735,2.73773930665402,2.85633387866955,0
"Prop. Mediated",0.876681587237981,0.868913439598812,0.884999358459882,0
