"","Estimate","Std..Error","t.value","Pr...t.."
"GF",-3.03823511900416,0.0301436730673446,-100.791801722915,0
"GM",0.00595007020333627,0.0231007860656696,0.257570031877779,0.796765284753184
