"","Estimate","Std..Error","t.value","Pr...t.."
"X",0.799309891720367,0.00311514557999581,256.588294573842,0
"GF",-0.601000593676641,0.01180264912575,-50.920821865782,0
"GM",-0.231963459575338,0.00552024259877698,-42.0205191030426,5.96485572280158e-277
"RW",0.241381690339535,0.00900648726382633,26.8008695586592,2.0942170988345e-135
"GM:RW",-0.0048789641598695,0.0113679394030091,-0.429186327170081,0.667833974774963
