"","Estimate","Std..Error","t.value","Pr...t.."
"GF",-3.03373807763897,0.0313250423704672,-96.8470542437042,0
"GM",-0.0103951902910253,0.0240061355721818,-0.43302222716226,0.665045361535166
