"","Estimate","X95..CI.Lower","X95..CI.Upper","p.value"
"ACME",2.41592372121575,2.35012908910572,2.47650431346246,0
"ADE",0.365899591988772,0.346693503681791,0.387471098137601,0
"Total Effect",2.78182331320452,2.71863001916179,2.84597154345637,0
"Prop. Mediated",0.868613310264681,0.860316225415433,0.875425657536797,0
