"","Estimate","Std..Error","t.value","Pr...t.."
"X",0.800444906006199,0.00307136126821972,260.615680183455,0
"GF",-0.611952238792845,0.0118877462360819,-51.4775657757091,0
"GM",-0.235241482544123,0.00538936465961512,-43.6492049437462,9.66588734137431e-293
"RW",0.250178381121176,0.00899424636904795,27.8153800614268,3.56257805489277e-144
"GM:RW",-0.0127895619950883,0.0112858607650881,-1.13323762017796,0.257250647133282
