"","Estimate","Std..Error","t.value","Pr...t.."
"GF",-3.01322230513312,0.0314452725398035,-95.8243342085514,0
"GM",0.0104712075237052,0.0240982746892122,0.434521045956569,0.663957037203932
