"","Estimate","X95..CI.Lower","X95..CI.Upper","p.value"
"ACME",2.41922834590793,2.36113614652503,2.48014168136122,0
"ADE",0.368432306634408,0.348009629369186,0.389066603923167,0
"Total Effect",2.78766065254234,2.72779094394014,2.84844809928896,0
"Prop. Mediated",0.867804290507604,0.86040510826867,0.875180514416011,0
