"","Estimate","Std..Error","t.value","Pr...t.."
"X",0.797211367192763,0.00323813274725055,246.194776254823,0
"GF",-0.649335052547266,0.0120330604528143,-53.9625854198545,0
"GM",-0.228632343573698,0.00547620307531591,-41.7501579888924,2.4768712045786e-274
"RW",0.266553504799253,0.00885861050264166,30.089764610349,2.49139766644447e-164
"GM:RW",-0.0336679878892895,0.0112052548628464,-3.00466060802627,0.0026918849315395
