"","Estimate","X95..CI.Lower","X95..CI.Upper","p.value"
"ACME",2.38152392614558,2.32039453791361,2.44358707335514,0
"ADE",0.399267213150301,0.376606210578648,0.419939128869227,0
"Total Effect",2.78079113929588,2.72194250232065,2.83936880796446,0
"Prop. Mediated",0.856347527372133,0.847951878766387,0.864686114465306,0
