"","Estimate","Std..Error","t.value","Pr...t.."
"GF",-2.98292760545345,0.0297444765320201,-100.285093343038,0
"GM",0.00441711822908333,0.0227948593877864,0.19377694566741,0.846370237156726
