"","Estimate","X95..CI.Lower","X95..CI.Upper","p.value"
"ACME",2.39297726544596,2.33357907109405,2.45326400897044,0
"ADE",0.367690048250031,0.347466733422539,0.388492173825781,0
"Total Effect",2.76066731369599,2.70262473354794,2.81900090977372,0
"Prop. Mediated",0.866895250925779,0.859127668673971,0.874502001406593,0
