"","Estimate","Std..Error","t.value","Pr...t.."
"X",0.797768969811961,0.00325618516720353,245.001106769705,0
"GF",-0.604094286392588,0.0121446051641552,-49.741780669459,0
"GM",-0.24162147514693,0.00542380835929373,-44.548306123853,1.82503803855459e-301
"RW",0.240405774975014,0.00913005020811083,26.3312653813716,2.13225525265622e-131
"GM:RW",0.00839319426122728,0.0114363602203225,0.733904327909547,0.463093288448614
