"","Estimate","Std..Error","t.value","Pr...t.."
"GF",-2.98173130053904,0.0299779955804633,-99.4639982695255,0
"GM",0.0164549131784269,0.0229738181221215,0.716246341420387,0.47392295742577
