"","Estimate","Std..Error","t.value","Pr...t.."
"X",0.804741960875684,0.00333807102024001,241.079939880315,0
"GF",-0.591419790380218,0.0127487941969098,-46.3902531679092,2.4642018151978e-319
"GM",-0.234764526276588,0.00544186102647964,-43.1404854211167,8.31437540327005e-288
"RW",0.236079297309,0.00927521691054322,25.4526982588026,5.41903636532236e-124
"GM:RW",-0.00364890027795078,0.01158366325234,-0.315004001623897,0.752791558670566
