"","Estimate","X95..CI.Lower","X95..CI.Upper","p.value"
"ACME",2.41383225558743,2.35181360084836,2.47348170684092,0
"ADE",0.355159178091521,0.333046210139541,0.376930256661358,0
"Total Effect",2.76899143367895,2.71140624654913,2.82760629777521,0
"Prop. Mediated",0.871741597616899,0.863601150850238,0.879581467635724,0
