"","Estimate","Std..Error","t.value","Pr...t.."
"GF",-3.02335211300164,0.0295421347787252,-102.340339845004,0
"GM",-0.0254505052025942,0.0226397935620467,-1.12414917268766,0.261084787065673
