"","Estimate","Std..Error","t.value","Pr...t.."
"X",0.804761287357715,0.0033102921320865,243.108842134265,0
"GF",-0.581168223457998,0.0126530474739341,-45.9310869302618,6.99498068260321e-315
"GM",-0.236248473019154,0.00550994907049733,-42.8767072066295,3.00438768376578e-285
"RW",0.221899864152856,0.00900753221701009,24.6349231739426,3.24627994093961e-117
"GM:RW",0.00919095658762079,0.0113830302117749,0.80742617884941,0.419517243951131
