"","Estimate","X95..CI.Lower","X95..CI.Upper","p.value"
"ACME",2.43661647890901,2.37673392930803,2.49900231271781,0
"ADE",0.350551599457482,0.328852437229035,0.372778926551565,0
"Total Effect",2.78716807836649,2.72871679901863,2.84562686749546,0
"Prop. Mediated",0.874260078662563,0.866188829986852,0.882408283362701,0
