"","Estimate","Std..Error","t.value","Pr...t.."
"GF",-3.04697668556852,0.0295172684480775,-103.226919216062,0
"GM",-0.0194165975906879,0.0226207370992444,-0.858353885883606,0.390800040196237
