"","Estimate","Std..Error","t.value","Pr...t.."
"X",0.797614760734199,0.00329869453446708,241.79709651808,0
"GF",-0.612141072972303,0.0124080998823408,-49.3339897951258,0
"GM",-0.241330364228679,0.00574967168751255,-41.9728946876765,1.72541459965092e-276
"RW",0.246214873979552,0.00918513418352833,26.805800444493,1.90003692750882e-135
"GM:RW",-0.00500700562677613,0.0116508741520957,-0.429753644354274,0.667421267864067
