"","Estimate","X95..CI.Lower","X95..CI.Upper","p.value"
"ACME",2.40990266897118,2.34546835119774,2.47291867791572,0
"ADE",0.367473418382444,0.344925865358471,0.391345334888355,0
"Total Effect",2.77737608735363,2.71595286929547,2.83665233562564,0
"Prop. Mediated",0.867810734608745,0.8586199171153,0.87581863198518,0
