"","Estimate","Std..Error","t.value","Pr...t.."
"GF",-3.03540808009144,0.0304135277622555,-99.8045377642284,0
"GM",-0.0117167529022808,0.0233075908423147,-0.502701157813754,0.615229798869883
