"","Estimate","X95..CI.Lower","X95..CI.Upper","p.value"
"ACME",2.40010986282756,2.33732869886827,2.46631623693039,0
"ADE",0.370585255815816,0.350332473270203,0.391482581466993,0
"Total Effect",2.77069511864337,2.70814193359979,2.83770918252322,0
"Prop. Mediated",0.866326997812599,0.858491481995105,0.874218034453059,0
