"","Estimate","Std..Error","t.value","Pr...t.."
"GF",-2.99494867839777,0.0316765760728748,-94.5477399927196,0
"GM",0.00243740653639763,0.0242755355499499,0.100405881113616,0.920032174483905
