"","Estimate","Std..Error","t.value","Pr...t.."
"X",0.795476105728697,0.00327780105013858,242.685902396384,0
"GF",-0.612998421510854,0.0121916968686042,-50.2799920402741,0
"GM",-0.243406085398385,0.00546918471483312,-44.5050035955519,4.80254395597379e-301
"RW",0.244062919748542,0.00906878204312201,26.9124253497354,2.31236965631457e-136
"GM:RW",-0.00315057695136939,0.0114006292303204,-0.276351145863976,0.782307001179373
