"","Estimate","Std..Error","t.value","Pr...t.."
"GF",-3.01195126718195,0.0297791049067692,-101.143109459186,0
"GM",0.0152186171706524,0.0228213970520948,0.666857385457718,0.504940233230147
