"","Estimate","X95..CI.Lower","X95..CI.Upper","p.value"
"ACME",2.40905698246798,2.34860555098402,2.46877459129954,0
"ADE",0.367961650885418,0.345394649483137,0.390209457774104,0
"Total Effect",2.7770186333534,2.71992190900042,2.8330248712549,0
"Prop. Mediated",0.867461599981312,0.859501471579315,0.875930997681502,0
