"","Estimate","X95..CI.Lower","X95..CI.Upper","p.value"
"ACME",2.41128466721486,2.34794590755083,2.47726504102187,0
"ADE",0.360349886019119,0.337411333237249,0.381970814926939,0
"Total Effect",2.77163455323398,2.70968965263926,2.83470442409243,0
"Prop. Mediated",0.869708380947767,0.861835990451162,0.878839786902407,0
