"","Estimate","Std..Error","t.value","Pr...t.."
"GF",-3.00599675418554,0.0303799982838596,-98.9465741932772,0
"GM",-0.00261613279105171,0.0232818953238691,-0.112367689771785,0.910543160588706
