"","Estimate","Std..Error","t.value","Pr...t.."
"X",0.802414063839213,0.00327961321430948,244.667285867172,0
"GF",-0.615155078681181,0.0121396724573075,-50.6731199580996,0
"GM",-0.245247481029855,0.00562199871594418,-43.6228276492353,1.74236412271428e-292
"RW",0.255155849171071,0.00920821518312245,27.7095880251301,2.97188115884361e-143
"GM:RW",-0.0153463611559287,0.0116093158935955,-1.3219005578438,0.18635281703303
