"","Estimate","X95..CI.Lower","X95..CI.Upper","p.value"
"ACME",2.39498399722934,2.32497528625911,2.46062697166241,0
"ADE",0.379278073391993,0.357147672686727,0.401000452735368,0
"Total Effect",2.77426207062134,2.70714994318112,2.83660515366828,0
"Prop. Mediated",0.863309429800473,0.855344233472117,0.871483851873173,0
