"","Estimate","Std..Error","t.value","Pr...t.."
"X",0.797989839208057,0.0032295551987839,247.089704337162,0
"GF",-0.622957253034133,0.0123225775064467,-50.5541355051916,0
"GM",-0.232768092171616,0.00551102536665184,-42.2368028969955,4.78933320775542e-279
"RW",0.258833977849857,0.00942490331340242,27.4627727460917,4.13343208081557e-141
"GM:RW",-0.0164185133379281,0.0117614904306053,-1.3959551669748,0.162883318105115
