"","Estimate","Std..Error","t.value","Pr...t.."
"GF",-2.99120563284731,0.0309692926679816,-96.5861786032923,0
"GM",0.00837580818822859,0.0237335046372693,0.352910719096912,0.724192601032484
