"","Estimate","Std..Error","t.value","Pr...t.."
"X",0.799597899188116,0.00316890057945879,252.326596918568,0
"GF",-0.615622312354461,0.0119425033603085,-51.5488498333197,0
"GM",-0.234679106104683,0.00551031785556796,-42.5890324761481,1.84797542953438e-282
"RW",0.251482829408281,0.00894293454748328,28.120839761603,7.6410474468402e-147
"GM:RW",-0.016339167816491,0.0113025878473583,-1.44561299033034,0.148442845042151
