"","Estimate","X95..CI.Lower","X95..CI.Upper","p.value"
"ACME",2.40511328349661,2.33946914232765,2.47523361436598,0
"ADE",0.370566577454469,0.350567950544065,0.391946516841558,0
"Total Effect",2.77567986095108,2.7131637424989,2.84333782552172,0
"Prop. Mediated",0.866598887786687,0.858347073678815,0.874209828697713,0
