"","Estimate","Std..Error","t.value","Pr...t.."
"GF",-3.01889008211569,0.0306412879514746,-98.5236027577101,0
"GM",-0.0131909965957363,0.0234821362400726,-0.561746020927418,0.574352079386476
