"","Estimate","Std..Error","t.value","Pr...t.."
"GF",-3.02714975142557,0.030579172277735,-98.9938420808618,0
"GM",-0.0131278319577668,0.0234345335180294,-0.560191733608302,0.575411467174672
