"","Estimate","X95..CI.Lower","X95..CI.Upper","p.value"
"ACME",2.40043132229683,2.34203742168831,2.46394058832924,0
"ADE",0.36816382660443,0.345231357293321,0.389887355663259,0
"Total Effect",2.76859514890126,2.71120027068527,2.83261723564023,0
"Prop. Mediated",0.867072203392025,0.858903089643498,0.875514378472033,0
