"","Estimate","Std..Error","t.value","Pr...t.."
"X",0.79670450882501,0.00329645037495031,241.685576363946,0
"GF",-0.610433747191602,0.012613931735222,-48.3936142992657,0
"GM",-0.243236460521893,0.00562834550322563,-43.2163342464483,1.52827650863458e-288
"RW",0.242153766726469,0.00938741209342819,25.7955828844451,7.22262309989226e-127
"GM:RW",0.00108232953253183,0.011781997204658,0.0918629934917936,0.926816116910331
