"","Estimate","X95..CI.Lower","X95..CI.Upper","p.value"
"ACME",2.38802659630952,2.32591157252615,2.45190517675058,0
"ADE",0.362818446800246,0.341591193003258,0.3849318307499,0
"Total Effect",2.75084504310976,2.68602793333016,2.81200258980931,0
"Prop. Mediated",0.868011411179891,0.859658253214455,0.876178894359039,0
