"","Estimate","Std..Error","t.value","Pr...t.."
"X",0.799159208577752,0.00315756827207428,253.093247625257,0
"GF",-0.60741873540329,0.0118063639194694,-51.4484171033911,0
"GM",-0.242918098846718,0.0053345392818619,-45.5368469537135,4.66932115992636e-311
"RW",0.249961282749381,0.00883156029468549,28.3031847611116,1.92373202713923e-148
"GM:RW",-0.0030114996025,0.0111078631879269,-0.271114214457844,0.786331237377215
