"","Estimate","Std..Error","t.value","Pr...t.."
"GF",-3.01219010768957,0.0301259780474346,-99.9864669272064,0
"GM",-0.0240311349116636,0.0230872253801999,-1.04088449417023,0.298055093947727
