"","Estimate","X95..CI.Lower","X95..CI.Upper","p.value"
"ACME",2.39440895631314,2.33013042220145,2.46279360257256,0
"ADE",0.364321853097162,0.340613111580835,0.386119971013812,0
"Total Effect",2.7587308094103,2.69691031774928,2.82286142047448,0
"Prop. Mediated",0.8678609080768,0.859626738113473,0.876718541585305,0
