"","Estimate","Std..Error","t.value","Pr...t.."
"X",0.798684456581186,0.00315303204242769,253.306799878328,0
"GF",-0.606404715580821,0.0122605662494373,-49.4597641938968,0
"GM",-0.239099439585685,0.00545858101448559,-43.8024898689203,3.14844570420337e-294
"RW",0.245223305401516,0.00927299755791907,26.444879756503,2.30300626136928e-132
"GM:RW",-0.00512238722420713,0.011584249074673,-0.442185522012503,0.658402892304909
