"","Estimate","Std..Error","t.value","Pr...t.."
"GF",-2.98743421739423,0.0313324173131271,-95.3464326591427,0
"GM",0.0123406396609969,0.0240117874040688,0.513940901330229,0.607350143208951
