"","Estimate","Std..Error","t.value","Pr...t.."
"X",0.797929562749369,0.00323356410337316,246.764726858822,0
"GF",-0.622789615462009,0.0119356769260045,-52.1788264983215,0
"GM",-0.246355040403739,0.00549022726148835,-44.871556070514,1.33205574070623e-304
"RW",0.256122042988981,0.00905209288830461,28.2942349519958,2.30531062404248e-148
"GM:RW",-0.00794773003314122,0.0113982316565597,-0.697277461330356,0.48571041626242
