"","Estimate","Std..Error","t.value","Pr...t.."
"GF",-2.94489066463799,0.0302161872041819,-97.4606969680948,0
"GM",-0.00166627614456404,0.0231563577127635,-0.0719576094493312,0.942642845106352
