"","Estimate","X95..CI.Lower","X95..CI.Upper","p.value"
"ACME",2.34845021276705,2.28306997399382,2.41085423903222,0
"ADE",0.371568306757377,0.35010514786727,0.392276532228842,0
"Total Effect",2.72001851952443,2.65943368004861,2.78238878274482,0
"Prop. Mediated",0.863476079205619,0.855254355665364,0.871254246907003,0
