"","Estimate","Std..Error","t.value","Pr...t.."
"GF",-3.0295913488595,0.0306151003087331,-98.9574203026633,0
"GM",0.0058751547360374,0.0234620671817604,0.250410788210717,0.802295433309141
