"","Estimate","Std..Error","t.value","Pr...t.."
"X",0.796749858730284,0.00318079033634634,250.488015392263,0
"GF",-0.623621751075556,0.0118384336895836,-52.6777247250428,0
"GM",-0.248312788329561,0.00556080649549509,-44.6540962234029,1.71673438044888e-302
"RW",0.243619679067084,0.00892685005184341,27.2906655373667,1.27570721187135e-139
"GM:RW",0.00122910171449734,0.0113168057825102,0.108608536553387,0.913523911695756
