"","Estimate","X95..CI.Lower","X95..CI.Upper","p.value"
"ACME",2.41772181805578,2.35253107180782,2.47927371462371,0
"ADE",0.376289032991858,0.354119631606476,0.397903654610169,0
"Total Effect",2.79401085104764,2.72971089115586,2.85356377092677,0
"Prop. Mediated",0.86532080240484,0.857476574558067,0.873389705863695,0
