"","Estimate","X95..CI.Lower","X95..CI.Upper","p.value"
"ACME",2.452380437682,2.38757794333096,2.51527889499561,0
"ADE",0.338786346808935,0.314955088553811,0.36336374836023,0
"Total Effect",2.79116678449093,2.73071488241756,2.84987321976835,0
"Prop. Mediated",0.878655713101085,0.869544544210306,0.886921718792196,0
