"","Estimate","Std..Error","t.value","Pr...t.."
"GF",-3.06343438607991,0.0300503500860353,-101.943384263717,0
"GM",-0.0119447390993752,0.0230292674348305,-0.518676468245335,0.604043812124039
