"","Estimate","Std..Error","t.value","Pr...t.."
"X",0.804240258116203,0.00333283448956134,241.308189961169,0
"GF",-0.586965533188059,0.0125643514038302,-46.7167396328254,1.77863632502849e-322
"GM",-0.236049291053368,0.00561685422152707,-42.0251766814046,5.37631385536446e-277
"RW",0.251415806174637,0.00929933360573813,27.0358949182661,2.00790143745184e-137
"GM:RW",-0.0194341279726586,0.0116956755590772,-1.66165074214764,0.0967399356404119
