"","Estimate","X95..CI.Lower","X95..CI.Upper","p.value"
"ACME",2.42107763011,2.36204288669678,2.4815706730754,0
"ADE",0.35902226218184,0.335230610244497,0.381228048500155,0
"Total Effect",2.78009989229184,2.72129594506082,2.84080899801075,0
"Prop. Mediated",0.870826984449481,0.862314900527211,0.879704452834356,0
