"","Estimate","Std..Error","t.value","Pr...t.."
"GF",-3.0041216839433,0.0292341649500021,-102.760646287695,0
"GM",0.0238724303135267,0.0224037790222088,1.06555373046048,0.286754170632338
