"","Estimate","Std..Error","t.value","Pr...t.."
"X",0.798937703443501,0.00334821837639028,238.615769233319,0
"GF",-0.608406480468362,0.0124086896649736,-49.0306790559627,0
"GM",-0.242886213434495,0.0054439156690426,-44.6160866921016,4.01366488833397e-302
"RW",0.249587823461774,0.00914887195150828,27.2807210314739,1.55482933237153e-139
"GM:RW",-0.0105990406650143,0.0114651725890319,-0.924455395913865,0.355361065955144
