"","Estimate","Std..Error","t.value","Pr...t.."
"X",0.795090964546531,0.00321589974228445,247.237485078353,0
"GF",-0.610508300295044,0.0119928127780461,-50.9061811931755,0
"GM",-0.250854768320564,0.00547348104933355,-45.8309375805929,6.55001812844005e-314
"RW",0.239684532376513,0.0090760587169252,26.4084378310097,4.70470552997181e-132
"GM:RW",0.00609176562363646,0.0114103809303946,0.533879250902956,0.593484557590954
