"","Estimate","Std..Error","t.value","Pr...t.."
"GF",-2.99466008715881,0.0303708988399757,-98.6029456335052,0
"GM",-0.035971179248603,0.023274921910045,-1.54549086727885,0.122385941965923
