"","Estimate","X95..CI.Lower","X95..CI.Upper","p.value"
"ACME",2.35243921701323,2.29417847125918,2.41336683549076,0
"ADE",0.363743123532773,0.342013826833865,0.384955772432427,0
"Total Effect",2.716182340546,2.65919504342284,2.77428051430338,0
"Prop. Mediated",0.866180324571698,0.85714677003944,0.874448357338504,0
