"","Estimate","Std..Error","t.value","Pr...t.."
"GF",-3.01757734452712,0.0306845374175135,-98.3419532603028,0
"GM",-0.00415803688550214,0.0235152807298031,-0.176822761900192,0.859665530944642
