"","Estimate","X95..CI.Lower","X95..CI.Upper","p.value"
"ACME",2.40557824544215,2.34151112905091,2.46656001001399,0
"ADE",0.370614927393821,0.34816141232408,0.39329324681708,0
"Total Effect",2.77619317283597,2.71535759429192,2.83735781015324,0
"Prop. Mediated",0.86648649462718,0.858365471957233,0.874528617944041,0
