"","Estimate","Std..Error","t.value","Pr...t.."
"X",0.798428418187486,0.00324637632030263,245.944505322494,0
"GF",-0.623265212369329,0.0124852748425267,-49.9200234060044,0
"GM",-0.246842453812863,0.00563975011397414,-43.7683317211587,6.7530816916291e-294
"RW",0.259423424768831,0.00917462305999645,28.2761943539652,3.31974705439175e-148
"GM:RW",-0.0102709907014962,0.0115851123118627,-0.886568073317603,0.375418346232122
