"","Estimate","Std..Error","t.value","Pr...t.."
"X",0.803658627453945,0.00327487643248625,245.401206433861,0
"GF",-0.601487956956727,0.0123559506238603,-48.6800227086702,0
"GM",-0.237335613656305,0.0054756897780566,-43.3435098181436,8.92658245481379e-290
"RW",0.244514565708303,0.00910586947971789,26.8524127490435,7.57001215788064e-136
"GM:RW",-0.00405078273373968,0.0114385740839228,-0.354133540074122,0.723276231567454
