"","Estimate","Std..Error","t.value","Pr...t.."
"GF",-2.97965191741154,0.0298976474324892,-99.6617517863164,0
"GM",-0.0136508075204596,0.0229122428332384,-0.595786611542742,0.551385270699741
