"","Estimate","X95..CI.Lower","X95..CI.Upper","p.value"
"ACME",2.38351164912829,2.31613240481187,2.44817292494916,0
"ADE",0.361287420285762,0.338915665097131,0.382510015261198,0
"Total Effect",2.74479906941405,2.68204539943593,2.80715960514031,0
"Prop. Mediated",0.868276641258639,0.860671386980725,0.876382848038956,0
