"","Estimate","Std..Error","t.value","Pr...t.."
"GF",-2.91845947347875,0.030822412748824,-94.6862757715195,0
"GM",-0.00627864667108358,0.0236209423233727,-0.265808475594596,0.790414139442113
