"","Estimate","X95..CI.Lower","X95..CI.Upper","p.value"
"ACME",2.32391982088261,2.26234631106881,2.38472108723535,0
"ADE",0.376633331331873,0.356172238094918,0.398144112382202,0
"Total Effect",2.70055315221448,2.6391995426835,2.7598298095845,0
"Prop. Mediated",0.860563832304896,0.852054426896107,0.868275708019642,0
