"","Estimate","Std..Error","t.value","Pr...t.."
"X",0.797448288468656,0.00312857187547205,254.892110589064,0
"GF",-0.614566318964284,0.0116709418917367,-52.6578167096701,0
"GM",-0.234346414819331,0.00538526156604475,-43.5162548643758,1.88369088975755e-291
"RW",0.239945676447511,0.00898272917848714,26.7118903041361,1.21055087743353e-134
"GM:RW",-0.00549641339588019,0.0112776877521959,-0.487370595520342,0.626049275086564
