"","Estimate","Std..Error","t.value","Pr...t.."
"X",0.799627785191918,0.00319383413519713,250.366096466861,0
"GF",-0.598281163903541,0.0118196198487211,-50.6176316633633,0
"GM",-0.244048771509116,0.00569922714851303,-42.8213800133918,1.03324232655381e-284
"RW",0.233606705689109,0.0090103736329111,25.9264171727398,5.70883312508305e-128
"GM:RW",0.012220727791881,0.0114600003277362,1.06638110317533,0.28638043280133
