"","Estimate","X95..CI.Lower","X95..CI.Upper","p.value"
"ACME",2.40209530340295,2.33885906383821,2.46463669891771,0
"ADE",0.362106458936744,0.339676506872192,0.384418112876989,0
"Total Effect",2.7642017623397,2.70415748879154,2.82420433847827,0
"Prop. Mediated",0.868986832277951,0.860518447423705,0.876882382838319,0
