"","Estimate","Std..Error","t.value","Pr...t.."
"GF",-2.9915917993242,0.0309209863611544,-96.7495591629153,0
"GM",0.0137451415205844,0.0236964848070334,0.58004981044719,0.561946432655443
