"","Estimate","X95..CI.Lower","X95..CI.Upper","p.value"
"ACME",2.38294672819122,2.32642636130291,2.44185651571,0
"ADE",0.368463749524375,0.34593697598364,0.39139969379032,0
"Total Effect",2.75141047771559,2.69623028626138,2.80770204633227,0
"Prop. Mediated",0.866073779935583,0.857596564415738,0.874874715931515,0
