"","Estimate","Std..Error","t.value","Pr...t.."
"GF",-3.00614075535184,0.0296636628474266,-101.34084825646,0
"GM",-0.0117494606978364,0.022732927332101,-0.516847677652367,0.605319698862201
