"","Estimate","Std..Error","t.value","Pr...t.."
"X",0.79603296294191,0.00333761075537208,238.503834415277,0
"GF",-0.617848749316346,0.0122512591778691,-50.4314487471164,0
"GM",-0.246023835927685,0.00554970114224136,-44.3310062329452,2.34365479561909e-299
"RW",0.248981559703307,0.00919049077453146,27.0912148014207,6.70654663911418e-138
"GM:RW",-0.00538744769111367,0.0115624977864441,-0.465941511135243,0.64130823190595
