"","Estimate","Std..Error","t.value","Pr...t.."
"X",0.792258353782143,0.00327930484090256,241.593384030773,0
"GF",-0.628281909169496,0.0121270260809646,-51.8084075168018,0
"GM",-0.232580283812328,0.00568367229078005,-40.9207765531479,2.6212504165197e-266
"RW",0.245425952956942,0.0092711093939274,26.4721235106661,1.34967766705718e-132
"GM:RW",-0.0101536972034619,0.0117024399205053,-0.867656426560272,0.385686798362828
