"","Estimate","Std..Error","t.value","Pr...t.."
"GF",-2.96128010779133,0.0306321623380154,-96.6722517044217,0
"GM",-0.0270493563682259,0.0234751427710363,-1.15225524428331,0.249354048924766
