"","Estimate","X95..CI.Lower","X95..CI.Upper","p.value"
"ACME",2.32498653605913,2.26125452070872,2.392182429642,0
"ADE",0.389010795325814,0.366983256259578,0.411072774731521,0
"Total Effect",2.71399733138495,2.65205108768522,2.77641178599699,0
"Prop. Mediated",0.856606463572369,0.848277237362375,0.865339207468729,0
