"","Estimate","Std..Error","t.value","Pr...t.."
"GF",-2.98714312762938,0.0305437152587865,-97.7989449652843,0
"GM",-0.0183503865040662,0.0234073608172301,-0.783957945850884,0.433157713081975
