"","Estimate","X95..CI.Lower","X95..CI.Upper","p.value"
"ACME",2.39199104842882,2.32696165862804,2.45502652712421,0
"ADE",0.332892524098976,0.310597402191742,0.354331078987499,0
"Total Effect",2.72488357252779,2.66031310364672,2.78623961923024,0
"Prop. Mediated",0.877957534601046,0.869810676992877,0.886043400060767,0
