"","Estimate","Std..Error","t.value","Pr...t.."
"X",0.805686912747627,0.00327855508774569,245.744509756464,0
"GF",-0.571219710198718,0.0124450083286727,-45.899504051167,1.41623836156001e-314
"GM",-0.23737401307002,0.00567535711555383,-41.8253879424565,4.62859528592262e-275
"RW",0.226055067383059,0.00922100978074347,24.5152182633118,3.11679064548325e-116
"GM:RW",-0.000753388955863504,0.0116414512540725,-0.0647160684197296,0.94840655266376
