"","Estimate","Std..Error","t.value","Pr...t.."
"X",0.797453001641984,0.00317779573009313,250.945331095468,0
"GF",-0.629434916333633,0.0119791791625526,-52.544077335555,0
"GM",-0.237637374775675,0.00544998566518175,-43.6033027194669,2.69498408162785e-292
"RW",0.264088994925303,0.00902759340488409,29.2535322628095,7.60517020143411e-157
"GM:RW",-0.0319790001577142,0.0113559580565229,-2.81605479683376,0.00490953998247479
