"","Estimate","X95..CI.Lower","X95..CI.Upper","p.value"
"ACME",2.33656643095432,2.27269032322556,2.39975062181276,0
"ADE",0.371920569983711,0.350388076868029,0.392783429859059,0
"Total Effect",2.70848700093803,2.64673928508567,2.76964817772247,0
"Prop. Mediated",0.862730049857664,0.854053626133833,0.870991989244612,0
