"","Estimate","Std..Error","t.value","Pr...t.."
"GF",-2.95463883857542,0.0305994458536183,-96.558573403905,0
"GM",-0.0264027560981025,0.0234500702954561,-1.12591372927434,0.260337257311204
