"","Estimate","X95..CI.Lower","X95..CI.Upper","p.value"
"ACME",2.42060646175966,2.35736277476782,2.48304225741189,0
"ADE",0.366549453433517,0.345283899463448,0.388703435020583,0
"Total Effect",2.78715591519317,2.72524506244926,2.84566772435129,0
"Prop. Mediated",0.868410504693251,0.860144638510984,0.876478959244197,0
