"","Estimate","Std..Error","t.value","Pr...t.."
"X",0.798636096174782,0.00328418266756433,243.17651513796,0
"GF",-0.610247042368897,0.0123725880008094,-49.3225057141624,0
"GM",-0.248910523431693,0.00554798868208529,-44.8650020205406,1.54212939216441e-304
"RW",0.242650760718211,0.00905680300482675,26.7920987780006,2.48989941512021e-135
"GM:RW",0.00811728831089603,0.011427448724239,0.710332507874509,0.477580989559318
