"","Estimate","Std..Error","t.value","Pr...t.."
"GF",-3.01619366108237,0.0298803470183867,-100.94239063644,0
"GM",0.0143527175631581,0.0228989845563145,0.626784018647685,0.530872428951642
