"","Estimate","Std..Error","t.value","Pr...t.."
"X",0.803253572157677,0.00326510604380193,246.011480601824,0
"GF",-0.597580864986609,0.0120903087131853,-49.4264355991926,0
"GM",-0.238276443851942,0.00555452553952728,-42.8977132531503,1.8796477073114e-285
"RW",0.252833222266879,0.00893459502111629,28.2982297092733,2.12644575582768e-148
"GM:RW",-0.0134020981240589,0.0113165396830172,-1.18429294638286,0.236438195129365
