"","Estimate","X95..CI.Lower","X95..CI.Upper","p.value"
"ACME",2.42066266669545,2.3576781714838,2.48226364767175,0
"ADE",0.35084219410155,0.330380564748064,0.373844929674106,0
"Total Effect",2.771504860797,2.71339144333819,2.83254037944679,0
"Prop. Mediated",0.873547688845773,0.865143280538778,0.881068907486161,0
