"","Estimate","Std..Error","t.value","Pr...t.."
"GF",-3.00523682366107,0.0298105989635314,-100.811017830856,0
"GM",0.00667573508137714,0.0228455327128678,0.292211837004659,0.770155000463632
