"","Estimate","Std..Error","t.value","Pr...t.."
"GF",-2.94943982553197,0.0294582424650817,-100.122735734424,0
"GM",0.0122586388807958,0.0225755021803793,0.543006254427864,0.587186064921629
