"","Estimate","X95..CI.Lower","X95..CI.Upper","p.value"
"ACME",2.36243719586675,2.29956938572631,2.42263942343826,0
"ADE",0.377400436790097,0.357797754817172,0.39981379666667,0
"Total Effect",2.73983763265685,2.67933235756665,2.80157116322853,0
"Prop. Mediated",0.862339114036131,0.854040273659494,0.870220430187484,0
