"","Estimate","Std..Error","t.value","Pr...t.."
"X",0.797570050483713,0.00330483735100731,241.334131085336,0
"GF",-0.620438934855818,0.0121054060478559,-51.2530461516994,0
"GM",-0.24189526351814,0.0055124448663749,-43.8816658273837,5.36914415615311e-295
"RW",0.244938361297037,0.00897811323965219,27.2817188599557,1.52426685646241e-139
"GM:RW",-0.00177821343981173,0.0113363704735714,-0.156859150286001,0.875371726634825
