"","Estimate","Std..Error","t.value","Pr...t.."
"GF",-3.07261745727043,0.0300499756860211,-102.25024769986,0
"GM",-0.0091453178849348,0.0230289805111166,-0.397122134022397,0.691319814644212
