"","Estimate","X95..CI.Lower","X95..CI.Upper","p.value"
"ACME",2.45096192685025,2.3883101607234,2.51015336199165,0
"ADE",0.360651824937151,0.338454071731391,0.382147116399957,0
"Total Effect",2.8116137517874,2.75288707308454,2.87034928977418,0
"Prop. Mediated",0.871590260158267,0.864383248736289,0.879691265653908,0
