"","Estimate","Std..Error","t.value","Pr...t.."
"X",0.799826293064199,0.00330372283611074,242.098484873441,0
"GF",-0.59936011860584,0.0124894635617821,-47.9892603586185,0
"GM",-0.245403559812379,0.0056465731785687,-43.460617980441,6.52713414527087e-291
"RW",0.235432365563198,0.00913047698152416,25.7853303874051,8.80937565609244e-127
"GM:RW",0.0108717415173107,0.0115486308293188,0.941387916713931,0.34662007747645
