"","Estimate","Std..Error","t.value","Pr...t.."
"X",0.798067846855692,0.00334056485064877,238.902066727039,0
"GF",-0.626537761875348,0.0124079262819747,-50.4949616589465,0
"GM",-0.246290408114009,0.00565812727219657,-43.5286087190462,1.4294437641366e-291
"RW",0.26105124351628,0.00928155970041557,28.1257947955226,6.91448790583898e-147
"GM:RW",-0.0129750224566148,0.0116994899472052,-1.10902462544653,0.267553229463411
