"","Estimate","X95..CI.Lower","X95..CI.Upper","p.value"
"ACME",2.38354020354012,2.32460717047709,2.4440568036226,0
"ADE",0.372083552298632,0.348443459468454,0.393887018258345,0
"Total Effect",2.75562375583875,2.69952420415783,2.81181460071089,0
"Prop. Mediated",0.864916374798837,0.856758064636345,0.873445990875511,0
