"","Estimate","Std..Error","t.value","Pr...t.."
"GF",-3.00878841555459,0.0300376709965729,-100.167167284637,0
"GM",-0.0216987970647044,0.0230195507379793,-0.942624698096484,0.345986862522867
