"","Estimate","X95..CI.Lower","X95..CI.Upper","p.value"
"ACME",2.32314021943319,2.26089471482264,2.38723572058967,0
"ADE",0.358028570936724,0.33663516526994,0.378762228398614,0
"Total Effect",2.68116879036992,2.61901820072553,2.74659030023368,0
"Prop. Mediated",0.866350808926607,0.858487090644209,0.874730772170811,0
