"","Estimate","Std..Error","t.value","Pr...t.."
"GF",-2.92125919287848,0.0311789708307454,-93.6932526970339,0
"GM",-0.0247688295477271,0.0238941927647523,-1.03660457549606,0.300045618430288
