"","Estimate","Std..Error","t.value","Pr...t.."
"X",0.802199696629312,0.00315562038973922,254.212990649235,0
"GF",-0.612033318889061,0.011572944451832,-52.8848402786703,0
"GM",-0.242831582418758,0.00565304537189468,-42.9558877461071,5.12841015039517e-286
"RW",0.263829415198572,0.00899790211848592,29.3212141813081,1.89837383956994e-157
"GM:RW",-0.0174456955937233,0.0114252739139709,-1.5269389360014,0.12693471356593
