"","Estimate","Std..Error","t.value","Pr...t.."
"X",0.802623635613378,0.00328063395001672,244.65504162977,0
"GF",-0.605735016960412,0.0122624530781171,-49.3975400437104,0
"GM",-0.23829443182294,0.00555931589869015,-42.8639847357992,3.99129734870242e-285
"RW",0.255843974721987,0.00940822337569506,27.1936543708058,8.7786573008502e-139
"GM:RW",-0.0133367792775809,0.0117728167559406,-1.13284522761735,0.25741538235433
