"","Estimate","X95..CI.Lower","X95..CI.Upper","p.value"
"ACME",2.361092386245,2.29662984237805,2.42773126086985,0
"ADE",0.359332031433269,0.337021397259736,0.379906676333788,0
"Total Effect",2.72042441767827,2.65614613558459,2.78183964595199,0
"Prop. Mediated",0.867864002876385,0.859812677880678,0.876309671813577,0
