"","Estimate","Std..Error","t.value","Pr...t.."
"GF",-2.97649659600903,0.0305872862252094,-97.3115618722612,0
"GM",-0.0358093584820695,0.0234407516907232,-1.52765401701009,0.126756746733851
