"","Estimate","Std..Error","t.value","Pr...t.."
"GF",-2.99157692592161,0.0305373690627859,-97.9644618294005,0
"GM",0.00881209692002686,0.023402497371564,0.376545151575759,0.706551637277178
