"","Estimate","Std..Error","t.value","Pr...t.."
"X",0.804727602948913,0.00309854750709753,259.711236024493,0
"GF",-0.601169530138318,0.0118797780126279,-50.6044413876495,0
"GM",-0.242367917737979,0.00520586487873943,-46.5567054434704,5.98807562759591e-321
"RW",0.263850661171822,0.00891766239361271,29.5874243188222,7.98723667889114e-160
"GM:RW",-0.0217011238776292,0.011130666837184,-1.94966970039321,0.051355428018765
