"","Estimate","X95..CI.Lower","X95..CI.Upper","p.value"
"ACME",2.41458205651416,2.34908983304964,2.47806113063037,0
"ADE",0.344973950653931,0.324266632263119,0.365693046108985,0
"Total Effect",2.75955600716809,2.69918936527116,2.82374886744281,0
"Prop. Mediated",0.875019987374233,0.867290791081739,0.882812362270826,0
