"","Estimate","X95..CI.Lower","X95..CI.Upper","p.value"
"ACME",2.37551823706012,2.31367275882852,2.43631349573152,0
"ADE",0.375735764541294,0.352837106454763,0.397500017911216,0
"Total Effect",2.75125400160141,2.69189218459937,2.81259744850039,0
"Prop. Mediated",0.863390813692342,0.855596292826213,0.871866561386038,0
