"","Estimate","Std..Error","t.value","Pr...t.."
"X",0.795314959957846,0.00330988881932101,240.28449394291,0
"GF",-0.617161152896976,0.0122008860069577,-50.5833062078469,0
"GM",-0.238355926926515,0.00553159950313511,-43.0898742382603,2.57432493952117e-287
"RW",0.244424076869168,0.00902364687965928,27.0870613764971,7.28233949641389e-138
"GM:RW",-0.00446410045513223,0.0113903992383212,-0.391917821467879,0.695160794969519
