"","Estimate","Std..Error","t.value","Pr...t.."
"GF",-2.99079166356932,0.029542959399092,-101.235344203914,0
"GM",-0.0041502974261686,0.0226404255148493,-0.18331357877733,0.854570580414203
