"","Estimate","Std..Error","t.value","Pr...t.."
"GF",-3.03073790840528,0.0295883157047606,-102.430227480561,0
"GM",-0.00991817915634495,0.0226751845938654,-0.437402355658363,0.661866849553463
