"","Estimate","X95..CI.Lower","X95..CI.Upper","p.value"
"ACME",2.42264882344395,2.36354312216789,2.48314735748363,0
"ADE",0.351497731215945,0.326166553866439,0.373058026000827,0
"Total Effect",2.7741465546599,2.71683794478217,2.83028166473711,0
"Prop. Mediated",0.873435581613097,0.865237001803806,0.882553804756316,0
