"","Estimate","Std..Error","t.value","Pr...t.."
"X",0.802251208592957,0.00339149429184364,236.548004967111,0
"GF",-0.594529783978185,0.0126806409485947,-46.8848370037694,0
"GM",-0.233961429630033,0.00573689209459246,-40.7819121873606,5.76506324993689e-265
"RW",0.247038988655811,0.00919821143110526,26.8572853000974,6.87542281233002e-136
"GM:RW",-0.0145533139665386,0.011655612164499,-1.24861000530418,0.211954252591193
