"","Estimate","X95..CI.Lower","X95..CI.Upper","p.value"
"ACME",2.36846295670406,2.30562593251989,2.43161602650106,0
"ADE",0.373871118450999,0.352244773503359,0.396537573750671,0
"Total Effect",2.74233407515506,2.68018160988716,2.80176125569347,0
"Prop. Mediated",0.863784101102965,0.85519553364733,0.871675723136363,0
