"","Estimate","Std..Error","t.value","Pr...t.."
"GF",-2.98938696913931,0.0306069286695825,-97.6702694155062,0
"GM",-0.00869306234587241,0.0234558047967019,-0.370614541739992,0.710963936281235
