"","Estimate","Std..Error","t.value","Pr...t.."
"X",0.795308159173522,0.0032049905880335,248.146800225552,0
"GF",-0.62235694051728,0.0121230307416422,-51.3367452232473,0
"GM",-0.240740837280963,0.00547816129990195,-43.945554740287,1.2882996688498e-295
"RW",0.250242719653988,0.00913696984117759,27.3879331992778,1.83866162225657e-140
"GM:RW",-0.0135546343417636,0.0114700411874518,-1.18174242971266,0.237448759209389
