"","Estimate","Std..Error","t.value","Pr...t.."
"X",0.798088259797118,0.0033020711492555,241.693235464372,0
"GF",-0.629300036458042,0.0120626742501621,-52.1691975931114,0
"GM",-0.229016228742951,0.00552284376242468,-41.4670844576648,1.36180285133966e-271
"RW",0.275176576087483,0.00916990698866304,30.0086550962501,1.33639006634976e-163
"GM:RW",-0.0520802561371632,0.0115344577956946,-4.51518892865538,6.69525555316748e-06
