"","Estimate","Std..Error","t.value","Pr...t.."
"GF",-2.92888849305621,0.0299100672345164,-97.9231664740711,0
"GM",0.00557737041532645,0.0229217608235965,0.243322075395923,0.807780882728167
