"","Estimate","X95..CI.Lower","X95..CI.Upper","p.value"
"ACME",2.34008745591135,2.28406056044519,2.40737602467611,0
"ADE",0.368229281886684,0.347959323545997,0.389975400168022,0
"Total Effect",2.70831673779803,2.64987782237316,2.77192061027831,0
"Prop. Mediated",0.863937737085491,0.855382208533122,0.872189798358196,0
