"","Estimate","Std..Error","t.value","Pr...t.."
"X",0.798834588342003,0.00318425974818611,250.869794399484,0
"GF",-0.620159206977346,0.0120021454827658,-51.6706956991857,0
"GM",-0.242804124035664,0.00543807984913307,-44.6488706991626,1.92934854636325e-302
"RW",0.256856406845019,0.0091216426370964,28.1590078743516,3.53848497442782e-147
"GM:RW",-0.0186580056691563,0.0114364377031484,-1.63145256883792,0.102952692859392
