"","Estimate","Std..Error","t.value","Pr...t.."
"GF",-2.96527922453774,0.0306744752891025,-96.6692729570892,0
"GM",0.0163594623991787,0.0235075695568724,0.695923173154923,0.486557884076121
