"","Estimate","X95..CI.Lower","X95..CI.Upper","p.value"
"ACME",2.3808634396724,2.3212039782992,2.44259930217315,0
"ADE",0.365240930923966,0.344779961214039,0.387588726055508,0
"Total Effect",2.74610437059637,2.68748791409234,2.80587693781778,0
"Prop. Mediated",0.866939633150423,0.859080157233114,0.874834829734714,0
