"","Estimate","X95..CI.Lower","X95..CI.Upper","p.value"
"ACME",2.39747660598002,2.33852133021537,2.45814277825029,0
"ADE",0.350026150642334,0.32814453949641,0.37052541071222,0
"Total Effect",2.74750275662235,2.68999196398966,2.80704986265415,0
"Prop. Mediated",0.872551669573287,0.864950300147552,0.880327836267197,0
