"","Estimate","Std..Error","t.value","Pr...t.."
"X",0.802371673463694,0.00327863410657325,244.727422268633,0
"GF",-0.602197383987047,0.0121266676681316,-49.6589335559674,0
"GM",-0.244829718047373,0.0055906082336486,-43.7930378619268,3.88866937479996e-294
"RW",0.255218221884894,0.00908868627933654,28.0808704405544,1.71024062867476e-146
"GM:RW",-0.0115125736093723,0.0114817383311286,-1.00268559318758,0.316134181802641
