"","Estimate","Std..Error","t.value","Pr...t.."
"GF",-2.99311607180291,0.0300771471100394,-99.5146268644555,0
"GM",-0.00396630546718334,0.0230498034961569,-0.172075456862122,0.863395634374014
