"","Estimate","X95..CI.Lower","X95..CI.Upper","p.value"
"ACME",2.41230343771318,2.34350693127721,2.47573570528728,0
"ADE",0.353386650123022,0.330355508748654,0.375294068860004,0
"Total Effect",2.76569008783621,2.70205180362214,2.82765502247752,0
"Prop. Mediated",0.872193393428534,0.86392209763636,0.880601434507483,0
