"","Estimate","Std..Error","t.value","Pr...t.."
"X",0.803652467186702,0.00329047568021414,244.235954095975,0
"GF",-0.590457195934186,0.0124308575227239,-47.4993132899173,0
"GM",-0.239104136096315,0.00570162337507141,-41.9361505254318,3.91541952825805e-276
"RW",0.234850589652614,0.00914738816345645,25.6740596830508,7.58441442918734e-126
"GM:RW",0.00337022983935472,0.0115950788227168,0.290660364701605,0.77134129921598
