"","Estimate","Std..Error","t.value","Pr...t.."
"GF",-3.02098167431273,0.030325594567751,-99.6182174619364,0
"GM",-0.0170368853186229,0.0232402027071733,-0.733078172049006,0.463596749677361
