"","Estimate","X95..CI.Lower","X95..CI.Upper","p.value"
"ACME",2.38229058751823,2.31904596256462,2.44839631048806,0
"ADE",0.358729408946981,0.337136317648638,0.380332383716724,0
"Total Effect",2.74101999646521,2.67639818197296,2.80688463555508,0
"Prop. Mediated",0.86929742842663,0.861164251829136,0.877068342687303,0
