"","Estimate","Std..Error","t.value","Pr...t.."
"X",0.800133646955671,0.00316150266600444,253.086500783152,0
"GF",-0.60546848910681,0.0117791535146466,-51.4016977836267,0
"GM",-0.238295552671098,0.00548855846237631,-43.41678316895,1.73754131791485e-290
"RW",0.249397230798866,0.00915860654758067,27.2309143867248,4.18652775624419e-139
"GM:RW",-0.012848587541552,0.0114966841458543,-1.117590722555,0.263876398664159
