"","Estimate","Std..Error","t.value","Pr...t.."
"GF",-2.97312256711528,0.0310982891603688,-95.6040556373816,0
"GM",0.00218003125968799,0.0238323618789599,0.0914735715561874,0.927125474713966
