"","Estimate","X95..CI.Lower","X95..CI.Upper","p.value"
"ACME",2.43382228284952,2.36837928613743,2.49911252984611,0
"ADE",0.354380888660803,0.330529417518535,0.377137310883179,0
"Total Effect",2.78820317151032,2.72315128569196,2.85134697226996,0
"Prop. Mediated",0.872852130287761,0.864143104269408,0.881261933630999,0
