"","Estimate","Std..Error","t.value","Pr...t.."
"GF",-3.04128463968395,0.0307228436623533,-98.9909877193637,0
"GM",-0.00345777168243325,0.0235446369520872,-0.146860267561982,0.883257130177768
