"","Estimate","Std..Error","t.value","Pr...t.."
"X",0.800777652065545,0.00329245610646163,243.215892990638,0
"GF",-0.601892304075928,0.0121641096106621,-49.4809997065757,0
"GM",-0.24831972228242,0.00580039847531038,-42.8108040058631,1.30840667847265e-284
"RW",0.250414869013592,0.00925555488073194,27.0556300773389,1.3579874557957e-137
"GM:RW",0.00156107190067593,0.0117475681118348,0.132884686074156,0.894297979689303
