"","Estimate","X95..CI.Lower","X95..CI.Upper","p.value"
"ACME",2.42246984446169,2.36435916663686,2.48349757511962,0
"ADE",0.355322070142323,0.332769611339447,0.3764976338721,0
"Total Effect",2.77779191460401,2.72096855600878,2.83631133899064,0
"Prop. Mediated",0.872057874189163,0.86480279197626,0.879991467244659,0
