"","Estimate","Std..Error","t.value","Pr...t.."
"X",0.799768935765704,0.00322773596433545,247.780160645936,0
"GF",-0.599199323435904,0.01195333335524,-50.1282199390206,0
"GM",-0.235487867230817,0.00552373941889256,-42.6319652997008,7.08801657364198e-283
"RW",0.245013089645013,0.00888657706259218,27.5711433006517,4.74570634295394e-142
"GM:RW",-0.01296819716441,0.0112543702883452,-1.15228101014587,0.249343674115281
