"","Estimate","Std..Error","t.value","Pr...t.."
"GF",-3.04235052502788,0.0299930364455444,-101.435229158995,0
"GM",-0.0140727694964337,0.0229853447799945,-0.612249658690437,0.540442258888428
