"","Estimate","X95..CI.Lower","X95..CI.Upper","p.value"
"ACME",2.39685794786183,2.33610986092719,2.45787752941679,0
"ADE",0.376542417106432,0.354380226427061,0.398051981336428,0
"Total Effect",2.77340036496826,2.71462575522718,2.83058839733199,0
"Prop. Mediated",0.86412168051271,0.856108053225198,0.872135517489271,0
