"","Estimate","Std..Error","t.value","Pr...t.."
"X",0.796677811622359,0.0032704120475193,243.601662434757,0
"GF",-0.613504207754308,0.0120898160112589,-50.7455371680567,0
"GM",-0.231777613680176,0.00542322258693534,-42.7379864950653,6.64847840491504e-284
"RW",0.23931468470057,0.00906606286871292,26.3967598908284,5.91433215044618e-132
"GM:RW",-0.00791494762379227,0.0113755580580938,-0.695785436052582,0.486644254184756
