"","Estimate","Std..Error","t.value","Pr...t.."
"GF",-3.00546153398371,0.0297342234969756,-101.077518781999,0
"GM",0.00384633700549028,0.0227870019124033,0.168795220199489,0.865974803734439
