"","Estimate","Std..Error","t.value","Pr...t.."
"X",0.801101152183076,0.00320176993115269,250.205720401237,0
"GF",-0.599519574117024,0.0118456763078711,-50.6108354251299,0
"GM",-0.236491157035622,0.00561642492031116,-42.107062836428,8.65468860372192e-278
"RW",0.240862711245182,0.00921419817865523,26.1403875383474,8.87478563103936e-130
"GM:RW",-0.00618668210552949,0.0116120355490862,-0.532781877852271,0.594243917515492
