"","Estimate","Std..Error","t.value","Pr...t.."
"GF",-2.96512859429146,0.0311132243571528,-95.3012314074028,0
"GM",-0.054119847497352,0.0238438075572945,-2.26976532029572,0.0233279589360017
