"","Estimate","X95..CI.Lower","X95..CI.Upper","p.value"
"ACME",2.33035151130548,2.26744966776088,2.39887708853701,0
"ADE",0.359164633527289,0.337667132478331,0.380360686151799,0
"Total Effect",2.68951614483277,2.62649750113308,2.75248785476052,0
"Prop. Mediated",0.866364702619351,0.858421120011893,0.874799939065878,0
