"","Estimate","Std..Error","t.value","Pr...t.."
"X",0.795756152539782,0.00334013404358018,238.240783800053,0
"GF",-0.623295286729604,0.0124150941637724,-50.2046362683578,0
"GM",-0.248341980762648,0.00551647816759671,-45.0182114780017,5.02853027417918e-306
"RW",0.252852774067639,0.00916694537886741,27.5831003259321,3.73666361078837e-142
"GM:RW",-0.0133622523654214,0.0115192363243096,-1.15999463759784,0.246189791397938
