"","Estimate","Std..Error","t.value","Pr...t.."
"GF",-2.98345314459481,0.0295100806727376,-101.099457425443,0
"GM",-0.0136069678566918,0.0226152287041645,-0.601672794676894,0.547460224557804
