"","Estimate","X95..CI.Lower","X95..CI.Upper","p.value"
"ACME",2.36470627653643,2.30848112582004,2.42983733400241,0
"ADE",0.366304118405034,0.343090236949279,0.386287343084994,0
"Total Effect",2.73101039494146,2.6722203392644,2.79170813202633,0
"Prop. Mediated",0.865650019723313,0.857286450480327,0.874099084886614,0
