"","Estimate","Std..Error","t.value","Pr...t.."
"X",0.800522364032246,0.00317347178587408,252.254444988473,0
"GF",-0.610531349131171,0.0116040667099854,-52.6135676732884,0
"GM",-0.233338313187679,0.00547446153712357,-42.6230619404957,8.64632312875031e-283
"RW",0.244500270232416,0.00892458260829615,27.3962694910944,1.55718409564018e-140
"GM:RW",-0.00481173484172557,0.011269462549335,-0.426971101830363,0.669446449166475
