"","Estimate","Std..Error","t.value","Pr...t.."
"GF",-2.9897622620118,0.0304950146019032,-98.0410175578408,0
"GM",-0.00335427530486702,0.023370038774445,-0.143528872041706,0.88588698438242
