"","Estimate","X95..CI.Lower","X95..CI.Upper","p.value"
"ACME",2.39094080018969,2.32510185029433,2.45596587960491,0
"ADE",0.37364933765675,0.353483179860645,0.394225864348743,0
"Total Effect",2.76459013784644,2.69941265058752,2.82726489147688,0
"Prop. Mediated",0.864770780837255,0.856996140106832,0.872669481863246,0
