"","Estimate","X95..CI.Lower","X95..CI.Upper","p.value"
"ACME",2.36692824084022,2.30596161538722,2.42916393496329,0
"ADE",0.377611149676315,0.355958804397685,0.400365965365248,0
"Total Effect",2.74453939051654,2.68244689580539,2.80492543507351,0
"Prop. Mediated",0.862442754550946,0.853773647856338,0.870672405713452,0
