"","Estimate","Std..Error","t.value","Pr...t.."
"X",0.794341515779668,0.00319988416112347,248.240709907692,0
"GF",-0.606983832932843,0.0118813407945153,-51.0871494581691,0
"GM",-0.239401206501621,0.0055542322849739,-43.1024836950524,1.94257183395306e-287
"RW",0.22108351537841,0.00907728781230407,24.3556797966388,6.29409282270393e-115
"GM:RW",0.0161056126209351,0.0114524550022392,1.40630219614801,0.159790145965575
