"","Estimate","Std..Error","t.value","Pr...t.."
"GF",-2.95808688175414,0.0307132023808335,-96.3132025464115,0
"GM",0.0201568153467007,0.0235372482977154,0.856379432792793,0.391890631252705
