"","Estimate","Std..Error","t.value","Pr...t.."
"GF",-2.96464695525053,0.0303117322872028,-97.8052632281317,0
"GM",-0.0365547917334568,0.0232295792646814,-1.57363124475678,0.115731050127817
