"","Estimate","Std..Error","t.value","Pr...t.."
"X",0.796297714839189,0.00326367190041618,243.988286548548,0
"GF",-0.611103190570555,0.0121611263155698,-50.2505421548139,0
"GM",-0.244972552449269,0.00546836023949745,-44.7981738071782,6.86440964576444e-304
"RW",0.248069124665205,0.00929611634450261,26.6852431135831,2.04616569624176e-134
"GM:RW",0.000560904255499794,0.0116168579403612,0.0482836459203832,0.961495020996673
