"","Estimate","X95..CI.Lower","X95..CI.Upper","p.value"
"ACME",2.33214812353889,2.27008562611136,2.39845399026947,0
"ADE",0.36576603994247,0.344492909310399,0.38658106945051,0
"Total Effect",2.69791416348136,2.63757365799384,2.76220797073635,0
"Prop. Mediated",0.864353720209776,0.856267241481408,0.872848306016492,0
