"","Estimate","Std..Error","t.value","Pr...t.."
"GF",-3.00094643172975,0.0296997700532936,-101.042749702938,0
"GM",-0.0132693059440971,0.0227605983075756,-0.582994601670052,0.559962726569838
