"","Estimate","Std..Error","t.value","Pr...t.."
"X",0.803313698334745,0.00321953897472579,249.512027852734,0
"GF",-0.603816955961047,0.0119632896002172,-50.4724850888909,0
"GM",-0.242283034859667,0.00536346459266732,-45.1728599440938,1.5879734794177e-307
"RW",0.246587277800364,0.00887790705520167,27.7753840254371,7.94772389920169e-144
"GM:RW",-0.00769543477099754,0.011166686994953,-0.689142157783739,0.490813951826814
