"","Estimate","X95..CI.Lower","X95..CI.Upper","p.value"
"ACME",2.39919144594189,2.33383170708298,2.46094072644674,0
"ADE",0.357062962880101,0.335990082099041,0.376875949346453,0
"Total Effect",2.75625440882199,2.6944507414522,2.81589560852443,0
"Prop. Mediated",0.870514542937596,0.862251305304641,0.878592624064988,0
