"","Estimate","Std..Error","t.value","Pr...t.."
"X",0.802272624225089,0.00328402544041396,244.295496116486,0
"GF",-0.599652330677962,0.0123435530958474,-48.5802042589904,0
"GM",-0.238016465879819,0.00551914395984316,-43.1256128869998,1.15895723841732e-287
"RW",0.255519679694034,0.0092632358657887,27.5842786900987,3.64965465821603e-142
"GM:RW",-0.0127143312643682,0.0116121090781692,-1.09492006824765,0.273683825667755
