"","Estimate","X95..CI.Lower","X95..CI.Upper","p.value"
"ACME",2.35693366173346,2.2917206663392,2.41707745481995,0
"ADE",0.353520166368607,0.332019318475784,0.375764410257432,0
"Total Effect",2.71045382810207,2.64848857195803,2.77142317215675,0
"Prop. Mediated",0.869547427671616,0.861114029370913,0.878063818464057,0
