"","Estimate","Std..Error","t.value","Pr...t.."
"GF",-2.93873174599271,0.0302041373667093,-97.2956688123049,0
"GM",-0.00238737982339452,0.0231471232469784,-0.103139374941816,0.917862705601365
