"","Estimate","Std..Error","t.value","Pr...t.."
"GF",-3.01193027759054,0.0301184243401946,-100.002916605799,0
"GM",-0.030904781853115,0.0230814365509963,-1.33894533751544,0.18074077980268
