"","Estimate","Std..Error","t.value","Pr...t.."
"X",0.796276727165593,0.00317251283877411,250.992436479243,0
"GF",-0.630311248972141,0.0118810053211862,-53.052013018475,0
"GM",-0.245730565460104,0.00541264928884983,-45.3993141521868,1.00835287292394e-309
"RW",0.248941838301783,0.00881150163358113,28.2519198944538,5.42174138013099e-148
"GM:RW",-0.00162148444689343,0.0111256904270768,-0.145742366060014,0.88413949864821
