"","Estimate","Std..Error","t.value","Pr...t.."
"X",0.801214227261775,0.00314547792465907,254.719392872108,0
"GF",-0.608630908450813,0.0116096041788685,-52.4247768548927,0
"GM",-0.244123380376279,0.00554211570083063,-44.0487701005034,1.28390173513913e-296
"RW",0.256851594902647,0.0088714873952902,28.9524837784257,3.59149447370648e-154
"GM:RW",-0.0103439695119848,0.0112484423996139,-0.919591277130055,0.357897559814755
