"","Estimate","X95..CI.Lower","X95..CI.Upper","p.value"
"ACME",2.40513098900566,2.34615221330267,2.46768461342807,0
"ADE",0.357672549716447,0.336186885452334,0.377280570746809,0
"Total Effect",2.7628035387221,2.70415997121087,2.82514265177509,0
"Prop. Mediated",0.87049978061519,0.862630394659545,0.878838738366786,0
