"","Estimate","Std..Error","t.value","Pr...t.."
"GF",-3.00853506572357,0.0307837842491608,-97.7311639586866,0
"GM",-0.00661949827767287,0.0235913391391568,-0.280590187722149,0.77905379281003
