"","Estimate","Std..Error","t.value","Pr...t.."
"X",0.798878360779195,0.00319750409263601,249.844359110923,0
"GF",-0.612121005531239,0.0118015349797215,-51.8679143503826,0
"GM",-0.232262677731661,0.00550858597920782,-42.1637564718673,2.44346659189546e-278
"RW",0.251823000282439,0.0089339735123775,28.1871218818315,2.00644357079131e-147
"GM:RW",-0.0209942225712601,0.0112916107055993,-1.85927615808163,0.0631351333153943
