"","Estimate","Std..Error","t.value","Pr...t.."
"GF",-2.96037612488179,0.030340038051388,-97.5732502334935,0
"GM",-0.0380959242198041,0.0232512715581655,-1.63844476739705,0.101486396434434
