"","Estimate","X95..CI.Lower","X95..CI.Upper","p.value"
"ACME",2.33467934047352,2.27254406246063,2.39519780399239,0
"ADE",0.366468966609534,0.346051896772177,0.38754201616126,0
"Total Effect",2.70114830708306,2.63847670106018,2.75953301089655,0
"Prop. Mediated",0.864252943631784,0.855831973799282,0.872188286495484,0
