"","Estimate","Std..Error","t.value","Pr...t.."
"X",0.800293824799843,0.00318454014550209,251.305930600433,0
"GF",-0.607142805548274,0.0120110321457443,-50.5487620198732,0
"GM",-0.23981621532578,0.00533449933727529,-44.9557118978425,2.03191767857929e-305
"RW",0.253409835267472,0.00892590612730639,28.390376467464,3.29607069591886e-149
"GM:RW",-0.0134080721955929,0.0112023774870199,-1.19689523149249,0.231489600342184
