"","Estimate","Std..Error","t.value","Pr...t.."
"GF",-3.01180663162472,0.0300695845088662,-100.161232049504,0
"GM",-0.000372498260839916,0.0230440078510339,-0.0161646473672418,0.987104653004839
