"","Estimate","X95..CI.Lower","X95..CI.Upper","p.value"
"ACME",2.40887125079076,2.35026048037381,2.47106350352902,0
"ADE",0.359510443895643,0.337593303609588,0.380769933341533,0
"Total Effect",2.76838169468641,2.71344552213646,2.82682225057885,0
"Prop. Mediated",0.870190141937337,0.862062342280906,0.878540084180818,0
