"","Estimate","Std..Error","t.value","Pr...t.."
"GF",-2.98261652256023,0.029860652914394,-99.8845045723195,0
"GM",-0.000760887079823984,0.0228838918606741,-0.0332498984201007,0.973478628055956
