"","Estimate","Std..Error","t.value","Pr...t.."
"X",0.805394669648446,0.00332013845190696,242.578639811197,0
"GF",-0.574075620049334,0.0121058038617382,-47.4215200085776,0
"GM",-0.240594065303357,0.0056819584655706,-42.3435100346507,4.42886430230221e-280
"RW",0.221727419871787,0.00907687321454057,24.4277312937008,1.62191050586631e-115
"GM:RW",0.0240516525067974,0.0115146634970648,2.08878466252429,0.0368535783378639
