"","Estimate","X95..CI.Lower","X95..CI.Upper","p.value"
"ACME",2.40104142247513,2.33848379527158,2.46949765272862,0
"ADE",0.348370160727342,0.325247789425689,0.3705633626318,0
"Total Effect",2.74941158320248,2.68822224610047,2.81291248085208,0
"Prop. Mediated",0.87348994618404,0.865065808513424,0.882158814740961,0
