"","Estimate","Std..Error","t.value","Pr...t.."
"GF",-2.99727877170594,0.0313670006662451,-95.5551601378131,0
"GM",-0.0112905342885495,0.024038290565778,-0.469689567053626,0.638628077567609
