"","Estimate","Std..Error","t.value","Pr...t.."
"X",0.800478019262348,0.00320212386232329,249.983465249706,0
"GF",-0.622322895216118,0.0121354092700015,-51.2815745534424,0
"GM",-0.247340542326802,0.00563356508624851,-43.9047989221884,3.20225350688396e-295
"RW",0.2680934558274,0.00932630685463594,28.7459398458604,2.41811195846907e-152
"GM:RW",-0.023466940595172,0.0117301640278995,-2.00056372096394,0.0455747210477842
