"","Estimate","X95..CI.Lower","X95..CI.Upper","p.value"
"ACME",2.39237082266594,2.32896223716037,2.460427931679,0
"ADE",0.360259028197539,0.338061647615322,0.382218177034897,0
"Total Effect",2.75262985086348,2.69086908754388,2.81537148474102,0
"Prop. Mediated",0.869048897793644,0.860872160431478,0.877970382047279,0
