"","Estimate","X95..CI.Lower","X95..CI.Upper","p.value"
"ACME",2.38784781502078,2.32532902165332,2.44812289789163,0
"ADE",0.353635525406251,0.332054291549516,0.375304848180323,0
"Total Effect",2.74148334042703,2.68549377148485,2.79890870102499,0
"Prop. Mediated",0.871067808869546,0.86259461349459,0.878999290132184,0
