"","Estimate","Std..Error","t.value","Pr...t.."
"X",0.802034492522483,0.00318279727476846,251.990442143642,0
"GF",-0.592139945589823,0.0119533557175254,-49.5375490852045,0
"GM",-0.246247373993386,0.0054677809037015,-45.0360719147845,3.37391032492704e-306
"RW",0.240280607841562,0.00885992295488914,27.1199432619184,3.7931672534306e-138
"GM:RW",0.0124477809465347,0.0112010498059097,1.11130484751235,0.266571063692292
