"","Estimate","Std..Error","t.value","Pr...t.."
"GF",-3.00308155123732,0.0302447005721833,-99.2928180614663,0
"GM",-0.0267870051733622,0.0231782091046872,-1.15569779582087,0.247942970354191
