"","Estimate","X95..CI.Lower","X95..CI.Upper","p.value"
"ACME",2.44988160835112,2.38633420070693,2.51139226427741,0
"ADE",0.35752340049441,0.335426980938307,0.379898078420665,0
"Total Effect",2.80740500884553,2.74594331329798,2.86921905554149,0
"Prop. Mediated",0.872644050509986,0.864531526371058,0.880538906838788,0
