"","Estimate","Std..Error","t.value","Pr...t.."
"GF",-3.04858278396558,0.0300051551779937,-101.601966924719,0
"GM",0.0130275903689732,0.0229946320438616,0.566549199140196,0.571084130734927
