"","Estimate","Std..Error","t.value","Pr...t.."
"X",0.800318361793732,0.00323549174627939,247.356020213634,0
"GF",-0.5992339897293,0.012108160574108,-49.4900927404857,0
"GM",-0.237485290580357,0.00552167286274041,-43.009663282097,1.54354072474474e-286
"RW",0.246583730113346,0.00892880682089517,27.6166496889922,1.91022606930471e-142
"GM:RW",-0.00658693107155131,0.0112945942886465,-0.583193242998787,0.559829136768079
