"","Estimate","Std..Error","t.value","Pr...t.."
"X",0.803945194159886,0.00324675318186979,247.615124749612,0
"GF",-0.594452494145209,0.0118909484952181,-49.992016564891,0
"GM",-0.242022871271649,0.00568330750008426,-42.5848629988895,2.02820662524429e-282
"RW",0.240216659687619,0.00906310005832607,26.5049109180846,7.09238748340191e-133
"GM:RW",0.000631852216342428,0.0115023658762579,0.0549323698393769,0.956197843766032
