"","Estimate","X95..CI.Lower","X95..CI.Upper","p.value"
"ACME",2.4157458429458,2.35020232384266,2.47938051942944,0
"ADE",0.353260203490441,0.331601126206645,0.3739014279813,0
"Total Effect",2.76900604643624,2.70575350472293,2.83184667877996,0
"Prop. Mediated",0.872633967691796,0.863996048785035,0.88025338342129,0
