"","Estimate","Std..Error","t.value","Pr...t.."
"GF",-2.97789462441769,0.030504792689579,-97.6205494894247,0
"GM",0.0282906491315462,0.0233775322710412,1.21016404997507,0.226359098445845
