"","Estimate","X95..CI.Lower","X95..CI.Upper","p.value"
"ACME",0.781653507280181,0.728428802432619,0.832253980826115,0
"ADE",0.115283312749521,0.103782545580155,0.125835695845633,0
"Total Effect",0.896936820029702,0.845539253737031,0.947664703711053,0
"Prop. Mediated",0.871498060605098,0.858446888817406,0.884636728696118,0
