"","Estimate","Std..Error","t.value","Pr...t.."
"X",0.804757737127813,0.00324567060632505,247.94806212298,0
"GF",-0.197006964621244,0.00692228838623372,-28.4598031213247,8.0767733620945e-150
"GM",-0.0797752700905549,0.0046943789626391,-16.9937857010391,1.35898695015839e-60
"RW",0.0828890315646862,0.00775716232490577,10.6854836978925,5.90512312607811e-26
"GM:RW",-0.00311401558898494,0.0097613557059634,-0.319014661773111,0.749748791953529
