"","Estimate","Std..Error","t.value","Pr...t.."
"GF",-0.965802731664638,0.0257619739538989,-37.489469300487,2.23588674764892e-233
"GM",0.00719664729781281,0.0197428444638713,0.36451927233598,0.715508859823634
