"","Estimate","X95..CI.Lower","X95..CI.Upper","p.value"
"ACME",0.778714612771913,0.724107030197748,0.833472285240093,0
"ADE",0.126385634395092,0.115018221642964,0.136680831169698,0
"Total Effect",0.905100247167005,0.849390651884834,0.963427979554854,0
"Prop. Mediated",0.860266238343979,0.845984798201628,0.873221141133855,0
