"","Estimate","Std..Error","t.value","Pr...t.."
"GF",-0.950893447903789,0.026579312561192,-35.7756975736149,4.67920647215883e-217
"GM",0.0219293049324431,0.0203692168461656,1.07659047954861,0.281793233386779
