"","Estimate","Std..Error","t.value","Pr...t.."
"X",0.800245110465161,0.00314408632765172,254.523898859627,0
"GF",-0.213227815384251,0.00666260220390397,-32.0036839749054,9.59389212583542e-182
"GM",-0.0816689959344734,0.00476712981587365,-17.1316912039045,1.73142005210619e-61
"RW",0.0890158724879869,0.00767007472828283,11.6056069388408,3.51285464810299e-30
"GM:RW",-0.00820145100200814,0.00971591489249749,-0.84412544703754,0.398700516367341
