"","Estimate","X95..CI.Lower","X95..CI.Upper","p.value"
"ACME",0.815715998931418,0.762630611609328,0.869151546948177,0
"ADE",0.121310605581169,0.110484157232827,0.13234482786011,0
"Total Effect",0.937026604512587,0.885832985711687,0.990344958947,0
"Prop. Mediated",0.870571653042633,0.857012398896984,0.883207394125374,0
