"","Estimate","Std..Error","t.value","Pr...t.."
"X",0.798633380770787,0.00324368046273294,246.212100712875,0
"GF",-0.203132611318421,0.00695127005066795,-29.2223737299491,1.44012040481165e-156
"GM",-0.0830309074590266,0.00477358089820531,-17.3938410659895,3.33251119141258e-63
"RW",0.0813863438028068,0.00776794176656763,10.4772082809741,4.84645853988182e-25
"GM:RW",0.00202696889325446,0.00981570569825785,0.206502614846553,0.836419394640037
