"","Estimate","Std..Error","t.value","Pr...t.."
"GF",-1.02767665280594,0.025995181020922,-39.5333524309301,5.23007673482817e-253
"GM",-0.00539683798848647,0.0199215641093594,-0.270904330546565,0.786492597141531
