"","Estimate","Std..Error","t.value","Pr...t.."
"GF",-1.00819392046849,0.0261240340760474,-38.592581740386,5.93256122568756e-244
"GM",0.00811189482522034,0.0200203114270372,0.405183248761322,0.685386195536046
