"","Estimate","Std..Error","t.value","Pr...t.."
"X",0.801371727296534,0.00318042770854689,251.969798006405,0
"GF",-0.206706577199323,0.00670977802405648,-30.8067683399093,8.25055123373422e-171
"GM",-0.0883040380615004,0.00472171619779548,-18.701682685361,4.84225428722052e-72
"RW",0.0880935658172406,0.00763999515825815,11.5305787493883,7.97081480515081e-30
"GM:RW",0.00196867939974234,0.00965734212661202,0.203853127903317,0.838489065853501
