"","Estimate","X95..CI.Lower","X95..CI.Upper","p.value"
"ACME",0.815350629162306,0.760769763355067,0.868450702254625,0
"ADE",0.11964449542163,0.10844337556125,0.131078498366183,0
"Total Effect",0.934995124583936,0.882240037534729,0.990100556203358,0
"Prop. Mediated",0.872119693143314,0.858506957442775,0.885231380065192,0
