"","Estimate","X95..CI.Lower","X95..CI.Upper","p.value"
"ACME",0.7828053384063,0.729737285770117,0.833510156727055,0
"ADE",0.121776447283831,0.111259639257525,0.132482794190925,0
"Total Effect",0.904581785690131,0.854453165822594,0.955163375474661,0
"Prop. Mediated",0.865538560468399,0.851243715241623,0.877892003972075,0
