"","Estimate","Std..Error","t.value","Pr...t.."
"GF",-0.978609889870935,0.0256877324799364,-38.096390587814,3.43973559326436e-239
"GM",0.00181083728670583,0.0196859490615301,0.0919862832645713,0.926718159266686
