"","Estimate","Std..Error","t.value","Pr...t.."
"X",0.798867982197135,0.0032594751682455,245.090985806512,0
"GF",-0.209840712362426,0.00686386375456209,-30.5718061817522,1.11185650029552e-168
"GM",-0.0863240071630606,0.00475185375087236,-18.1663855179072,2.2773220963639e-68
"RW",0.08827150848757,0.00771099913167196,11.4474800191594,1.96472974406168e-29
"GM:RW",-0.00311816463232194,0.00974573926428865,-0.319951575530842,0.749038543011142
