"","Estimate","Std..Error","t.value","Pr...t.."
"X",0.796971416743231,0.00328366984975447,242.707535534617,0
"GF",-0.208963079076068,0.00686967114823226,-30.4182070097838,2.72279834197629e-167
"GM",-0.0765514897769719,0.00476898013880384,-16.051962379565,1.25644669523571e-54
"RW",0.0757704339362819,0.0077248864732891,9.80861456000406,3.25627240570578e-22
"GM:RW",0.0040702252224906,0.00976791508280697,0.416693346326773,0.676947549908519
