"","Estimate","X95..CI.Lower","X95..CI.Upper","p.value"
"ACME",0.808004550702021,0.755009752290803,0.854898490568433,0
"ADE",0.135030978955838,0.123824696891607,0.145491178629228,0
"Total Effect",0.943035529657859,0.891267510101502,0.989733067571534,0
"Prop. Mediated",0.856904086301208,0.844021224589188,0.86944120331346,0
