"","Estimate","Std..Error","t.value","Pr...t.."
"GF",-0.981145380014167,0.0255623982574302,-38.382368122638,6.19955574723421e-242
"GM",0.0324498878754934,0.0195898984225004,1.65646024168366,0.0977856667293939
