"","Estimate","Std..Error","t.value","Pr...t.."
"X",0.808608295308719,0.00331891365072518,243.636436618964,0
"GF",-0.197621486435285,0.00703091145587888,-28.1075202945479,9.99492626356133e-147
"GM",-0.0769638825519872,0.00470901477158047,-16.3439458751488,1.89244853985344e-56
"RW",0.08873597578173,0.00777861738558985,11.4076797177499,3.02058482148788e-29
"GM:RW",-0.0103040204149733,0.00979340083333477,-1.0521391486296,0.292863132824527
