"","Estimate","X95..CI.Lower","X95..CI.Upper","p.value"
"ACME",0.792808255450461,0.740148009339596,0.840993265083781,0
"ADE",0.114041536778087,0.102949374187809,0.124806237677317,0
"Total Effect",0.906849792228548,0.852765854804686,0.956522236797789,0
"Prop. Mediated",0.874553200377303,0.861123781097792,0.886282344048158,0
