"","Estimate","Std..Error","t.value","Pr...t.."
"GF",-0.984771347406971,0.0252834880673348,-38.9491886872703,2.21005342801459e-247
"GM",-0.00526572887747071,0.0193761539123826,-0.271763369618238,0.78583204958297
