"","Estimate","Std..Error","t.value","Pr...t.."
"X",0.803771474238629,0.00324942243698945,247.35825822121,0
"GF",-0.207670199341851,0.00682674277731128,-30.4201002024045,2.61764752248077e-167
"GM",-0.0739175083542681,0.00474945814499004,-15.5633560919449,1.2356355836426e-51
"RW",0.0982845283410183,0.00765471471801492,12.8397375946241,2.58054425758165e-36
"GM:RW",-0.0211572879001532,0.00968954383297282,-2.18351743537776,0.0291138753385012
