"","Estimate","X95..CI.Lower","X95..CI.Upper","p.value"
"ACME",0.822573839797093,0.771999235651923,0.876715244811509,0
"ADE",0.120464653378961,0.109429696479677,0.131526327788584,0
"Total Effect",0.943038493176054,0.893697315456118,0.996789752798401,0
"Prop. Mediated",0.872405101053751,0.859219066313483,0.884983855128324,0
