"","Estimate","Std..Error","t.value","Pr...t.."
"GF",-1.03162015171901,0.0256471718823967,-40.2235441961956,1.14451948405817e-259
"GM",-0.00629614839794306,0.0196548652024275,-0.320335363946706,0.748747614497401
