"","Estimate","Std..Error","t.value","Pr...t.."
"GF",-1.00599145923654,0.0262382073983359,-38.3407084167018,1.55707952655999e-241
"GM",0.0182182063401784,0.0201078088427204,0.906026433943046,0.36503110698712
