"","Estimate","X95..CI.Lower","X95..CI.Upper","p.value"
"ACME",0.817893607015073,0.764425449162682,0.869109253616377,0
"ADE",0.126755867302475,0.115274883662939,0.137755989718435,0
"Total Effect",0.944649474317548,0.890093608914329,0.995930662919966,0
"Prop. Mediated",0.865738396817064,0.853121391326202,0.878789864110864,0
