"","Estimate","Std..Error","t.value","Pr...t.."
"X",0.79834635718549,0.00314698354666628,253.686218992536,0
"GF",-0.207980538993904,0.00682135030953119,-30.4896434806026,6.15665428226087e-168
"GM",-0.0796297669243241,0.0046594857621683,-17.0898187029266,3.24086200299347e-61
"RW",0.0846216555834069,0.00762920338840789,11.0918075289465,8.76103054204583e-28
"GM:RW",-0.00236295487448866,0.0096225299524749,-0.245564824028519,0.806044380525005
