"","Estimate","Std..Error","t.value","Pr...t.."
"GF",-3.0442672906239,0.031105022571779,-97.8706022025493,0
"GM",0.00915763357378176,0.0238375220694958,0.384168855600161,0.700894180348211
