"","Estimate","X95..CI.Lower","X95..CI.Upper","p.value"
"ACME",2.45439075373534,2.39182823412326,2.51729042957469,0
"ADE",0.348881293843287,0.326139015439532,0.371246871729871,0
"Total Effect",2.80327204757862,2.74520027614029,2.86289130528387,0
"Prop. Mediated",0.875467327782449,0.867194962795361,0.883797075440847,0
