"","Estimate","Std..Error","t.value","Pr...t.."
"X",0.804350979319719,0.00320847802683023,250.695492564855,0
"GF",-0.598810539149837,0.0123359274669453,-48.5419957886734,0
"GM",-0.245964835701606,0.00567644472636239,-43.3307902320096,1.18593659869433e-289
"RW",0.251084481047045,0.00917194202323311,27.3752800018832,2.36599259516963e-140
"GM:RW",-0.00700233903175828,0.0115990216985042,-0.603700830446872,0.546111196098118
