"","Estimate","Std..Error","t.value","Pr...t.."
"X",0.7992472605293,0.00319421462870617,250.217143627896,0
"GF",-0.210488430795793,0.00689888942572679,-30.510480427597,3.98941195419321e-168
"GM",-0.0839306916931735,0.00460509703137035,-18.225607652006,9.01232681053233e-69
"RW",0.0933560181878498,0.0076787178122879,12.1577612916647,7.34967773371083e-33
"GM:RW",-0.012893777728356,0.00963912051595707,-1.33765084760701,0.181162748201898
