"","Estimate","X95..CI.Lower","X95..CI.Upper","p.value"
"ACME",0.8223950315925,0.770954754280068,0.87280886813515,0
"ADE",0.118317393767079,0.107186681865014,0.129865641499269,0
"Total Effect",0.94071242535958,0.890365858808061,0.990293791746127,0
"Prop. Mediated",0.874096076867044,0.860701327143697,0.886311687643553,0
