"","Estimate","Std..Error","t.value","Pr...t.."
"GF",-1.00799897312089,0.0258109826597611,-39.0531033400887,2.21019077169085e-248
"GM",0.0205734255044752,0.0197804025818534,1.04009134391174,0.29842330798925
