"","Estimate","Std..Error","t.value","Pr...t.."
"GF",-0.995354002829082,0.0266415035522947,-37.3610296008744,3.7808166821972e-232
"GM",-0.000457855235363464,0.0204168772881251,-0.0224253312052653,0.982110913315356
