"","Estimate","X95..CI.Lower","X95..CI.Upper","p.value"
"ACME",0.79415960120573,0.742036978692758,0.845948936973508,0
"ADE",0.128155493865508,0.116777923789948,0.138950932628441,0
"Total Effect",0.922315095071238,0.86974958506523,0.97362963009346,0
"Prop. Mediated",0.860827509134026,0.848722135011963,0.874677861004585,0
