"","Estimate","Std..Error","t.value","Pr...t.."
"X",0.797869467374855,0.00307306948892455,259.632745126788,0
"GF",-0.211159212084655,0.00666683691096601,-31.6730729886805,1.03798869110437e-178
"GM",-0.0788061979465121,0.00464627805515671,-16.9611454611608,2.20913130271339e-60
"RW",0.0871068547700731,0.00753918321162472,11.553884860599,6.18271702530328e-30
"GM:RW",-0.0074254204649257,0.00952949921624291,-0.779203638767204,0.435952185528514
