"","Estimate","X95..CI.Lower","X95..CI.Upper","p.value"
"ACME",0.770502507428313,0.722372327310883,0.822664710625183,0
"ADE",0.129216545860882,0.118165002102852,0.139857315528958,0
"Total Effect",0.899719053289195,0.852758761486263,0.952604060781359,0
"Prop. Mediated",0.856679662707872,0.842264922301157,0.868541373958026,0
