"","Estimate","Std..Error","t.value","Pr...t.."
"X",0.797493822756525,0.00320309548098593,248.975975736774,0
"GF",-0.214750727998017,0.00712790308355616,-30.1281773167539,1.12384542825393e-164
"GM",-0.073343913545976,0.0046512006592348,-15.7688130268803,6.95234571589279e-53
"RW",0.093047168033141,0.00790742208815311,11.767067319265,5.9316097822363e-31
"GM:RW",-0.0192019905452369,0.00988174989162495,-1.94317714532637,0.0521352497451276
