"","Estimate","Std..Error","t.value","Pr...t.."
"GF",-0.977739411647363,0.0262714231447532,-37.2168422799216,9.02430515698219e-231
"GM",-0.0108904992985056,0.0201332639307678,-0.540920703963088,0.5886225386562
