"","Estimate","X95..CI.Lower","X95..CI.Upper","p.value"
"ACME",0.803937489152715,0.753774086727466,0.855344553693839,0
"ADE",0.11375979666945,0.102806289945834,0.124491974002941,0
"Total Effect",0.917697285822164,0.865717778806979,0.967769929140653,0
"Prop. Mediated",0.875628398766126,0.863512758242069,0.890024579971526,0
