"","Estimate","Std..Error","t.value","Pr...t.."
"GF",-0.998106994901656,0.0257091857604283,-38.8229718437037,3.61828965815517e-246
"GM",0.00397473427035607,0.0197023899127145,0.201738686929095,0.840141553382206
