"","Estimate","Std..Error","t.value","Pr...t.."
"X",0.803342179716813,0.00331145547805748,242.594890687783,0
"GF",-0.202440931493417,0.00708768472028794,-28.5623499750131,1.0091847521609e-150
"GM",-0.0797458886345772,0.00477427314811069,-16.7032522356068,1.0018101293015e-58
"RW",0.0943406594218005,0.00790391393950239,11.9359421349848,9.02493521680066e-32
"GM:RW",-0.0144230142436982,0.00994237043352922,-1.4506615238413,0.14703133941264
