"","Estimate","Std..Error","t.value","Pr...t.."
"X",0.806011763693245,0.00324991684345389,248.009965337035,0
"GF",-0.196169320533035,0.00699238794373353,-28.0546963514573,2.89786019928229e-146
"GM",-0.0810178734106387,0.00464537396762048,-17.4405492378774,1.64093655747349e-63
"RW",0.0792459408397299,0.00774818585170192,10.2276768209326,5.75260354271838e-24
"GM:RW",0.0069271889294587,0.00972971481522675,0.711962175768794,0.476571444726743
