"","Estimate","X95..CI.Lower","X95..CI.Upper","p.value"
"ACME",0.833942740940205,0.787573531726376,0.884100119521542,0
"ADE",0.119638030513827,0.108406814585528,0.130722505248354,0
"Total Effect",0.953580771454032,0.906154580163528,1.00319013698858,0
"Prop. Mediated",0.874561439446192,0.861402097195592,0.887281335567952,0
