"","Estimate","Std..Error","t.value","Pr...t.."
"GF",-1.00100231406163,0.0256038745459895,-39.0957357748195,8.59160160969813e-249
"GM",0.0321188114244861,0.019621684026951,1.63690391611495,0.101808030318357
