"","Estimate","X95..CI.Lower","X95..CI.Upper","p.value"
"ACME",0.776824938911138,0.726184384718321,0.82712324739349,0
"ADE",0.125432083246373,0.115273848714972,0.135289988906488,0
"Total Effect",0.902257022157511,0.850906502497813,0.95306050427905,0
"Prop. Mediated",0.860915440479829,0.848720055200657,0.873433159214854,0
