"","Estimate","Std..Error","t.value","Pr...t.."
"X",0.80295417384598,0.00309504370210334,259.432257224771,0
"GF",-0.203962963383329,0.00662632877051101,-30.7806887414069,1.42278664021857e-170
"GM",-0.0785495737563364,0.00458723299296902,-17.1235195327404,1.95692339595449e-61
"RW",0.08268276497693,0.00754228523104665,10.962561404676,3.39373168307555e-27
"GM:RW",0.000378715176909971,0.00950334518853795,0.0398507230240087,0.96821612460273
