"","Estimate","Std..Error","t.value","Pr...t.."
"GF",-0.971754132269447,0.0263272438312768,-36.9105911160743,7.56282929825683e-228
"GM",-0.0024521703705046,0.0201760424513063,-0.12153871981697,0.903276569749089
