"","Estimate","Std..Error","t.value","Pr...t.."
"X",0.801671385382898,0.00330526088479581,242.544057284732,0
"GF",-0.204417186326615,0.00697483748746763,-29.3078063387014,2.49934555211065e-157
"GM",-0.0782164006744387,0.00476699186760202,-16.4079156933373,7.49028209534194e-57
"RW",0.087926430685424,0.00776208111658448,11.3276876864325,7.14176850405131e-29
"GM:RW",-0.0130318443335562,0.00980261808258364,-1.32942487647356,0.183859831258604
