"","Estimate","X95..CI.Lower","X95..CI.Upper","p.value"
"ACME",0.808373552922643,0.755237858473854,0.862540156851868,0
"ADE",0.118056760575624,0.106721740533629,0.129748076782881,0
"Total Effect",0.926430313498266,0.873595263881388,0.978916992274711,0
"Prop. Mediated",0.872944948321856,0.858163012955808,0.886366596452891,0
