"","Estimate","Std..Error","t.value","Pr...t.."
"GF",-1.00361192279807,0.0254669439308721,-39.4084160833072,8.36800528090158e-252
"GM",0.00590188404093219,0.0195167464223465,0.302401020806141,0.762377852965945
