"","Estimate","Std..Error","t.value","Pr...t.."
"GF",-0.94597368507961,0.0268340489422072,-35.2527375617807,4.15563135035477e-212
"GM",0.0196958691998006,0.0205644356115704,0.957763664018034,0.338297821025238
