"","Estimate","Std..Error","t.value","Pr...t.."
"X",0.799253083198371,0.00313899307450831,254.620849497595,0
"GF",-0.207434610150563,0.00675177131332669,-30.7229911269547,4.74743298239235e-170
"GM",-0.0781901803719022,0.0047576585457549,-16.4345926930105,5.08492006431141e-57
"RW",0.0904616510677702,0.00777869833497342,11.6294072828419,2.70623772365739e-30
"GM:RW",-0.00776479645076153,0.00980900647499692,-0.79159866705705,0.42868882979176
