"","Estimate","X95..CI.Lower","X95..CI.Upper","p.value"
"ACME",0.771243501225434,0.719970150380079,0.8276075356614,0
"ADE",0.124443356115435,0.114454373560896,0.13451156133258,0
"Total Effect",0.895686857340869,0.843270750914401,0.949403617533313,0
"Prop. Mediated",0.860879530737475,0.848009670328009,0.873687407832042,0
