"","Estimate","Std..Error","t.value","Pr...t.."
"GF",-1.00526733957078,0.0265368093688231,-37.8819972514038,3.90547976216878e-237
"GM",0.0234342553133727,0.0203366442677731,1.15231672466771,0.24932879936986
