"","Estimate","X95..CI.Lower","X95..CI.Upper","p.value"
"ACME",0.821279134486256,0.773517454562681,0.874303847988793,0
"ADE",0.124316195792647,0.112920210258369,0.135256674382115,0
"Total Effect",0.945595330278903,0.897859851553377,0.99757487157337,0
"Prop. Mediated",0.868675816315252,0.855120185494071,0.880524305899479,0
