"","Estimate","Std..Error","t.value","Pr...t.."
"X",0.799066312505422,0.00317721967935561,251.498603542417,0
"GF",-0.205177019142806,0.00692835110907402,-29.6141197108337,4.60969942679641e-160
"GM",-0.0721080215224737,0.00469701862697004,-15.3518704627725,2.31753579782359e-50
"RW",0.0901470444437302,0.00786059679640645,11.4682188615681,1.56946048620826e-29
"GM:RW",-0.0143735825983511,0.0098588428401277,-1.45793809998141,0.145015002158055
