"","Estimate","Std..Error","t.value","Pr...t.."
"X",0.802984867667736,0.00326705345257037,245.78259257925,0
"GF",-0.209691886835863,0.00678972014785693,-30.8837304438901,1.6507673964238e-171
"GM",-0.081777340938658,0.00470367866196263,-17.3858264596111,3.76275150621785e-63
"RW",0.0981502044303494,0.007578990918124,12.9502997814179,6.86722298130231e-37
"GM:RW",-0.0215166163257785,0.00959623676409809,-2.24219314870154,0.0250583666345606
