"","Estimate","Std..Error","t.value","Pr...t.."
"GF",-1.00465204338283,0.0252628908236382,-39.7678971261194,2.86270166103685e-255
"GM",0.0143621412331295,0.0193603690901709,0.741831995363203,0.458276322772482
