"","Estimate","X95..CI.Lower","X95..CI.Upper","p.value"
"ACME",0.817371811107934,0.766864892348501,0.866385088871342,0
"ADE",0.11475888949129,0.103871241772109,0.125414167936206,0
"Total Effect",0.932130700599224,0.882486471445486,0.982289223405828,0
"Prop. Mediated",0.87680218883153,0.864220932631355,0.888616102720697,0
