"","Estimate","X95..CI.Lower","X95..CI.Upper","p.value"
"ACME",2.38046934774238,2.31704421372249,2.43871560558108,0
"ADE",0.381078129103008,0.358797034978998,0.404380195112138,0
"Total Effect",2.76154747684539,2.70266378350202,2.81796457905918,0
"Prop. Mediated",0.862096510717484,0.853438397445642,0.870222847456643,0
