"","Estimate","Std..Error","t.value","Pr...t.."
"X",0.794516622723381,0.00325590136310995,244.023554191605,0
"GF",-0.632680268949178,0.0120380400179781,-52.5567507670941,0
"GM",-0.243109866554966,0.00554978864898195,-43.8052477186787,2.96032273599527e-294
"RW",0.258043030740235,0.00905491366143648,28.4975694289832,3.75610554010393e-150
"GM:RW",-0.0134592181874689,0.0114300581191942,-1.1775284121143,0.239125118175557
