"","Estimate","Std..Error","t.value","Pr...t.."
"GF",-2.99233557806967,0.0301343931957219,-99.2996792281347,0
"GM",0.00514937586639837,0.0230936743799571,0.222977763593458,0.823575605565476
