"","Estimate","Std..Error","t.value","Pr...t.."
"GF",-1.02909845619234,0.0264758601966277,-38.8693114614427,1.2966350993649e-246
"GM",-0.00982335721924237,0.0202899355012396,-0.484149258071433,0.628333007632066
