"","Estimate","Std..Error","t.value","Pr...t.."
"X",0.800039130251392,0.00319234887833466,250.611434007409,0
"GF",-0.219199922791407,0.00705018113481626,-31.0913888026112,2.13383705563934e-173
"GM",-0.0757254220686483,0.00477034472250194,-15.8742033277905,1.57094127755949e-53
"RW",0.0990595389675357,0.00781181746220277,12.6807288376658,1.70347416367593e-35
"GM:RW",-0.0236845873475121,0.00984994363824903,-2.40454039305776,0.0162834376762258
