"","Estimate","X95..CI.Lower","X95..CI.Upper","p.value"
"ACME",0.816016760676315,0.761488459996125,0.866672740449561,0
"ADE",0.128177913730473,0.117126631714584,0.139821804586452,0
"Total Effect",0.944194674406788,0.88800265645638,0.994801151600456,0
"Prop. Mediated",0.864341107051474,0.849656454916265,0.877222708972254,0
