"","Estimate","X95..CI.Lower","X95..CI.Upper","p.value"
"ACME",0.762954210597674,0.708955454942085,0.81449399824119,0
"ADE",0.13075873017579,0.120409942166087,0.142196902797208,0
"Total Effect",0.893712940773464,0.839910177779922,0.948103691654444,0
"Prop. Mediated",0.853873709342965,0.838359446168914,0.86714758092803,0
