"","Estimate","Std..Error","t.value","Pr...t.."
"GF",-0.968646784194378,0.0269888093074263,-35.8906824365847,3.80174079992472e-218
"GM",-0.0104714316625316,0.0206830371529413,-0.506281141647636,0.612715157578306
