"","Estimate","Std..Error","t.value","Pr...t.."
"X",0.797678487548239,0.00315631843922061,252.72433783494,0
"GF",-0.21630157053911,0.00694928466607969,-31.1257317742219,1.03850979145676e-173
"GM",-0.0797658046800492,0.00476516999500758,-16.7393408343499,5.88993870973843e-59
"RW",0.0924970916504174,0.00792031668287049,11.6784587478003,1.57849440893587e-30
"GM:RW",-0.00946653627504424,0.00995538367479626,-0.95089617681038,0.341772265109478
