"","Estimate","X95..CI.Lower","X95..CI.Upper","p.value"
"ACME",0.759425349178119,0.707250920517547,0.814418852341074,0
"ADE",0.121603886761733,0.110328367674654,0.132181139300653,0
"Total Effect",0.881029235939852,0.829883750357783,0.9353329633297,0
"Prop. Mediated",0.862209228049815,0.847089766204874,0.876447494877525,0
