"","Estimate","Std..Error","t.value","Pr...t.."
"GF",-0.944604249617522,0.0264241259363334,-35.7477954765074,8.60205111538251e-217
"GM",0.00662349853481811,0.0202502886381432,0.327081685262608,0.743640366344215
