"","Estimate","Std..Error","t.value","Pr...t.."
"X",0.799139356041799,0.00309656120043198,258.073167076536,0
"GF",-0.207113670953558,0.00652237943379158,-31.754311912694,1.86882258733774e-179
"GM",-0.0803558281305835,0.0046511711382299,-17.2764720416554,1.96449644450216e-62
"RW",0.0869046524569418,0.00752589229523698,11.5474217604658,6.63426372522582e-30
"GM:RW",-0.00794482008461275,0.00951729361357873,-0.834777238907239,0.403943094023347
