"","Estimate","X95..CI.Lower","X95..CI.Upper","p.value"
"ACME",0.784823430750466,0.732149466867399,0.835751742411218,0
"ADE",0.118270401137628,0.107569525144097,0.128901361109722,0
"Total Effect",0.903093831888094,0.849957581383033,0.952194355798511,0
"Prop. Mediated",0.868929514410377,0.855300511029536,0.882645976488087,0
