"","Estimate","Std..Error","t.value","Pr...t.."
"GF",-0.959134680006642,0.0258227500064848,-37.1430107082234,4.5768341510118e-230
"GM",0.0161822900933343,0.0197894205591456,0.817724300970286,0.413612133656589
