"","Estimate","Std..Error","t.value","Pr...t.."
"X",0.802354277732613,0.00322228839176208,249.001386649273,0
"GF",-0.193538649456107,0.00688059804853954,-28.1281725935418,6.59076291433718e-147
"GM",-0.081930122529752,0.00466754484360062,-17.5531516621809,2.95718790550708e-64
"RW",0.0801981369793803,0.00772086709389424,10.3871930450405,1.19026120135638e-24
"GM:RW",0.0105591201360871,0.00971297391101363,1.08711505176741,0.27711729106588
