"","Estimate","Std..Error","t.value","Pr...t.."
"GF",-1.00509440267802,0.0263691592197098,-38.1162855555423,2.21677163340811e-239
"GM",0.0119120011520395,0.0202081645625994,0.589464773762078,0.555616181718486
