"","Estimate","X95..CI.Lower","X95..CI.Upper","p.value"
"ACME",0.810049354756085,0.755013576247577,0.862399977161452,0
"ADE",0.12759405168048,0.116191034901933,0.1386237268875,0
"Total Effect",0.937643406436565,0.881171277135474,0.990101992044394,0
"Prop. Mediated",0.863841141097225,0.849985874942789,0.876946502761598,0
