"","Estimate","Std..Error","t.value","Pr...t.."
"X",0.797937617017749,0.00315650389945752,252.791582850534,0
"GF",-0.208950081359296,0.00681461434400539,-30.6620552259282,1.69344054351312e-169
"GM",-0.0806885659462908,0.00469759060717054,-17.176585337838,8.82983016005579e-62
"RW",0.0845809892539393,0.00769205799900111,10.9958855308843,2.39669474954407e-27
"GM:RW",-0.000866800775771171,0.00969806737307045,-0.0893787125234972,0.928789912192634
