"","Estimate","Std..Error","t.value","Pr...t.."
"X",0.797067155564159,0.0032342671695155,246.444438195117,0
"GF",-0.213420139408954,0.00693745784738773,-30.7634502585579,2.03952858967854e-170
"GM",-0.0886545502772905,0.00476191022939042,-18.6174341822146,1.85346972496418e-71
"RW",0.0917869428219494,0.00770846562790956,11.9072909256574,1.24417225273494e-31
"GM:RW",-0.000767559208901739,0.00975828621727868,-0.0786571731768481,0.937313199040832
