"","Estimate","Std..Error","t.value","Pr...t.."
"GF",-0.996399463752226,0.0259334604388167,-38.421384839982,2.61652638251654e-242
"GM",0.00859177929065687,0.0198742641681784,0.432306787207427,0.66556510712012
