"","Estimate","X95..CI.Lower","X95..CI.Upper","p.value"
"ACME",0.800764608551962,0.749394584323179,0.853328131460592,0
"ADE",0.124221901181021,0.112636314959913,0.136233242011758,0
"Total Effect",0.924986509732983,0.874650698865617,0.977725824708277,0
"Prop. Mediated",0.86600497626755,0.851131748105388,0.879549376636554,0
