"","Estimate","X95..CI.Lower","X95..CI.Upper","p.value"
"ACME",0.801712201718372,0.747688725696475,0.853381572639452,0
"ADE",0.121732062927917,0.109944277466764,0.133193433405309,0
"Total Effect",0.923444264646289,0.866357768726298,0.974358247239726,0
"Prop. Mediated",0.868238620619042,0.854384005098157,0.881288458497694,0
