"","Estimate","Std..Error","t.value","Pr...t.."
"X",0.798043168026723,0.00325849885975125,244.911292707233,0
"GF",-0.207522036281191,0.00692381940569367,-29.972190798411,2.84215804306692e-163
"GM",-0.079831327962693,0.00483995692184432,-16.4942228312793,2.13568200422869e-57
"RW",0.0830657956771673,0.00779753323224185,10.6528299659821,8.23379120599967e-26
"GM:RW",-0.00961543309493248,0.00987236131751766,-0.973974998045373,0.330187031241994
