"","Estimate","Std..Error","t.value","Pr...t.."
"GF",-0.98743254360665,0.0260533979606811,-37.9003362669564,2.60586340770747e-237
"GM",0.0167361275248761,0.0199661790130497,0.838223854145428,0.402005255743727
