"","Estimate","Std..Error","t.value","Pr...t.."
"X",0.797890414612008,0.00324919647534694,245.565456156914,0
"GF",-0.216721318020631,0.00704448631276872,-30.7646730220493,1.98809774294391e-170
"GM",-0.0796814450668009,0.00490415865338765,-16.2477298754924,7.58952737336862e-56
"RW",0.0901443902818434,0.00788643946780856,11.4303026923368,2.36584974312531e-29
"GM:RW",-0.0121036324487745,0.00998951748406653,-1.21163334145819,0.225796255440336
