"","Estimate","X95..CI.Lower","X95..CI.Upper","p.value"
"ACME",0.840678715757676,0.787887916930355,0.88958594286977,0
"ADE",0.129602400384579,0.117569653655625,0.141238754635299,0
"Total Effect",0.970281116142255,0.91549078350809,1.01703836864351,0
"Prop. Mediated",0.866149770283382,0.852196667971387,0.878998890385962,0
