"","Estimate","Std..Error","t.value","Pr...t.."
"GF",-1.03721555149977,0.0264455563156654,-39.2207877618125,5.37101397849999e-250
"GM",0.0142235748217874,0.0202667119388852,0.70181955833186,0.482873441293144
