"","Estimate","Std..Error","t.value","Pr...t.."
"X",0.797786920985577,0.00325547897110646,245.059767876316,0
"GF",-0.213628971476986,0.00693320654339499,-30.8124343534093,7.32922249567706e-171
"GM",-0.0827273002073513,0.00476497970640389,-17.3615220430362,5.43642493994279e-63
"RW",0.0825005985309255,0.00774687959177453,10.6495263742737,8.51499442068423e-26
"GM:RW",0.00187779357118439,0.00978702234465268,0.191865667110728,0.847866957419955
