"","Estimate","Std..Error","t.value","Pr...t.."
"GF",-0.989209611701723,0.0258199489800081,-38.3118344837802,2.94763650589544e-241
"GM",-0.0175749792881778,0.0197872739755738,-0.888196085518046,0.374542194987075
