"","Estimate","X95..CI.Lower","X95..CI.Upper","p.value"
"ACME",0.775672448001648,0.723139037239222,0.826031055283676,0
"ADE",0.132034338188371,0.120769640832716,0.1422842463911,0
"Total Effect",0.907706786190019,0.854681320125652,0.957343827603767,0
"Prop. Mediated",0.854390168964001,0.840223833009746,0.868228088715476,0
