"","Estimate","Std..Error","t.value","Pr...t.."
"GF",-1.00749311787052,0.0255946810442287,-39.3633785132752,2.27284854604092e-251
"GM",0.0328978628512063,0.0196146385313042,1.67720974305504,0.0936578924726932
