"","Estimate","Std..Error","t.value","Pr...t.."
"X",0.796314177741927,0.00328233993181165,242.605639356314,0
"GF",-0.209202908736835,0.00699451514828165,-29.9095654669116,1.03783673363095e-162
"GM",-0.078019145566651,0.00472165774088188,-16.5236766085631,1.39016545877814e-57
"RW",0.0838672606096967,0.00778787713410478,10.7689501472005,2.51446500473715e-26
"GM:RW",-0.000678003941566783,0.00980472709322366,-0.069150720373989,0.944876578705699
