"","Estimate","X95..CI.Lower","X95..CI.Upper","p.value"
"ACME",0.826539383303754,0.777026117297896,0.874846222765107,0
"ADE",0.130353128679611,0.119428194259305,0.14139833054616,0
"Total Effect",0.956892511983365,0.907148303947209,1.00703782257173,0
"Prop. Mediated",0.863820701016813,0.850469558136867,0.876536287611248,0
