"","Estimate","X95..CI.Lower","X95..CI.Upper","p.value"
"ACME",2.44858505706562,2.38559928434371,2.50848092763799,0
"ADE",0.366285153296638,0.344707172652332,0.387840023193782,0
"Total Effect",2.81487021036225,2.75286578653674,2.87174793825898,0
"Prop. Mediated",0.86989470437858,0.861757205581977,0.878175576278819,0
