"","Estimate","Std..Error","t.value","Pr...t.."
"GF",-3.04315329023669,0.0296147812423609,-102.757918936905,0
"GM",0.0202937185012125,0.0226954666185825,0.894174984029475,0.371335970937375
