"","Estimate","Std..Error","t.value","Pr...t.."
"X",0.798720369560639,0.00325644358214527,245.273823854937,0
"GF",-0.614674632710218,0.0119038821628104,-51.6364849973529,0
"GM",-0.245872226380186,0.00552289371425736,-44.5187322264533,3.53387711599394e-301
"RW",0.248153953118891,0.00882799431863723,28.1098904419321,9.52857737079253e-147
"GM:RW",-0.00238383247391296,0.0112029539735471,-0.212786063349164,0.8315155742756
