"","Estimate","Std..Error","t.value","Pr...t.."
"GF",-1.01227076436796,0.0262190993931476,-38.6081439789086,4.20437730762726e-244
"GM",0.0139278982069417,0.0200931653074416,0.693165959361488,0.48828597340483
