"","Estimate","Std..Error","t.value","Pr...t.."
"X",0.795477629489714,0.00321374745103167,247.523379360239,0
"GF",-0.207586293091199,0.00692838836341839,-29.9616999224879,3.53105840159535e-163
"GM",-0.084905799970059,0.00472789746500399,-17.9584689808808,5.80008565620133e-67
"RW",0.0792166452708262,0.00781390123757195,10.1379122748474,1.38289319681069e-23
"GM:RW",0.00669679330683879,0.00982553347160735,0.681570453776417,0.495589713684165
