"","Estimate","X95..CI.Lower","X95..CI.Upper","p.value"
"ACME",0.815142134195482,0.761228749763794,0.866574877532875,0
"ADE",0.126978827209967,0.115889780004455,0.137993842814915,0
"Total Effect",0.942120961405449,0.887821325723744,0.994468217931675,0
"Prop. Mediated",0.86544657793569,0.852003053960807,0.877892816615188,0
