"","Estimate","Std..Error","t.value","Pr...t.."
"X",0.799979311550605,0.00318753797426835,250.970911721994,0
"GF",-0.204385024429975,0.00666117909398046,-30.6830099515973,1.09366550316229e-169
"GM",-0.0751329945481585,0.0046041205080979,-16.3186420546577,2.72846536474186e-56
"RW",0.0832501951077076,0.00762048843210617,10.9245222073907,5.04230045501227e-27
"GM:RW",-0.00785200198439605,0.00958743803872597,-0.818988550713957,0.412890765957662
