"","Estimate","Std..Error","t.value","Pr...t.."
"GF",-0.957979380287156,0.0257702099647931,-37.1739066773586,2.32014112877182e-230
"GM",0.000674402126477673,0.0197491561806045,0.0341484021043895,0.972762222665211
