"","Estimate","X95..CI.Lower","X95..CI.Upper","p.value"
"ACME",0.7667587836965,0.716577855474899,0.815252529712238,0
"ADE",0.124302438367495,0.113664087995106,0.134653439533576,0
"Total Effect",0.891061222063995,0.838840898388586,0.939803837349042,0
"Prop. Mediated",0.860529921019693,0.846145591093064,0.87307159338514,0
