"","Estimate","Std..Error","t.value","Pr...t.."
"X",0.797435179707457,0.00325571649625121,244.933851158619,0
"GF",-0.213119702806086,0.00693765934286176,-30.7192515910092,5.13292019727697e-170
"GM",-0.07188374964332,0.0047617025200365,-15.096228573886,7.68768181164492e-49
"RW",0.090521211588122,0.00771941400288395,11.7264356535747,9.29889755819164e-31
"GM:RW",-0.0177555305946146,0.00975821333511303,-1.81954728646122,0.0689777918406611
