"","Estimate","X95..CI.Lower","X95..CI.Upper","p.value"
"ACME",0.769858277508739,0.721111935633952,0.822435955452398,0
"ADE",0.130307471920316,0.11891285002499,0.141458373962415,0
"Total Effect",0.900165749429055,0.849392904242015,0.952613997615895,0
"Prop. Mediated",0.855273187811608,0.841344029338648,0.869387765058595,0
