"","Estimate","Std..Error","t.value","Pr...t.."
"GF",-0.975210345492856,0.0257613002259395,-37.8556337195627,6.98655465812099e-237
"GM",-0.0101534306412835,0.0197423281483772,-0.514297531931061,0.607100865555834
