"","Estimate","X95..CI.Lower","X95..CI.Upper","p.value"
"ACME",0.804623310746206,0.751617944621186,0.851659155530862,0
"ADE",0.115945385625015,0.104834624197363,0.126941953113788,0
"Total Effect",0.920568696371221,0.866730921351383,0.971246463558626,0
"Prop. Mediated",0.874020447928417,0.861022075475716,0.887614686049371,0
