"","Estimate","Std..Error","t.value","Pr...t.."
"X",0.805260961542518,0.00325132062573678,247.671962945837,0
"GF",-0.212061029680099,0.00711677060750002,-29.797367566775,1.05375233515011e-161
"GM",-0.0728322931537391,0.00466932017895266,-15.598050757375,7.61620605679601e-52
"RW",0.10081892202138,0.00784778692464595,12.8467965541672,2.37206885422429e-36
"GM:RW",-0.0368818934437749,0.00983474977189277,-3.75016083776545,0.000181758080780644
