"","Estimate","Std..Error","t.value","Pr...t.."
"GF",-0.991570739012513,0.0258242891652729,-38.3968260526576,4.50342872773936e-242
"GM",0.00706518535264443,0.0197906001027866,0.356997024645535,0.721131733084158
