"","Estimate","X95..CI.Lower","X95..CI.Upper","p.value"
"ACME",0.876436516706019,0.826698459026027,0.929108174139422,0
"ADE",0.126027445212025,0.114699125163499,0.137732447532331,0
"Total Effect",1.00246396191804,0.952079954916147,1.05355861324429,0
"Prop. Mediated",0.874170538368963,0.861113386455593,0.886789384855942,0
