"","Estimate","Std..Error","t.value","Pr...t.."
"X",0.796676978444059,0.00322558717658327,246.986652299364,0
"GF",-0.211844871544887,0.00691321178707338,-30.6434806381895,2.49487357019764e-169
"GM",-0.0824269925644495,0.0047322450457736,-17.4181581399859,2.30495975170612e-63
"RW",0.0852045754069655,0.00762441956147172,11.1752212374995,3.62921133519465e-28
"GM:RW",-0.00521992210567602,0.00965228109036343,-0.540796735694679,0.588708066583624
