"","Estimate","Std..Error","t.value","Pr...t.."
"GF",-1.06254611276723,0.0257348282536253,-41.2882535020434,5.78521516795434e-270
"GM",0.0394322185642279,0.019722041192378,1.99939844864878,0.0457004610385759
