"","Estimate","Std..Error","t.value","Pr...t.."
"GF",-0.985638539813366,0.0259707998315991,-37.9517976421397,8.37105233648154e-238
"GM",-0.0291112999459608,0.0199028794375439,-1.46266775304112,0.143715590991543
