"","Estimate","Std..Error","t.value","Pr...t.."
"X",0.798170855816939,0.00316602933303758,252.104693878862,0
"GF",-0.193846360918181,0.00687901579677171,-28.1793742949611,2.34604912532845e-147
"GM",-0.0783916618781105,0.0045989119048073,-17.0456976564754,6.26623583944007e-61
"RW",0.071257992916615,0.00765220137161477,9.31209065942002,3.19910395243997e-20
"GM:RW",0.00750871740449586,0.00961159183823827,0.781214759310061,0.434768886875303
