"","Estimate","X95..CI.Lower","X95..CI.Upper","p.value"
"ACME",0.763972369862963,0.714443318439007,0.811232692178127,0
"ADE",0.120149136819118,0.109624354051444,0.130645202295732,0
"Total Effect",0.884121506682081,0.834902580039618,0.930723692823787,0
"Prop. Mediated",0.863982844853248,0.850479317849452,0.877129949307401,0
