"","Estimate","Std..Error","t.value","Pr...t.."
"GF",-0.954313256816002,0.0259875782503641,-36.7219002718205,4.75939116375159e-226
"GM",0.0254574894664482,0.0199157376801856,1.27825993067664,0.201306263543169
