"","Estimate","X95..CI.Lower","X95..CI.Upper","p.value"
"ACME",0.784901424144838,0.731692055359415,0.837765368853304,0
"ADE",0.121609691645276,0.110987823452631,0.13278258454462,0
"Total Effect",0.906511115790114,0.853726957625641,0.959361940086239,0
"Prop. Mediated",0.865847262767274,0.850748045107737,0.879091775247929,0
