"","Estimate","Std..Error","t.value","Pr...t.."
"X",0.800691470715416,0.00317806764075595,251.942866302544,0
"GF",-0.20992144728653,0.00702876405403746,-29.8660540704801,2.550775903286e-162
"GM",-0.0820692272878927,0.00455211478398163,-18.0288132400977,1.94550429947065e-67
"RW",0.0885716746687451,0.00778050358345085,11.3837971692651,3.90755969495326e-29
"GM:RW",-0.00982694517247854,0.00971148747748232,-1.01188877556234,0.311713943000166
