"","Estimate","Std..Error","t.value","Pr...t.."
"X",0.801546922415537,0.00310919659976986,257.798726035809,0
"GF",-0.205847457267952,0.0064280701695937,-32.0232125407809,6.34531386900455e-182
"GM",-0.0833128866073825,0.00475899748203788,-17.5063943449927,6.03018621997775e-64
"RW",0.0904321917567304,0.00741217250118618,12.2004974576966,4.51302573191501e-33
"GM:RW",-0.00410225438258163,0.00946126805439686,-0.433583993075349,0.664637438767627
