"","Estimate","Std..Error","t.value","Pr...t.."
"GF",-0.983422755501874,0.0262612834922152,-37.4476272568093,5.61852768794857e-233
"GM",-0.00588215273238965,0.0201254933467538,-0.292273716278286,0.770107698801772
