"","Estimate","X95..CI.Lower","X95..CI.Upper","p.value"
"ACME",0.784224849248692,0.732786037700269,0.834332523121648,0
"ADE",0.119937492956409,0.109542220768909,0.13102898399857,0
"Total Effect",0.904162342205101,0.854840357198836,0.955335885516113,0
"Prop. Mediated",0.867460008477634,0.852691400978409,0.880374428421179,0
