"","Estimate","Std..Error","t.value","Pr...t.."
"GF",-1.00105686286533,0.0254093585178202,-39.397171800432,1.07391345613225e-251
"GM",0.0195253288407873,0.0194726154929655,1.00270705020806,0.316123645892834
