"","Estimate","X95..CI.Lower","X95..CI.Upper","p.value"
"ACME",0.816527185297866,0.762828228629703,0.867661296896147,0
"ADE",0.125138497220332,0.113650180447794,0.136087177197226,0
"Total Effect",0.941665682518198,0.888942633885704,0.992887542635717,0
"Prop. Mediated",0.867134019570902,0.854004757526029,0.879476715693859,0
