"","Estimate","Std..Error","t.value","Pr...t.."
"X",0.800764860272417,0.0033096653910963,241.947377045016,0
"GF",-0.209538298708946,0.00704748790615919,-29.7323388843021,4.03178645748161e-161
"GM",-0.0747886623827308,0.00472201325988778,-15.8382999510061,2.60972676683362e-53
"RW",0.0919152299434204,0.00780250200679005,11.7802250949032,5.12646274616463e-31
"GM:RW",-0.0154882667041412,0.00981794520198385,-1.57754666434801,0.114828334181203
