"","Estimate","Std..Error","t.value","Pr...t.."
"GF",-0.994792217257797,0.0254705708083201,-39.0565340974943,2.04837483784039e-248
"GM",-0.00429218785545581,0.0195195259018023,-0.219892013620039,0.825977719609321
