"","Estimate","X95..CI.Lower","X95..CI.Upper","p.value"
"ACME",0.783956425797048,0.731755194712342,0.833898718010081,0
"ADE",0.137136494996548,0.12539832637981,0.148178204691926,0
"Total Effect",0.921092920793596,0.870503898860802,0.972326153738511,0
"Prop. Mediated",0.851105347149419,0.836740939262198,0.864125007136535,0
