"","Estimate","Std..Error","t.value","Pr...t.."
"X",0.790720786121168,0.00325078206556835,243.240171187214,0
"GF",-0.220855320740968,0.00694891305618278,-31.7827146426105,1.02585397046052e-179
"GM",-0.0763601216857011,0.00462389819137609,-16.5142307475797,1.59549311863003e-57
"RW",0.0933924732878468,0.00771023833595101,12.1127868191026,1.22597116186258e-32
"GM:RW",-0.012109338447135,0.00968221898509643,-1.25067801769146,0.211198634719872
