"","Estimate","Std..Error","t.value","Pr...t.."
"X",0.7971632107886,0.00325991537017011,244.534940410739,0
"GF",-0.615704454364554,0.0121140248228742,-50.8257547237277,0
"GM",-0.232425157736518,0.00548940662505787,-42.3406706064643,4.7185436131199e-280
"RW",0.234436508568555,0.00918856442870006,25.5139429437207,1.66640492727735e-124
"GM:RW",-0.000762834854515205,0.0115264240685344,-0.0661813976285712,0.947240038052051
