"","Estimate","X95..CI.Lower","X95..CI.Upper","p.value"
"ACME",2.34504108256243,2.28368741412693,2.4071354523105,0
"ADE",0.383131376041036,0.361055347637019,0.405224767351788,0
"Total Effect",2.72817245860347,2.67021015640597,2.79092830122704,0
"Prop. Mediated",0.859403455587407,0.850675930037689,0.868144999007962,0
