"","Estimate","Std..Error","t.value","Pr...t.."
"GF",-2.94959448580711,0.0302138641984602,-97.6238744714235,0
"GM",-0.00770711684314034,0.0231545774632868,-0.332854998341495,0.739278661177509
