"","Estimate","Std..Error","t.value","Pr...t.."
"X",0.802366335781374,0.0032325655901536,248.213474221647,0
"GF",-0.211154334672957,0.00693479645484135,-30.4485266507779,1.44891170208807e-167
"GM",-0.077565492424758,0.0047090020835157,-16.4717473148469,2.9625060800354e-57
"RW",0.100501713814671,0.00778346759128505,12.9122030298168,1.08480328630073e-36
"GM:RW",-0.0226628176282409,0.00978778924969082,-2.3154174093968,0.0206910880124444
