"","Estimate","Std..Error","t.value","Pr...t.."
"GF",-1.02249222957095,0.0259651414600646,-39.3794207184883,1.59223374050911e-251
"GM",0.00561983804543006,0.0198985431103151,0.282424598337393,0.777647208372468
