"","Estimate","X95..CI.Lower","X95..CI.Upper","p.value"
"ACME",0.82516447225124,0.776953692555307,0.873169670046952,0
"ADE",0.119363861790952,0.107854735446204,0.130549480374976,0
"Total Effect",0.944528334042191,0.894648187154502,0.993230675307946,0
"Prop. Mediated",0.873599123986998,0.860899402172226,0.886438742283059,0
