"","Estimate","Std..Error","t.value","Pr...t.."
"GF",-1.03602488683843,0.0268489790483036,-38.5871241127839,6.69396690272527e-244
"GM",-0.0108284688392514,0.0205758773886258,-0.526270089713759,0.59875897266876
