"","Estimate","X95..CI.Lower","X95..CI.Upper","p.value"
"ACME",0.82399325752533,0.772954725743619,0.878272119586578,0
"ADE",0.120182696563589,0.109027140727495,0.130675287553973,0
"Total Effect",0.944175954088918,0.890580969814201,0.997315037446309,0
"Prop. Mediated",0.872597174045036,0.859158772229073,0.885351084325488,0
