"","Estimate","Std..Error","t.value","Pr...t.."
"X",0.80305166508124,0.00311353476349939,257.922819586144,0
"GF",-0.208271304798074,0.00688936392381483,-30.2308467227477,1.33603735205355e-165
"GM",-0.0759314635598385,0.00474866765872356,-15.9900563730436,3.03563674965749e-54
"RW",0.0947662427229113,0.00768652468294351,12.3288802979061,1.03375128993236e-33
"GM:RW",-0.0189182663805797,0.00971857027048886,-1.94661003152145,0.0517216993350731
