"","Estimate","X95..CI.Lower","X95..CI.Upper","p.value"
"ACME",0.862058206146058,0.814552473808927,0.907222533974854,0
"ADE",0.132533272614457,0.120349346676731,0.144866126682236,0
"Total Effect",0.994591478760515,0.946444244680799,1.04114410365689,0
"Prop. Mediated",0.866626074581553,0.85476095330421,0.87952322208878,0
