"","Estimate","Std..Error","t.value","Pr...t.."
"X",0.800522287300347,0.00337327220204713,237.313279021639,0
"GF",-0.2153015421291,0.00709413015404132,-30.3492517692883,1.14218476109227e-166
"GM",-0.0670476952829456,0.00478838332853609,-14.0021570293629,1.45945137576138e-42
"RW",0.0910395865765098,0.00785514091957149,11.5898094647392,4.17589039955989e-30
"GM:RW",-0.0247335473095382,0.0099033192748173,-2.49750074931261,0.0125872221567429
