"","Estimate","Std..Error","t.value","Pr...t.."
"GF",-1.03469858821573,0.0251787946115159,-41.0940477564597,4.38688955323118e-268
"GM",0.0428218181386066,0.0192959214496717,2.21921602709132,0.0265839697331483
