"","Estimate","Std..Error","t.value","Pr...t.."
"GF",-0.995369685240322,0.0260620539621603,-38.192296228283,4.13610972533039e-240
"GM",0.0187363550953433,0.0199728125921065,0.938092970578824,0.348310016750849
