"","Estimate","X95..CI.Lower","X95..CI.Upper","p.value"
"ACME",0.816070969832792,0.766389840954078,0.86853694098783,0
"ADE",0.12420215267717,0.112871772718671,0.135456975735302,0
"Total Effect",0.940273122509962,0.890350986439097,0.993921339816972,0
"Prop. Mediated",0.867689083942984,0.855078524262723,0.881449009436641,0
