"","Estimate","Std..Error","t.value","Pr...t.."
"X",0.804819219770982,0.00325181532540711,247.498439866115,0
"GF",-0.206365934142042,0.00699193907865367,-29.5148358446194,3.55710936609454e-159
"GM",-0.0813185082244322,0.00481423844493133,-16.8912506421547,6.2380924808842e-60
"RW",0.084393031259624,0.00780020758072103,10.8193314583332,1.49767262002906e-26
"GM:RW",-0.000944486692734063,0.00986166463199188,-0.0957735562888731,0.923710038798552
