"","Estimate","Std..Error","t.value","Pr...t.."
"X",0.799168842242191,0.0032142986588744,248.629305194075,0
"GF",-0.204317672383999,0.0068311935050228,-29.9095132107983,1.03895849946163e-162
"GM",-0.0850425604488609,0.0047271559627752,-17.990216764275,3.54397978268314e-67
"RW",0.0772907109227105,0.00767007561565485,10.0769164211312,2.49998262839983e-23
"GM:RW",0.0150472904781823,0.00969442109649211,1.55215977606204,0.120782610852719
