"","Estimate","Std..Error","t.value","Pr...t.."
"GF",-1.0184933823366,0.0259101233604737,-39.308704484608,7.64337638045652e-251
"GM",0.0485227160787126,0.0198563796571238,2.44368394020429,0.0146241388198061
