"","Estimate","X95..CI.Lower","X95..CI.Upper","p.value"
"ACME",0.852324004908385,0.800321395271269,0.898685540575427,0
"ADE",0.128650574299895,0.118072261959585,0.14027102261987,0
"Total Effect",0.98097457920828,0.927147213538197,1.02867536782802,0
"Prop. Mediated",0.868906185310509,0.855948005591658,0.880570984606934,0
