"","Estimate","X95..CI.Lower","X95..CI.Upper","p.value"
"ACME",0.778814813029189,0.727611257883535,0.831996222166928,0
"ADE",0.126646476149099,0.115725333455925,0.137208611158829,0
"Total Effect",0.905461289178288,0.855086922286585,0.956543601511655,0
"Prop. Mediated",0.859983763555988,0.846499238595008,0.873334271169893,0
