"","Estimate","Std..Error","t.value","Pr...t.."
"GF",-0.977018927700846,0.0259578710601218,-37.6386386016766,8.35963126013751e-235
"GM",-0.00244301798524754,0.0198929713953713,-0.12280809823192,0.9022714125751
