"","Estimate","Std..Error","t.value","Pr...t.."
"X",0.798800156866662,0.00324843245644385,245.903267984562,0
"GF",-0.207877422434797,0.00675012770618061,-30.7960725312587,1.03169095971936e-170
"GM",-0.0843032452988149,0.00479560467463544,-17.5792733176497,1.984898264343e-64
"RW",0.08228487375115,0.00775037113246718,10.6168946421739,1.18585703788442e-25
"GM:RW",0.00496539407602944,0.00980215983926071,0.506561222980826,0.61251869957199
