"","Estimate","X95..CI.Lower","X95..CI.Upper","p.value"
"ACME",0.794685633584084,0.741598331241189,0.849700189899874,0
"ADE",0.114636599507125,0.103529481583814,0.125571992321658,0
"Total Effect",0.909322233091209,0.853940086930192,0.961926482554558,0
"Prop. Mediated",0.87383643187854,0.860952806220505,0.88678937312542,0
