"","Estimate","Std..Error","t.value","Pr...t.."
"X",0.802808833681133,0.00321580238531153,249.644952484654,0
"GF",-0.202457558259902,0.00706372758777014,-28.6615750316348,1.34485134164781e-151
"GM",-0.0786743203001447,0.00481368920588037,-16.343872014844,1.89447183424609e-56
"RW",0.0863480304449081,0.00786882853005534,10.9734289055986,3.03009913625695e-27
"GM:RW",-0.0142671932973378,0.00992728100815283,-1.43717028717338,0.150826426678501
