"","Estimate","Std..Error","t.value","Pr...t.."
"GF",-1.00902840411445,0.0264924955688066,-38.0873293530914,4.2016734086268e-239
"GM",-0.0201068658955557,0.0203026841192652,-0.990355057362899,0.322120522269165
