"","Estimate","Std..Error","t.value","Pr...t.."
"X",0.797238743348413,0.00324900215103502,245.379567721875,0
"GF",-0.214464040285883,0.0069923876687802,-30.6710740943939,1.4029731144112e-169
"GM",-0.0772705016102431,0.00469376139197733,-16.4623838234119,3.39488981340593e-57
"RW",0.0886509055194127,0.00781356812075784,11.3457647196931,5.8823426247296e-29
"GM:RW",-0.00840708765449896,0.00981494948381699,-0.856559442140855,0.391791280873936
