"","Estimate","Std..Error","t.value","Pr...t.."
"GF",-0.967353739577096,0.025843119098597,-37.4317719113717,7.96601364725367e-233
"GM",-0.00559199654420299,0.0198050305360116,-0.282352331345061,0.777702607299567
