"","Estimate","X95..CI.Lower","X95..CI.Upper","p.value"
"ACME",0.766475684811868,0.713374713246753,0.815380934333521,0
"ADE",0.131841643987174,0.120541036489966,0.142542095351346,0
"Total Effect",0.898317328799042,0.844546540240148,0.949142172624799,0
"Prop. Mediated",0.853110754787193,0.839235504563954,0.867134484896493,0
