"","Estimate","Std..Error","t.value","Pr...t.."
"GF",-0.942923572761996,0.026406345266165,-35.708219492615,2.03980494678456e-216
"GM",0.0142265458294665,0.0202366623140802,0.703008510428523,0.482132348858077
