"","Estimate","X95..CI.Lower","X95..CI.Upper","p.value"
"ACME",0.764268087949417,0.713531298418225,0.816514118031407,0
"ADE",0.124327258476455,0.113039025158182,0.135064301256677,0
"Total Effect",0.888595346425872,0.836966297043808,0.942176519535882,0
"Prop. Mediated",0.860000799825577,0.845658624732626,0.873735666660043,0
