"","Estimate","Std..Error","t.value","Pr...t.."
"X",0.799273654236693,0.00318283453796274,251.12007699536,0
"GF",-0.202695331808107,0.00685054567155932,-29.5882023894265,7.86031274576719e-160
"GM",-0.0775236076253774,0.00478877745130308,-16.1886010393493,1.77647941798009e-55
"RW",0.0796697712411948,0.0077128291445382,10.3295133015636,2.10924841711653e-24
"GM:RW",-0.00122219457999353,0.00975907436984035,-0.125236731853446,0.900348756445454
