"","Estimate","Std..Error","t.value","Pr...t.."
"X",0.796783138108015,0.0031775417760902,250.754575157282,0
"GF",-0.218516852530872,0.00694474033572592,-31.4650860892167,8.31184551642987e-177
"GM",-0.0737094168644438,0.00467150867140354,-15.7785037017384,6.06557997385511e-53
"RW",0.0942426645624918,0.00766653719892405,12.2927290531791,1.56755066513082e-33
"GM:RW",-0.0190768590054075,0.00965960951215714,-1.97490995690853,0.0484160445255963
