"","Estimate","Std..Error","t.value","Pr...t.."
"GF",-1.0111659297506,0.0260922313016383,-38.7535246817743,1.68381537393629e-245
"GM",0.0129630399243651,0.0199959391786294,0.648283624418065,0.516876017475854
