"","Estimate","X95..CI.Lower","X95..CI.Upper","p.value"
"ACME",0.814914505180776,0.76130044294448,0.864373794245827,0
"ADE",0.133087013228538,0.121762143897873,0.144923897944811,0
"Total Effect",0.948001518409314,0.894279760720923,0.99924642133303,0
"Prop. Mediated",0.859552281542037,0.844972038351036,0.872164262413435,0
