"","Estimate","Std..Error","t.value","Pr...t.."
"X",0.801531476572172,0.00319239406822279,251.075355812318,0
"GF",-0.578038558305647,0.0118651766801577,-48.7172314317333,0
"GM",-0.238676876886611,0.0056243794443825,-42.4361263756833,5.60709221405562e-281
"RW",0.228031553428929,0.00927640603903853,24.5818857507194,8.84983805375467e-117
"GM:RW",0.0164497935103471,0.0116751694773423,1.40895543677296,0.159004185466035
