"","Estimate","X95..CI.Lower","X95..CI.Upper","p.value"
"ACME",2.37772564418019,2.31215975301876,2.44180182446626,0
"ADE",0.350249044459861,0.329867452434394,0.371088539806628,0
"Total Effect",2.72797468864005,2.66293899486461,2.78771794150567,0
"Prop. Mediated",0.871491131394319,0.863488006139989,0.879730412663578,0
