"","Estimate","Std..Error","t.value","Pr...t.."
"GF",-2.95156904011633,0.0313500518369956,-94.1487770247717,0
"GM",0.0135448797917474,0.0240253017280314,0.563775637245961,0.572970104435739
