"","Estimate","Std..Error","t.value","Pr...t.."
"GF",-1.02288255148201,0.0258088856892422,-39.6329606709203,5.73022295074774e-254
"GM",-0.00496035126454449,0.0197787955558206,-0.250791371524377,0.802001200019327
