"","Estimate","Std..Error","t.value","Pr...t.."
"X",0.797624739887742,0.00330746657784723,241.158820841933,0
"GF",-0.208043242903771,0.00695347209109703,-29.9193324109465,8.48075897609906e-163
"GM",-0.0799808842784107,0.00488147380746322,-16.384577165226,1.05073209444429e-56
"RW",0.0901622481319484,0.00782567547765067,11.5213374729686,8.81444069784594e-30
"GM:RW",-0.00941216585529613,0.0099193145086572,-0.948872610812123,0.342800332110682
