"","Estimate","X95..CI.Lower","X95..CI.Upper","p.value"
"ACME",0.813034664730879,0.758412876316771,0.861997173970768,0
"ADE",0.122239711114611,0.110663414087833,0.133795296367624,0
"Total Effect",0.93527437584549,0.882264048165732,0.985402989769286,0
"Prop. Mediated",0.869284774564981,0.855933387611846,0.882768349562994,0
