"","Estimate","X95..CI.Lower","X95..CI.Upper","p.value"
"ACME",0.771507814635985,0.719606981600079,0.822753758939693,0
"ADE",0.119497997049159,0.108207389798861,0.130023652428774,0
"Total Effect",0.891005811685144,0.839263163888813,0.942978105319581,0
"Prop. Mediated",0.865896941657367,0.852637504564272,0.879178122940145,0
