"","Estimate","Std..Error","t.value","Pr...t.."
"X",0.802540549337016,0.00324363136371217,247.420393795474,0
"GF",-0.194470440176392,0.00684721240896457,-28.4014031639774,2.63654198452598e-149
"GM",-0.0754199306539388,0.00471168938415101,-16.0069827411869,2.38568599589869e-54
"RW",0.0744048105462132,0.00760730368967864,9.78070727571498,4.2378079147027e-22
"GM:RW",0.000997011443797646,0.00963402524686653,0.103488564566708,0.917585626585109
