"","Estimate","Std..Error","t.value","Pr...t.."
"GF",-1.00139277022197,0.0255402859567456,-39.208361719908,7.0748668153736e-250
"GM",-0.0405032011899812,0.0195729525272077,-2.06934549775662,0.0386419713614171
