"","Estimate","X95..CI.Lower","X95..CI.Upper","p.value"
"ACME",0.77140201690144,0.716868959192391,0.820805710375201,0
"ADE",0.127974903722723,0.116718018334214,0.139026326088933,0
"Total Effect",0.899376920624163,0.847302859102727,0.950284962363769,0
"Prop. Mediated",0.857932760666725,0.844144041133618,0.871605769034683,0
