"","Estimate","Std..Error","t.value","Pr...t.."
"GF",-0.984796036285981,0.0259932394084596,-37.8866220100861,3.52664452061085e-237
"GM",-0.0221709901803946,0.0199200761429122,-1.11299726071997,0.265843491988041
