"","Estimate","Std..Error","t.value","Pr...t.."
"X",0.802217969836806,0.00325135857844203,246.733157996129,0
"GF",-0.203382046302935,0.00711143237291016,-28.5993082178051,4.76538012661044e-151
"GM",-0.0731886942945432,0.00470174083232103,-15.5662970173567,1.1860166119424e-51
"RW",0.0846254448861668,0.00789497465478722,10.7189001341319,4.19841891609735e-26
"GM:RW",-0.00417980120426588,0.00989555363185853,-0.422391849891966,0.672784543111005
