"","Estimate","Std..Error","t.value","Pr...t.."
"X",0.797094747508597,0.00322274989459087,247.333728517517,0
"GF",-0.20312516955711,0.0068554186606841,-29.6298708526781,3.33256552892173e-160
"GM",-0.0734779720767524,0.00476249396142969,-15.4284651428082,8.04442276311104e-51
"RW",0.0797107719195924,0.00773927965286347,10.2995078993043,2.83732957185702e-24
"GM:RW",-0.00516933081669005,0.00977687792002354,-0.528730220319413,0.597051425529712
