"","Estimate","X95..CI.Lower","X95..CI.Upper","p.value"
"ACME",0.803258510130898,0.754480625030287,0.855497021145521,0
"ADE",0.126276445186182,0.115760393230663,0.136879295156285,0
"Total Effect",0.92953495531708,0.882369451217647,0.982537007405685,0
"Prop. Mediated",0.864083216391576,0.851714460145,0.876930185006679,0
