"","Estimate","Std..Error","t.value","Pr...t.."
"GF",-0.980569744012444,0.0260584441947893,-37.6296350113075,1.0194395254527e-234
"GM",0.0256622784044013,0.0199700462250616,1.28503850793275,0.198927772762786
