"","Estimate","Std..Error","t.value","Pr...t.."
"X",0.802748315244782,0.00312718490111739,256.69998437187,0
"GF",-0.190790137225885,0.00678124589830543,-28.1349681293169,5.74668546974461e-147
"GM",-0.0762803552865264,0.00478756569750512,-15.9330148359692,6.82729558987595e-54
"RW",0.0694224722112703,0.0076149518654524,9.11660026719629,1.83664511868581e-19
"GM:RW",0.00970974982359103,0.00967028605244593,1.00408093110494,0.315461373154639
