"","Estimate","Std..Error","t.value","Pr...t.."
"GF",-1.04606992311363,0.0266311477913408,-39.2799413419861,1.44658654498908e-250
"GM",0.0411152364195118,0.0204089410881202,2.01456980261678,0.0440834986844645
