"","Estimate","X95..CI.Lower","X95..CI.Upper","p.value"
"ACME",0.872847009982031,0.816076366906963,0.924396822672215,0
"ADE",0.120541749765551,0.1088303167455,0.131627813111043,0
"Total Effect",0.993388759747582,0.936522169145274,1.04503109040778,0
"Prop. Mediated",0.878650320230022,0.866208768826435,0.890566517317574,0
