"","Estimate","Std..Error","t.value","Pr...t.."
"GF",-1.02814956663577,0.0256413865441646,-40.0972687208194,1.89691352316361e-258
"GM",-0.00244660980037868,0.0196504315735025,-0.124506670055929,0.90092664414596
