"","Estimate","X95..CI.Lower","X95..CI.Upper","p.value"
"ACME",0.825767075181573,0.77542503277785,0.873726061717167,0
"ADE",0.117282501420141,0.105079399872106,0.128302450583063,0
"Total Effect",0.943049576601714,0.891307806261057,0.993276138729064,0
"Prop. Mediated",0.875340985209771,0.863816462584594,0.888183909960817,0
