"","Estimate","Std..Error","t.value","Pr...t.."
"X",0.805700280578317,0.00325491288596622,247.533592696797,0
"GF",-0.197817287326167,0.00712040572033978,-27.7817437791631,6.99594024438093e-144
"GM",-0.0785251014250444,0.0046316878016453,-16.9538848013785,2.46103592325254e-60
"RW",0.0799377650416947,0.00781226906804357,10.2323363859399,5.495538482655e-24
"GM:RW",-0.0028508245257329,0.00978246457104266,-0.291421911628661,0.770758954653056
