"","Estimate","X95..CI.Lower","X95..CI.Upper","p.value"
"ACME",0.825117165295276,0.774640451778558,0.877440479159677,0
"ADE",0.128134328701504,0.116974439126035,0.140019834640474,0
"Total Effect",0.95325149399678,0.903144361639046,1.00847523177676,0
"Prop. Mediated",0.865789893837105,0.851607544741282,0.877172314710002,0
