"","Estimate","Std..Error","t.value","Pr...t.."
"GF",-1.04441887211565,0.0267927370575374,-38.9814176085391,1.08218486126648e-247
"GM",-0.00895972671280383,0.0205327759990343,-0.436362171058858,0.662621127328172
