"","Estimate","Std..Error","t.value","Pr...t.."
"X",0.796336519659714,0.00309341951407355,257.429202872993,0
"GF",-0.207308821921857,0.00696201228178873,-29.7771410809108,1.59974872023987e-161
"GM",-0.0733228400863122,0.00461159490790363,-15.8996706238545,1.09538468927491e-53
"RW",0.0789934085881962,0.0077340752628295,10.2136850112959,6.59834397227848e-24
"GM:RW",-0.00944472204889978,0.00969599009328795,-0.974085364983808,0.330132247055103
