"","Estimate","Std..Error","t.value","Pr...t.."
"GF",-1.00162173191413,0.0258446488229619,-38.7554785044799,1.61253502681605e-245
"GM",0.0350952069644986,0.0198062028495254,1.77193009842063,0.0765585421197557
