"","Estimate","X95..CI.Lower","X95..CI.Upper","p.value"
"ACME",0.829916253168148,0.781323129027477,0.881551852064442,0
"ADE",0.128125288132666,0.117011295236314,0.139538452616563,0
"Total Effect",0.958041541300814,0.908806522035097,1.00979490762556,0
"Prop. Mediated",0.866618555858122,0.853223448588755,0.878324994589448,0
