"","Estimate","Std..Error","t.value","Pr...t.."
"X",0.800185249337806,0.00322955552578561,247.769466401466,0
"GF",-0.206551161507924,0.00699596326408681,-29.524334778634,2.92579204563401e-159
"GM",-0.0798895946865233,0.00466290119022537,-17.1330232890185,1.69720017270002e-61
"RW",0.0825351257390985,0.00777522285412239,10.6151459948622,1.20706274944871e-25
"GM:RW",0.00224655076852371,0.00976153367566609,0.230143217568772,0.818004078308888
