"","Estimate","Std..Error","t.value","Pr...t.."
"GF",-0.959549534912672,0.0267196620629946,-35.9117391773304,2.40026206605016e-218
"GM",-0.0211714398783307,0.0204767745352475,-1.03392454909768,0.301296563562815
