"","Estimate","X95..CI.Lower","X95..CI.Upper","p.value"
"ACME",0.745171616979601,0.693049354600119,0.797789615629121,0
"ADE",0.124885044980036,0.114308237037363,0.13607156606339,0
"Total Effect",0.870056661959636,0.814765127192106,0.923473386465212,0
"Prop. Mediated",0.856388792007445,0.842540468313182,0.870726669810534,0
