"","Estimate","Std..Error","t.value","Pr...t.."
"X",0.794612642202753,0.00313503458345836,253.462161596377,0
"GF",-0.211306252926057,0.00690540031623819,-30.6001452847225,6.15897021945736e-169
"GM",-0.0847415775171466,0.00464116733613318,-18.2586774791339,5.36570509241558e-69
"RW",0.0842243879063586,0.00783250310069819,10.7531892197848,2.95565372521136e-26
"GM:RW",-0.00245569892877536,0.00979969976616439,-0.250589200421649,0.802157536045295
