"","Estimate","Std..Error","t.value","Pr...t.."
"GF",-0.983179668574887,0.0255806403237605,-38.4345214244564,1.95693275569174e-242
"GM",0.0223721784613414,0.019603878340301,1.14121185986701,0.253918531061269
