"","Estimate","Std..Error","t.value","Pr...t.."
"X",0.793101126591284,0.00326688576480468,242.769776383259,0
"GF",-0.214063513988417,0.00699815944528757,-30.5885448398241,7.84389604485148e-169
"GM",-0.0806674929765028,0.00464638034963192,-17.3613623738085,5.44957611304305e-63
"RW",0.0903864865662544,0.00781057678337412,11.5723190582614,5.05571206476787e-30
"GM:RW",-0.00866142675975836,0.00978858729818459,-0.884849518721125,0.376344428120792
