"","Estimate","X95..CI.Lower","X95..CI.Upper","p.value"
"ACME",0.796382279993865,0.747243388972996,0.84308342221712,0
"ADE",0.127670377725726,0.116812464310196,0.139301278899575,0
"Total Effect",0.924052657719591,0.873517599469287,0.971918515475159,0
"Prop. Mediated",0.861994277307509,0.847687787776751,0.875251580368412,0
