"","Estimate","X95..CI.Lower","X95..CI.Upper","p.value"
"ACME",2.42281293324407,2.36214460080549,2.48404769592664,0
"ADE",0.361027442844311,0.337898508174918,0.383560083636036,0
"Total Effect",2.78384037608838,2.72383659898205,2.84342655784704,0
"Prop. Mediated",0.870164787153136,0.861822535371799,0.878951087254665,0
