"","Estimate","Std..Error","t.value","Pr...t.."
"GF",-3.02032748742541,0.0300493864519498,-100.512118350737,0
"GM",0.00728357569478032,0.0230285289480241,0.316284887811093,0.751819318961636
