"","Estimate","Std..Error","t.value","Pr...t.."
"X",0.800281752534144,0.00324997158319702,246.242692296682,0
"GF",-0.602918892105687,0.0121347439767435,-49.6853409730929,0
"GM",-0.233321394976671,0.00546484124600714,-42.6949996300709,1.73565695657845e-283
"RW",0.246205518583616,0.00907767586195847,27.1220874514128,3.63517128488453e-138
"GM:RW",-0.0141918837324897,0.011406349467175,-1.24420909365709,0.213568776611085
