"","Estimate","Std..Error","t.value","Pr...t.."
"GF",-1.01959145017842,0.0262307186166094,-38.8701302881124,1.27333241973341e-246
"GM",-0.0104344581149215,0.0201020697695767,-0.519073818493727,0.603766753911413
