"","Estimate","X95..CI.Lower","X95..CI.Upper","p.value"
"ACME",0.810752254343657,0.760647486977235,0.863208831432048,0
"ADE",0.110489777276276,0.100146880052585,0.121304609042632,0
"Total Effect",0.921242031619934,0.86886007235087,0.974542536815265,0
"Prop. Mediated",0.880128942402433,0.866501011070232,0.892525146221059,0
