"","Estimate","Std..Error","t.value","Pr...t.."
"X",0.803609369089578,0.00316696534635166,253.747446278607,0
"GF",-0.199379214452151,0.00685232344942086,-29.0965854025764,1.8907303189377e-155
"GM",-0.0808230355792484,0.00471479609628069,-17.1424243867103,1.47412881537162e-61
"RW",0.090479949796112,0.00765108818635063,11.8257622435363,3.09092541353828e-31
"GM:RW",-0.0129900924318965,0.00966973500633333,-1.34337625833473,0.179302956185062
