"","Estimate","X95..CI.Lower","X95..CI.Upper","p.value"
"ACME",0.803010607020853,0.752498267256142,0.855123930964652,0
"ADE",0.120173020800907,0.109295913578677,0.130455123439464,0
"Total Effect",0.923183627821759,0.870766581829755,0.975812017928171,0
"Prop. Mediated",0.869640523563049,0.857087023236131,0.882452776334832,0
