"","Estimate","Std..Error","t.value","Pr...t.."
"X",0.800541113183948,0.00313514254692658,255.344406578492,0
"GF",-0.204209652347544,0.00692265204577931,-29.4987601568172,4.95081520992636e-159
"GM",-0.0814520356755453,0.00470211261735962,-17.322434042697,9.81712382182511e-63
"RW",0.0834379637687356,0.00769855231526299,10.8381368797499,1.23363679355679e-26
"GM:RW",-0.0045374207085668,0.00970683229883865,-0.467446080129526,0.640231813170425
