"","Estimate","Std..Error","t.value","Pr...t.."
"GF",-1.0163310205522,0.0265714455857004,-38.2489924108288,1.18192569144068e-240
"GM",-0.014135092214262,0.0203631879419437,-0.694149278323307,0.487669296539045
