"","Estimate","X95..CI.Lower","X95..CI.Upper","p.value"
"ACME",0.792734585222244,0.740873342033095,0.842854765256766,0
"ADE",0.111573884071332,0.10032652268794,0.122817703337321,0
"Total Effect",0.904308469293576,0.852236322399557,0.954067971671011,0
"Prop. Mediated",0.876619302890858,0.863074442815924,0.889788452138283,0
