"","Estimate","Std..Error","t.value","Pr...t.."
"X",0.801141555894405,0.00315661451592441,253.79771646263,0
"GF",-0.198076047760065,0.00670128929408553,-29.5579013332382,1.46659109775931e-159
"GM",-0.0830508364757573,0.00476394070748451,-17.4332221106947,1.83399196662669e-63
"RW",0.0818930608186817,0.00762065682055939,10.7461945534336,3.17528642763796e-26
"GM:RW",-0.00537187067307858,0.00966525375614724,-0.555791995596804,0.578415380470251
