"","Estimate","Std..Error","t.value","Pr...t.."
"GF",-0.979877049790818,0.0263584248027097,-37.1750989342157,2.26010013300592e-230
"GM",0.0077430801613433,0.0201999381772447,0.383321973235835,0.701521829219391
