"","Estimate","Std..Error","t.value","Pr...t.."
"GF",-1.02989670141241,0.0263355909850107,-39.1066485653802,6.74565761857018e-249
"GM",0.00946311290328467,0.0201824393430267,0.468878550429252,0.639207602826184
