"","Estimate","X95..CI.Lower","X95..CI.Upper","p.value"
"ACME",0.829300304791678,0.778477855581059,0.875896741260813,0
"ADE",0.123152022136131,0.11181847152356,0.134915962210247,0
"Total Effect",0.952452326927809,0.901363661161201,1.00306738780066,0
"Prop. Mediated",0.870780178057067,0.857789205741501,0.882937938156585,0
