"","Estimate","Std..Error","t.value","Pr...t.."
"X",0.799494110637366,0.00327520277752838,244.105224910899,0
"GF",-0.208770640443427,0.00712964073740093,-29.2820701817766,4.23679820744839e-157
"GM",-0.0830924111793108,0.00489540215440154,-16.9735618358955,1.83649601666518e-60
"RW",0.0861219173570584,0.00794408265231158,10.8410147686465,1.19752882275887e-26
"GM:RW",-0.00446054360538534,0.0100403297278678,-0.444262661315267,0.656900878706362
