"","Estimate","X95..CI.Lower","X95..CI.Upper","p.value"
"ACME",0.765896789823133,0.713778835991224,0.81752986285057,0
"ADE",0.122258911151849,0.110823161761174,0.132720828050011,0
"Total Effect",0.888155700974982,0.835773633907872,0.938211955272602,0
"Prop. Mediated",0.862302087590696,0.848118813800525,0.876256338631188,0
