"","Estimate","Std..Error","t.value","Pr...t.."
"X",0.804125337032738,0.00324441842646728,247.848838014497,0
"GF",-0.204855247897106,0.0070293582036449,-29.1428096224892,7.34396698145811e-156
"GM",-0.0864057439935708,0.00478827120286396,-18.0452903214609,1.50563331423709e-67
"RW",0.0817171520383932,0.00792706720113428,10.3086236012608,2.59310697760321e-24
"GM:RW",0.00588205012319378,0.00997028572959927,0.589958029560923,0.555285599177032
