"","Estimate","Std..Error","t.value","Pr...t.."
"GF",-0.944324966498424,0.026315151386473,-35.8852188471104,4.28351919220598e-218
"GM",0.007833840323029,0.0201667753331354,0.388452798904219,0.697722364636297
