"","Estimate","Std..Error","t.value","Pr...t.."
"GF",-1.01750071449261,0.0257034212399343,-39.5861976891917,1.61828785191852e-253
"GM",-0.00934573237810244,0.0196979722375889,-0.474451495076651,0.635229827625661
