"","Estimate","X95..CI.Lower","X95..CI.Upper","p.value"
"ACME",0.809246832257472,0.761636931741054,0.860187381510674,0
"ADE",0.118255929917857,0.107228690012316,0.129722447980783,0
"Total Effect",0.927502762175328,0.878333199648346,0.977334545195263,0
"Prop. Mediated",0.87233698488486,0.859131138053919,0.885749233849756,0
