"","Estimate","Std..Error","t.value","Pr...t.."
"X",0.803368829530217,0.00318125679415151,252.531902173741,0
"GF",-0.206029502411169,0.00672039931791042,-30.6573304151857,1.86886689096641e-169
"GM",-0.0769456117971077,0.00465430515185016,-16.5321372979854,1.22872901845444e-57
"RW",0.0872823555589475,0.00751125481190518,11.6202096380231,2.99345094640265e-30
"GM:RW",-0.0167646287381278,0.00950711685541989,-1.76337674113793,0.0779900296515725
