"","Estimate","X95..CI.Lower","X95..CI.Upper","p.value"
"ACME",0.752243750243709,0.700963803725872,0.797952145876009,0
"ADE",0.121684848975279,0.110268898500093,0.133000993445361,0
"Total Effect",0.873928599218988,0.821079533355428,0.922047073315021,0
"Prop. Mediated",0.860972669785773,0.846964625000355,0.874293390089025,0
