"","Estimate","Std..Error","t.value","Pr...t.."
"X",0.802214024536913,0.00328754068109308,244.016455568295,0
"GF",-0.211236524527343,0.00676740457495528,-31.2138164916406,1.63571881648035e-174
"GM",-0.0731047129770331,0.00470419126186314,-15.5403360338881,1.70265519319693e-51
"RW",0.104826548377903,0.00769025708206943,13.6310850546617,1.61006927450591e-40
"GM:RW",-0.0264172764847953,0.00970297342282244,-2.72259598512957,0.00653349753504426
