"","Estimate","Std..Error","t.value","Pr...t.."
"GF",-0.931190609518474,0.025327686628336,-36.7657190008297,1.81955928892022e-226
"GM",0.00812318155287568,0.0194100257467744,0.418504419254859,0.675623335430305
