"","Estimate","X95..CI.Lower","X95..CI.Upper","p.value"
"ACME",0.782247163471582,0.735008426598855,0.833748707144401,0
"ADE",0.13434116411375,0.123224793279919,0.144950707742034,0
"Total Effect",0.916588327585332,0.867016209225709,0.968480003395869,0
"Prop. Mediated",0.853359964572995,0.839316992886511,0.866834355536368,0
