"","Estimate","Std..Error","t.value","Pr...t.."
"X",0.802886849014243,0.00329893837092387,243.377341053326,0
"GF",-0.221532198644503,0.00714852883976624,-30.9899006648964,1.78930165868876e-172
"GM",-0.0768052838655558,0.00468542151924272,-16.3923957642064,9.38135259469431e-57
"RW",0.100583126368987,0.00798599890683054,12.5949336510623,4.67751920889884e-35
"GM:RW",-0.0168940714915789,0.00997292787361558,-1.69399314881981,0.0904226760434392
