"","Estimate","Std..Error","t.value","Pr...t.."
"GF",-0.97893625240835,0.0257376111704393,-38.0352413409951,1.32703695117222e-238
"GM",-0.0039764340878197,0.0197241738975004,-0.201602059913071,0.840248357104961
