"","Estimate","Std..Error","t.value","Pr...t.."
"X",0.799430825682242,0.00318792839597472,250.768124745729,0
"GF",-0.20738785480345,0.00691365767210264,-29.9968359209166,1.70675796984971e-163
"GM",-0.078738294542711,0.00470405163683442,-16.7383992824743,5.97219257843038e-59
"RW",0.0940223077238395,0.0077735355109433,12.0951795475145,1.49721599446231e-32
"GM:RW",-0.0146506216139887,0.00978163183449745,-1.49776866088125,0.134351562729582
