"","Estimate","Std..Error","t.value","Pr...t.."
"GF",-0.954023782132112,0.0262818521210073,-36.2997165397469,4.96452121000057e-222
"GM",-0.00485993420191629,0.0201412562397605,-0.241292506488368,0.809353177353795
