"","Estimate","X95..CI.Lower","X95..CI.Upper","p.value"
"ACME",0.757770922763207,0.709565539754213,0.809053408852909,0
"ADE",0.119238259168256,0.108519887593594,0.130259009579815,0
"Total Effect",0.877009181931463,0.827339165781976,0.92700624793692,0
"Prop. Mediated",0.863973442822061,0.850123397889631,0.876652754108235,0
