"","Estimate","X95..CI.Lower","X95..CI.Upper","p.value"
"ACME",0.813516801198139,0.764503430661412,0.861357032041364,0
"ADE",0.130895961144799,0.118874584470238,0.141566763452375,0
"Total Effect",0.944412762342938,0.894418983052787,0.991711275766947,0
"Prop. Mediated",0.861294247022369,0.847923200896092,0.874873293178974,0
