"","Estimate","Std..Error","t.value","Pr...t.."
"GF",-1.04459132876865,0.0259268418558681,-40.2899564310887,2.612938833544e-260
"GM",-0.0247344857730324,0.0198691919771281,-1.24486621305511,0.213326923022895
