"","Estimate","Std..Error","t.value","Pr...t.."
"X",0.798229659041293,0.00323851230464993,246.480353925219,0
"GF",-0.212397946671925,0.00694612774578902,-30.5778923804976,9.79400759194921e-169
"GM",-0.0825940134066312,0.00476683077518574,-17.3268188660238,9.18781957805608e-63
"RW",0.0847324698952445,0.00773192717532926,10.9587775432761,3.53024835166468e-27
"GM:RW",0.00141156801040195,0.00977330723734754,0.144430946057627,0.885174769925744
