"","Estimate","X95..CI.Lower","X95..CI.Upper","p.value"
"ACME",2.39449159961784,2.33336799331946,2.45726322687602,0
"ADE",0.360111301443567,0.338127227891522,0.381718569020509,0
"Total Effect",2.7546029010614,2.69727138904617,2.81301883653037,0
"Prop. Mediated",0.869295289744253,0.861355232622697,0.877761688535956,0
