"","Estimate","Std..Error","t.value","Pr...t.."
"X",0.801210424143076,0.00316621336340649,253.050041858538,0
"GF",-0.605758152018289,0.0119655179607679,-50.6253180183612,0
"GM",-0.248496642182709,0.00533901012286246,-46.5435795146011,8.03350740137867e-321
"RW",0.247679584733172,0.00889143249542051,27.8559821334457,1.57681552270045e-144
"GM:RW",0.00526370168206058,0.0111710086223419,0.471193055167216,0.637554397073701
