"","Estimate","Std..Error","t.value","Pr...t.."
"GF",-2.97127542345781,0.0301791490950214,-98.4545791567059,0
"GM",0.0171952051053582,0.0231279733339229,0.743480842747998,0.45727803057847
