"","Estimate","Std..Error","t.value","Pr...t.."
"X",0.804352846548286,0.00320186780715684,251.213633726661,0
"GF",-0.202592557663954,0.00689263072178171,-29.3926319052219,4.38318154630117e-158
"GM",-0.0786937320827978,0.00478820769861684,-16.4349036290823,5.06200163820783e-57
"RW",0.084919597963135,0.00769227115974889,11.039600164837,1.51649568768153e-27
"GM:RW",-0.0104153212409908,0.00974667395924762,-1.0686026109562,0.285378052750745
