"","Estimate","Std..Error","t.value","Pr...t.."
"GF",-1.005462070715,0.0261897300985854,-38.3914636359428,5.07027191173729e-242
"GM",-0.0113656502332485,0.0200706579710242,-0.566281895175384,0.571265763938272
