"","Estimate","X95..CI.Lower","X95..CI.Upper","p.value"
"ACME",0.797953006441208,0.74397445319161,0.850902471720681,0
"ADE",0.117110337620774,0.106287820897988,0.127816344533821,0
"Total Effect",0.915063344061982,0.86058467073884,0.968480151080371,0
"Prop. Mediated",0.871963356828326,0.857779383187385,0.88458616776944,0
