"","Estimate","X95..CI.Lower","X95..CI.Upper","p.value"
"ACME",0.802231930079711,0.749752789875714,0.853484662670022,0
"ADE",0.132390892375552,0.121237617001678,0.142905597473364,0
"Total Effect",0.934622822455262,0.882876338902681,0.987136128325473,0
"Prop. Mediated",0.858686775327564,0.843841102085125,0.870191410303663,0
