"","Estimate","Std..Error","t.value","Pr...t.."
"X",0.797444672502057,0.00309326664042093,257.800172180934,0
"GF",-0.20853258911812,0.00680646358230212,-30.6374355194285,2.83013476034286e-169
"GM",-0.0795183707526981,0.00454203333027273,-17.5072186773062,5.95497961508663e-64
"RW",0.0800327723470511,0.00750378218174132,10.6656577188224,7.22655048456386e-26
"GM:RW",0.00526105165972069,0.00944225022828323,0.557181978079947,0.577465605362262
