"","Estimate","Std..Error","t.value","Pr...t.."
"GF",-1.04691338719234,0.0261463616739467,-40.0404997164682,6.70076967929576e-258
"GM",-0.0390685323549323,0.0200374223166518,-1.94977835659355,0.0513422507723774
