"","Estimate","Std..Error","t.value","Pr...t.."
"X",0.800541958848562,0.00318334682755027,251.478083355628,0
"GF",-0.202109118056498,0.00724401486585614,-27.9001523049209,6.49281554476029e-145
"GM",-0.0861726504314153,0.00461499027148179,-18.6723363132349,7.73234446322337e-72
"RW",0.0855606058140612,0.00792568556435994,10.7953570854247,1.91696009960164e-26
"GM:RW",-0.000226163681895876,0.00987901471229569,-0.0228933439702632,0.98173763920716
