"","Estimate","X95..CI.Lower","X95..CI.Upper","p.value"
"ACME",0.811960493541404,0.757511249263776,0.863303923782275,0
"ADE",0.115925042695679,0.10407300963848,0.126396162874224,0
"Total Effect",0.927885536237083,0.874291187602826,0.980395702240732,0
"Prop. Mediated",0.874941691582742,0.862316120840412,0.888256953975268,0
