"","Estimate","Std..Error","t.value","Pr...t.."
"GF",-1.00547669262108,0.0263746456265347,-38.1228512738575,1.91755813965226e-239
"GM",0.00850273242404224,0.0202123691036336,0.42066975822808,0.674041487974024
