"","Estimate","X95..CI.Lower","X95..CI.Upper","p.value"
"ACME",0.753864293743307,0.705283536094988,0.8048844863914,0
"ADE",0.124820366756854,0.114496562795437,0.13641394955548,0
"Total Effect",0.878684660500161,0.829293874170246,0.929997634166597,0
"Prop. Mediated",0.858106036195473,0.843616346670249,0.871722628593848,0
