"","Estimate","Std..Error","t.value","Pr...t.."
"X",0.799960839646239,0.003309191461109,241.739061957494,0
"GF",-0.211485213529342,0.00720779486113309,-29.3411809858439,1.26027770649702e-157
"GM",-0.07597272848677,0.00488182477309524,-15.5623628495377,1.25285644155262e-51
"RW",0.0931740858374635,0.00806551852808098,11.5521507405962,6.30078577308104e-30
"GM:RW",-0.0168527887945102,0.0101467641813878,-1.66090277582515,0.0968901079670695
