"","Estimate","Std..Error","t.value","Pr...t.."
"GF",-0.957938904115207,0.0262760201422504,-36.4567730930794,1.59256984130373e-223
"GM",-0.0160875646529736,0.0201367868675873,-0.798914184212207,0.424435130387815
