"","Estimate","Std..Error","t.value","Pr...t.."
"X",0.793615998054315,0.00329373465197237,240.947156316638,0
"GF",-0.209481881610904,0.00711777079276915,-29.4308271100433,2.00023427166858e-158
"GM",-0.0787954337932102,0.00482549877981168,-16.3289718614923,2.35004039204083e-56
"RW",0.096873591508185,0.00797242537979271,12.1510816211244,7.9307771154023e-33
"GM:RW",-0.0187829148144136,0.010031802349895,-1.87233700977076,0.0613061717599403
