"","Estimate","X95..CI.Lower","X95..CI.Upper","p.value"
"ACME",0.756931790546747,0.706036679099076,0.805044400540034,0
"ADE",0.118674456601943,0.107122412630231,0.129221314244935,0
"Total Effect",0.87560624714869,0.824003733552585,0.926386628768653,0
"Prop. Mediated",0.864388264228971,0.85029170601834,0.878228547581887,0
