"","Estimate","Std..Error","t.value","Pr...t.."
"GF",-0.972924941769162,0.0260893699790845,-37.2920059989621,1.72695485457063e-231
"GM",-0.0178922108170011,0.0199937463867945,-0.894890355757366,0.370953492849462
