"","Estimate","Std..Error","t.value","Pr...t.."
"X",0.802772728197869,0.00321664619315702,249.568239710559,0
"GF",-0.208031958368457,0.00705877089069197,-29.4714138750102,8.68658335145783e-159
"GM",-0.0768080161749521,0.0047618940181781,-16.1297197883331,4.13372218154797e-55
"RW",0.0897027262834559,0.00780789714671038,11.488717717196,1.2565428961939e-29
"GM:RW",-0.0150216328742089,0.00985046540305387,-1.52496681725838,0.127425876975837
