"","Estimate","X95..CI.Lower","X95..CI.Upper","p.value"
"ACME",0.786247674352038,0.733085536867224,0.838748180311766,0
"ADE",0.121834390193933,0.110928251614227,0.133162411253236,0
"Total Effect",0.908082064545971,0.854996269192427,0.961976290080556,0
"Prop. Mediated",0.866049853326862,0.851392343740989,0.879224217412943,0
