"","Estimate","Std..Error","t.value","Pr...t.."
"GF",-0.975448953959325,0.0262733805579531,-37.1268916768326,6.52350881466011e-230
"GM",0.00401763084624935,0.0201347640062055,0.199537021889659,0.84186299070237
