"","Estimate","X95..CI.Lower","X95..CI.Upper","p.value"
"ACME",0.819272123149704,0.767328843921287,0.870979367875552,0
"ADE",0.127087211986805,0.116359872635468,0.137314749362311,0
"Total Effect",0.946359335136509,0.894765411209368,1.00108595032671,0
"Prop. Mediated",0.865624709445536,0.85263700939144,0.877660012620576,0
