"","Estimate","Std..Error","t.value","Pr...t.."
"X",0.800748806019664,0.00314326050067499,254.751015974562,0
"GF",-0.210130434121059,0.00690883615975919,-30.4147369053231,2.92661510848389e-167
"GM",-0.0754099430329244,0.0045990038369719,-16.3970167684348,8.77329835194379e-57
"RW",0.084395002304765,0.00764207343997526,11.0434691537115,1.45618236809763e-27
"GM:RW",-0.0121470335991702,0.0096031866985878,-1.26489612046765,0.20605629993886
