"","Estimate","Std..Error","t.value","Pr...t.."
"X",0.797502385568727,0.00320221475737066,249.047127065131,0
"GF",-0.198612316926376,0.00685765029784749,-28.9621529678638,2.94821219263745e-154
"GM",-0.0831280664837196,0.00468981671546918,-17.7252271308439,2.1227144607748e-65
"RW",0.0719669821475801,0.00769300614799878,9.3548582651661,2.17300384889807e-20
"GM:RW",0.0157137922160544,0.00969740248811969,1.62041250069855,0.105301734624502
