"","Estimate","X95..CI.Lower","X95..CI.Upper","p.value"
"ACME",0.782432037850406,0.73357152677006,0.833865112505106,0
"ADE",0.125495549127851,0.114425710613073,0.136159450171096,0
"Total Effect",0.907927586978257,0.85585097999035,0.959880694646367,0
"Prop. Mediated",0.861721684581248,0.848623212204755,0.87467624067982,0
