"","Estimate","Std..Error","t.value","Pr...t.."
"GF",-0.970123672199364,0.0259722555130026,-37.3523074156453,4.58099786232044e-232
"GM",0.0112180929245851,0.0199039950077867,0.563610115466591,0.573082749809298
