"","Estimate","Std..Error","t.value","Pr...t.."
"X",0.796501435218883,0.00318839042843485,249.813017915086,0
"GF",-0.21082904910507,0.0068365743783925,-30.8384049431848,4.25897088736257e-171
"GM",-0.0749621961646888,0.00468982783148574,-15.9839974639199,3.30890709336176e-54
"RW",0.0909909833088669,0.00763822402193649,11.9125837429678,1.17258294499459e-31
"GM:RW",-0.0197198231776742,0.00964484230164059,-2.04459778200001,0.0410255298219967
