"","Estimate","X95..CI.Lower","X95..CI.Upper","p.value"
"ACME",0.781749216829801,0.727064698167488,0.835733348792949,0
"ADE",0.123364354724962,0.112888065783396,0.134788356663542,0
"Total Effect",0.905113571554762,0.850802213723983,0.959569357398949,0
"Prop. Mediated",0.863514463047046,0.849433336693575,0.876749896075338,0
