"","Estimate","Std..Error","t.value","Pr...t.."
"GF",-0.992604978162651,0.025974360791458,-38.214799052498,2.51588931321159e-240
"GM",-0.00889002652719571,0.0199056084006569,-0.446609133881201,0.655205700475033
