"","Estimate","Std..Error","t.value","Pr...t.."
"GF",-1.01771818621369,0.0256726483434679,-39.6421192156686,4.67582550027075e-254
"GM",0.000175458952047772,0.0196743892423679,0.00891813971383309,0.992885338657582
