"","Estimate","X95..CI.Lower","X95..CI.Upper","p.value"
"ACME",0.809508767707231,0.757261697579647,0.860999387109261,0
"ADE",0.125046569484788,0.114145477700156,0.135528693976922,0
"Total Effect",0.934555337192019,0.88196481092444,0.986492300185678,0
"Prop. Mediated",0.865973487745145,0.852667159869207,0.878695114960512,0
