"","Estimate","Std..Error","t.value","Pr...t.."
"X",0.795893983759688,0.00314650567546979,252.945351398693,0
"GF",-0.215752854571965,0.00695774271890197,-31.0090302686579,1.19863792694066e-172
"GM",-0.0801669523275776,0.00446418545104439,-17.9578006350123,5.86050953093131e-67
"RW",0.0988998694630595,0.00759077266778202,13.0289594737603,2.66223131618034e-37
"GM:RW",-0.0166698542896413,0.00948570033950103,-1.75736674077965,0.0790086845869573
