"","Estimate","Std..Error","t.value","Pr...t.."
"GF",-3.01401778284499,0.03019563811285,-99.8163301461196,0
"GM",-0.00215537487000649,0.0231406097924075,-0.0931425268971811,0.925799671092605
