"","Estimate","Std..Error","t.value","Pr...t.."
"X",0.797381413494334,0.00328124701216591,243.011699679382,0
"GF",-0.616339920626353,0.012276611936667,-50.2043987222167,0
"GM",-0.245431161068642,0.0055626078394595,-44.1216005427572,2.52260377991166e-297
"RW",0.240130386401718,0.00919159187232789,26.1250053023624,1.19785582281099e-129
"GM:RW",-0.00510582636363887,0.0115658676281776,-0.441456406711736,0.658930455241774
