"","Estimate","X95..CI.Lower","X95..CI.Upper","p.value"
"ACME",2.40010901615505,2.33205760637312,2.46116049941849,0
"ADE",0.36799747671974,0.34620416860567,0.390443296646816,0
"Total Effect",2.7681064928748,2.70185546936704,2.82594053095347,0
"Prop. Mediated",0.866981450387579,0.858766797977064,0.875475949261863,0
