"","Estimate","Std..Error","t.value","Pr...t.."
"GF",-1.02265884040618,0.0261893368776693,-39.0486725640682,2.43822899504313e-248
"GM",0.00318994939342024,0.0200703566237983,0.158938351381249,0.873733507996967
