"","Estimate","Std..Error","t.value","Pr...t.."
"X",0.796244670171468,0.00322539620959524,246.867243101086,0
"GF",-0.212095144836891,0.00686539903368763,-30.8933455719278,1.35001875626024e-171
"GM",-0.0785582061838625,0.00480219668897927,-16.3588064529195,1.5262330336616e-56
"RW",0.0840640813697864,0.00776850665891492,10.8211378403489,1.47004841490086e-26
"GM:RW",-0.002220457452289,0.0098230358091774,-0.226045949075588,0.821188838305005
