"","Estimate","X95..CI.Lower","X95..CI.Upper","p.value"
"ACME",0.816755364953899,0.764342111736269,0.866024966512683,0
"ADE",0.132026457771136,0.120812224232095,0.143318491749812,0
"Total Effect",0.948781822725036,0.895146530928542,0.998448333304505,0
"Prop. Mediated",0.860709537236309,0.848128502552392,0.872853918301253,0
