"","Estimate","Std..Error","t.value","Pr...t.."
"GF",-0.959469064352415,0.0266277819393678,-36.0326318781321,1.71042944071079e-219
"GM",-0.0101378607238377,0.0204063616471151,-0.496799032534588,0.619385433540655
