"","Estimate","X95..CI.Lower","X95..CI.Upper","p.value"
"ACME",0.753983849967941,0.701336362006594,0.805290651061078,0
"ADE",0.113638347174579,0.102275992713611,0.124947397562753,0
"Total Effect",0.86762219714252,0.813113725739656,0.919705928050017,0
"Prop. Mediated",0.869070063969029,0.854873877974722,0.883032222568485,0
