"","Estimate","Std..Error","t.value","Pr...t.."
"X",0.795193016241795,0.003169824155515,250.863447695761,0
"GF",-0.215499144834525,0.00689212316827363,-31.2674541027543,5.30319826668761e-175
"GM",-0.0909684481744023,0.00478343837483471,-19.0173764238252,3.05115178681502e-74
"RW",0.100541390660992,0.00777805217954965,12.9262941852383,9.16138617381174e-37
"GM:RW",-0.0175020338716831,0.0098276720675297,-1.78089315062814,0.0750820289468966
