"","Estimate","Std..Error","t.value","Pr...t.."
"GF",-1.03663698083568,0.0254831816335456,-40.6792603742644,4.51462985822563e-264
"GM",0.0210121407568365,0.0195291902839429,1.07593507213215,0.282086196827945
