"","Estimate","X95..CI.Lower","X95..CI.Upper","p.value"
"ACME",0.841533756894525,0.792502150770886,0.891431256666707,0
"ADE",0.133627898726138,0.122662393605742,0.144900580597704,0
"Total Effect",0.975161655620663,0.923608662859661,1.02663252421423,0
"Prop. Mediated",0.863105868158507,0.849754257781249,0.874245410176526,0
