"","Estimate","Std..Error","t.value","Pr...t.."
"X",0.795263396090256,0.00321727688626058,247.185251442435,0
"GF",-0.220421700127517,0.00685275370886775,-32.165419843162,3.11873793750782e-183
"GM",-0.0723388851124721,0.00462423681890321,-15.6434213785854,4.03993257838862e-52
"RW",0.101081152403128,0.00757954609591548,13.3360429666889,6.29300830650298e-39
"GM:RW",-0.0235551175151352,0.00955494051592839,-2.46522911114602,0.0137762179882311
