"","Estimate","Std..Error","t.value","Pr...t.."
"GF",-1.04010859371321,0.025857002657377,-40.2254123378245,1.09794300016059e-259
"GM",-0.01212798273947,0.019815670285205,-0.612039994858267,0.540580936531824
