"","Estimate","Std..Error","t.value","Pr...t.."
"X",0.799341124381386,0.00315859232616906,253.068785660882,0
"GF",-0.21613060310708,0.00676870090432456,-31.9308839557371,4.47707644062277e-181
"GM",-0.0850020443540236,0.00460275446292764,-18.4676469359082,1.99460319527521e-70
"RW",0.0948341337352377,0.0075525364211424,12.5565940297568,7.33231369104724e-35
"GM:RW",-0.0079193388224316,0.00951732675634281,-0.832096976932495,0.405453797570371
