"","Estimate","X95..CI.Lower","X95..CI.Upper","p.value"
"ACME",0.82230881425373,0.76981034189951,0.870050642179454,0
"ADE",0.126368891176393,0.11544180136139,0.137320845107582,0
"Total Effect",0.948677705430123,0.896338830205537,0.996652926526053,0
"Prop. Mediated",0.866802835711882,0.853657779618502,0.879052764651455,0
