"","Estimate","X95..CI.Lower","X95..CI.Upper","p.value"
"ACME",0.82162613724335,0.769491323890994,0.878680411159892,0
"ADE",0.121099796448658,0.11029141328982,0.132514782063026,0
"Total Effect",0.942725933692007,0.888337520681759,0.997501454090627,0
"Prop. Mediated",0.871520412474639,0.857172086024793,0.884077920895747,0
