"","Estimate","Std..Error","t.value","Pr...t.."
"X",0.803405676877704,0.00321912262163423,249.572871650924,0
"GF",-0.215654064614104,0.00699686023198006,-30.8215481607634,6.05805861663649e-171
"GM",-0.0911499343534748,0.00477778460375752,-19.0778659803519,1.14793110743468e-74
"RW",0.0973716723573248,0.00778170575059616,12.5128956912648,1.22220024391745e-34
"GM:RW",-0.00536247325253745,0.00982662016066818,-0.54570881593665,0.585327121381189
