"","Estimate","Std..Error","t.value","Pr...t.."
"GF",-1.01846977862346,0.0262102982537516,-38.8576188169732,1.67989565464862e-246
"GM",0.00423952757136735,0.0200864205010649,0.211064364162972,0.832858571254342
