"","Estimate","Std..Error","t.value","Pr...t.."
"GF",-0.979913810193153,0.0262684408086351,-37.3038437009565,1.33093579494709e-231
"GM",0.0110647653453211,0.0201309783994563,0.549638727227481,0.582628619418351
