"","Estimate","Std..Error","t.value","Pr...t.."
"X",0.800942556577641,0.00318717719349035,251.301546149842,0
"GF",-0.207353427300664,0.00675416392522119,-30.7000880636568,7.65761566723414e-170
"GM",-0.0762985960700424,0.00473070827390156,-16.1283663359602,4.21463725065217e-55
"RW",0.0803859397069595,0.0077261643821268,10.404378645233,1.00316185462048e-24
"GM:RW",-0.00482627866104422,0.00975243463034247,-0.494879365407727,0.620739772395248
