"","Estimate","X95..CI.Lower","X95..CI.Upper","p.value"
"ACME",0.793775034443835,0.739379471422627,0.843438331202952,0
"ADE",0.12780252845771,0.117820644934863,0.139758224880392,0
"Total Effect",0.921577562901545,0.867911715818619,0.972291524354828,0
"Prop. Mediated",0.861387759236418,0.846955039297015,0.873567308435361,0
