"","Estimate","Std..Error","t.value","Pr...t.."
"X",0.800092448992385,0.00319797660651009,250.187086223096,0
"GF",-0.20740566855595,0.00670655376645366,-30.9258190985359,6.84340485063803e-172
"GM",-0.075458664407287,0.00477894297830584,-15.7898231365877,5.17151564677888e-53
"RW",0.0760744145383863,0.00769723878531154,9.88333825417464,1.60297564375609e-22
"GM:RW",0.00205857028612327,0.00973942295452791,0.211364707717743,0.832624282234921
