"","Estimate","X95..CI.Lower","X95..CI.Upper","p.value"
"ACME",0.792473702549301,0.739174775478949,0.84433958221776,0
"ADE",0.133456842940257,0.122202871488794,0.144886058418532,0
"Total Effect",0.925930545489558,0.8724169093234,0.978330748245568,0
"Prop. Mediated",0.855797587385279,0.842888446357091,0.869729227645636,0
