"","Estimate","Std..Error","t.value","Pr...t.."
"GF",-1.00122475120272,0.0262269238040391,-38.1754550660849,6.00011535635446e-240
"GM",-0.00983025750256752,0.0200991615920247,-0.489087938198783,0.624833123748336
