"","Estimate","Std..Error","t.value","Pr...t.."
"X",0.799252750777901,0.00327919720204143,243.73427443776,0
"GF",-0.206250692270916,0.0072339627477948,-28.5114396440304,2.83514962968472e-150
"GM",-0.0734280282459005,0.00468766342550876,-15.6640999109127,3.02458775070647e-52
"RW",0.0931451340489705,0.00798786450511331,11.6608304997343,1.91637335659595e-30
"GM:RW",-0.0190068232667425,0.00997539538719458,-1.9053704168099,0.0568755721984312
