"","Estimate","X95..CI.Lower","X95..CI.Upper","p.value"
"ACME",0.80730803395493,0.754169567481153,0.858639672525545,0
"ADE",0.120811266299515,0.108855339126808,0.131923226017003,0
"Total Effect",0.928119300254445,0.875060532430995,0.981747923505672,0
"Prop. Mediated",0.870036805743996,0.855501069901598,0.883712526699404,0
