"","Estimate","Std..Error","t.value","Pr...t.."
"GF",-1.02918087941633,0.0259003004696745,-39.7362525049216,5.78121414120641e-255
"GM",-0.0185938186871166,0.019848851825383,-0.936770491849739,0.348989840927806
