"","Estimate","Std..Error","t.value","Pr...t.."
"X",0.799175824690633,0.00339620592502295,235.31430140981,0
"GF",-0.208675783626475,0.00722330988735154,-28.8892193303071,1.30563405629809e-153
"GM",-0.077574309988225,0.0047119720747456,-16.4632363599933,3.35304735681578e-57
"RW",0.0930112341562763,0.00782985425545538,11.8790505061408,1.70623068619531e-31
"GM:RW",-0.0173649598614835,0.00983955589011747,-1.76481134467912,0.0777484627536177
