"","Estimate","Std..Error","t.value","Pr...t.."
"GF",-1.05666417027512,0.0247908927886527,-42.6230785346615,6.6887518733751e-283
"GM",-0.00555999655940496,0.0189986505429567,-0.292652183208149,0.76981841030856
