"","Estimate","X95..CI.Lower","X95..CI.Upper","p.value"
"ACME",0.839690811754275,0.784239228226588,0.892794720659776,0
"ADE",0.120237707703525,0.108231728548129,0.131547074009482,0
"Total Effect",0.9599285194578,0.90536201402074,1.01071906660109,0
"Prop. Mediated",0.874675580176677,0.861657615707984,0.887593652928517,0
