"","Estimate","Std..Error","t.value","Pr...t.."
"GF",-1.00455808077693,0.0266431278351723,-37.7042097681486,1.97012460941699e-235
"GM",-0.0014571972975723,0.0204181220671266,-0.0713678414097837,0.943112145827346
