"","Estimate","X95..CI.Lower","X95..CI.Upper","p.value"
"ACME",0.803102664811075,0.752110371522741,0.854974149077466,0
"ADE",0.125458094691732,0.1141486387654,0.136821869204286,0
"Total Effect",0.928560759502807,0.875271563183601,0.981689040730454,0
"Prop. Mediated",0.864837989473624,0.850999682269464,0.878608749940056,0
