"","Estimate","Std..Error","t.value","Pr...t.."
"X",0.801063859266716,0.00314819193609202,254.452039624086,0
"GF",-0.209206480259912,0.00708807374463413,-29.5152798626407,3.52477218152623e-159
"GM",-0.0841594393497466,0.0046454899193415,-18.1163754116329,4.97352666831882e-68
"RW",0.0868667916040428,0.00786726659404847,11.0415467132837,1.48584748005638e-27
"GM:RW",0.000618534666568254,0.00984108982318729,0.0628522529192733,0.949890452569668
