"","Estimate","X95..CI.Lower","X95..CI.Upper","p.value"
"ACME",2.36675573210821,2.30419999558404,2.43109139180643,0
"ADE",0.356641120520055,0.335409192762626,0.376027732475443,0
"Total Effect",2.72339685262826,2.66039426078419,2.79163748808223,0
"Prop. Mediated",0.868994660786588,0.861289673837614,0.876480443416192,0
