"","Estimate","Std..Error","t.value","Pr...t.."
"X",0.801798239752563,0.00311630197544735,257.291573817221,0
"GF",-0.602300557509771,0.0117276276468537,-51.357407964036,0
"GM",-0.234812656418107,0.00540914511368972,-43.4103081878561,2.00790740065497e-290
"RW",0.249620686214793,0.00900490411037581,27.7205268546026,2.38695761762561e-143
"GM:RW",-0.0164608810393487,0.0113116472355789,-1.45521520398672,0.145767019528289
