"","Estimate","Std..Error","t.value","Pr...t.."
"GF",-2.96463782513938,0.0310506929323313,-95.4773483348732,0
"GM",-0.0125062821360374,0.0237958862218966,-0.525564882073157,0.599248882595412
