"","Estimate","X95..CI.Lower","X95..CI.Upper","p.value"
"ACME",0.807345609345972,0.754680430275611,0.865315618748353,0
"ADE",0.130826803510293,0.120819148105711,0.141369494378335,0
"Total Effect",0.938172412856265,0.88252776330594,0.995750525573105,0
"Prop. Mediated",0.860626883209069,0.847615822447259,0.872290937064429,0
