"","Estimate","Std..Error","t.value","Pr...t.."
"GF",-0.986123933878788,0.0262783043934572,-37.526162994151,9.96441562672604e-234
"GM",0.0170661513808291,0.0201385374173074,0.847437479057548,0.396852820428866
