"","Estimate","Std..Error","t.value","Pr...t.."
"X",0.803578844181715,0.00309880763493736,259.318724764262,0
"GF",-0.212054081785602,0.00669239861184365,-31.6858116326673,7.93365599495164e-179
"GM",-0.0765579191143945,0.00458070050403648,-16.7131466130414,8.6612102664871e-59
"RW",0.0929373220702904,0.00754253099355919,12.3217686675272,1.12206857716052e-33
"GM:RW",-0.00771092139075526,0.00950065058866933,-0.811620353657828,0.417106331409417
