"","Estimate","X95..CI.Lower","X95..CI.Upper","p.value"
"ACME",0.839771248565796,0.784777632208147,0.890219790243605,0
"ADE",0.127177038829573,0.11578138564163,0.137743167827515,0
"Total Effect",0.966948287395369,0.911630266582164,1.01676242969551,0
"Prop. Mediated",0.868032123671984,0.855918348231654,0.880929589100306,0
