"","Estimate","Std..Error","t.value","Pr...t.."
"X",0.801722001272647,0.00322622426133866,248.501634210633,0
"GF",-0.209134410216647,0.00721301396089292,-28.99403929488,1.53747197386465e-154
"GM",-0.0709303312067873,0.00460424272937811,-15.4054282920848,1.10634969618449e-50
"RW",0.0942998188725758,0.00785881472075046,11.9992418988561,4.42966711970594e-32
"GM:RW",-0.0175973063555001,0.00981178554141206,-1.79348664738218,0.0730465488725634
