"","Estimate","Std..Error","t.value","Pr...t.."
"GF",-1.0474296083547,0.0258742801321008,-40.4814975723792,3.68452830610699e-262
"GM",0.0010700922261373,0.0198289109823973,0.0539662630533392,0.956967438472165
