"","Estimate","Std..Error","t.value","Pr...t.."
"X",0.799637041545771,0.00318128025083629,251.356994196146,0
"GF",-0.20672999605741,0.00682874925818351,-30.2734788233243,5.51352465804383e-166
"GM",-0.0822108382195019,0.0047176994814645,-17.4260438890825,2.04506456201943e-63
"RW",0.0941870817023125,0.00769720927338988,12.2365234407655,2.98836359731017e-33
"GM:RW",-0.00918363407810875,0.00971519283654099,-0.945285825266079,0.344627443428047
