"","Estimate","Std..Error","t.value","Pr...t.."
"GF",-0.964380847588641,0.0262158026360501,-36.7862415267993,1.15973068312572e-226
"GM",0.0168733178993821,0.0200906388177119,0.839859700454448,0.401087538470583
