"","Estimate","X95..CI.Lower","X95..CI.Upper","p.value"
"ACME",0.784700328713901,0.734630167814523,0.838005564146696,0
"ADE",0.118634815250235,0.108046572284564,0.129340699907858,0
"Total Effect",0.903335143964136,0.853212950845234,0.957689900278111,0
"Prop. Mediated",0.868634241003022,0.855544517802895,0.881452713834059,0
