"","Estimate","Std..Error","t.value","Pr...t.."
"GF",-0.990937811143674,0.0258187697240331,-38.3805201307199,6.45808015212191e-242
"GM",0.00744299135364471,0.0197863702456291,0.376167597252402,0.706832240873233
