"","Estimate","X95..CI.Lower","X95..CI.Upper","p.value"
"ACME",0.79477513146288,0.744742604688496,0.844131840950523,0
"ADE",0.127338460867788,0.11665828313794,0.139232398540987,0
"Total Effect",0.922113592330668,0.870892828205381,0.973696968927688,0
"Prop. Mediated",0.862106703986643,0.84831000771096,0.874294500770227,0
