"","Estimate","Std..Error","t.value","Pr...t.."
"X",0.796101473180184,0.003285648363029,242.296614007187,0
"GF",-0.211628453827871,0.00682848377036932,-30.9920124209983,1.71189716883167e-172
"GM",-0.0808501989940289,0.00488993650764805,-16.5339977047915,1.19581790373679e-57
"RW",0.0903098214433839,0.00774437892525965,11.6613381544158,1.90570559547044e-30
"GM:RW",-0.00534141163190267,0.00984580210981239,-0.54250649894531,0.587530226666651
