"","Estimate","X95..CI.Lower","X95..CI.Upper","p.value"
"ACME",0.827922040228829,0.779831227580841,0.882759360445303,0
"ADE",0.120393004935018,0.110347228449222,0.131022104372356,0
"Total Effect",0.948315045163847,0.899748525905263,1.00207674804832,0
"Prop. Mediated",0.873173051769211,0.860444489394684,0.885341383831012,0
