"","Estimate","Std..Error","t.value","Pr...t.."
"GF",-0.995340472714575,0.0263557930490352,-37.7655292277768,5.09724412876997e-236
"GM",0.0360840237606677,0.0201979213169079,1.78652165212969,0.0741664120309689
