"","Estimate","Std..Error","t.value","Pr...t.."
"X",0.80122447046402,0.00314641716995236,254.646611426975,0
"GF",-0.20979660834495,0.00689939456343588,-30.4079736875451,3.36870616730672e-167
"GM",-0.0760455544776661,0.00469419359529311,-16.1999186727018,1.50988648594143e-55
"RW",0.0926639723232992,0.00764597421805082,12.1193152998784,1.13832806221063e-32
"GM:RW",-0.020720079216776,0.00965767670310717,-2.14545173272467,0.0320371237915415
