"","Estimate","Std..Error","t.value","Pr...t.."
"X",0.803067013083068,0.00329609575724235,243.641893994896,0
"GF",-0.204738096080837,0.00701862283025117,-29.1706936008,4.1500880713084e-156
"GM",-0.0856543526763324,0.00471836771643544,-18.1533864726086,2.79040010312384e-68
"RW",0.0918533231968476,0.0078225053872963,11.7421872723817,7.81275862360316e-31
"GM:RW",-0.0126516226318161,0.00983672395783104,-1.28616221071692,0.198535702591664
