"","Estimate","Std..Error","t.value","Pr...t.."
"GF",-0.956822274441041,0.0255474222215195,-37.4527913675406,5.01461651960358e-233
"GM",0.0159447990209141,0.019578421446854,0.814406772486563,0.415509014383181
