"","Estimate","X95..CI.Lower","X95..CI.Upper","p.value"
"ACME",0.781358839253265,0.733298329612079,0.833120268757871,0
"ADE",0.110907327298647,0.0993265675521169,0.122255593382358,0
"Total Effect",0.892266166551912,0.843477781562851,0.946187581109338,0
"Prop. Mediated",0.875472203815619,0.862522122515695,0.888553589547952,0
