"","Estimate","Std..Error","t.value","Pr...t.."
"X",0.794980029447048,0.0033051895157694,240.524794615896,0
"GF",-0.211932752593312,0.00694692337377976,-30.5074262648735,4.25139709419592e-168
"GM",-0.0752105188002056,0.00490277426085643,-15.3404001078907,2.71449799751441e-50
"RW",0.0837107448821568,0.00784212537473682,10.6744971397459,6.60460180434164e-26
"GM:RW",-0.00880636333145467,0.00994478177846258,-0.885526050508883,0.375979695465577
