"","Estimate","X95..CI.Lower","X95..CI.Upper","p.value"
"ACME",0.815514873913217,0.762332152431659,0.870567532518619,0
"ADE",0.131143705197021,0.119530828202107,0.143467527473674,0
"Total Effect",0.946658579110238,0.894647270105116,1.00077616982527,0
"Prop. Mediated",0.861530053492584,0.847673255410563,0.874334203898203,0
