"","Estimate","Std..Error","t.value","Pr...t.."
"GF",-0.977414062602819,0.025896857211779,-37.7425744988952,8.45579978641615e-236
"GM",0.0487633798933072,0.0198462130638812,2.45706219802978,0.0140922979292699
