"","Estimate","X95..CI.Lower","X95..CI.Upper","p.value"
"ACME",0.786905702944016,0.734661114290711,0.839919765682514,0
"ADE",0.130211167213322,0.118707838108858,0.141775095232232,0
"Total Effect",0.917116870157339,0.865076630509783,0.971331303134739,0
"Prop. Mediated",0.858157564836824,0.843913926989689,0.871491659056648,0
