"","Estimate","Std..Error","t.value","Pr...t.."
"GF",-0.963463527194961,0.0260198536120104,-37.0280148982175,5.73271401954545e-229
"GM",0.0246623350347239,0.0199404720986792,1.2367979510554,0.216307456388682
