"","Estimate","Std..Error","t.value","Pr...t.."
"X",0.79714831696353,0.00330630980455881,241.099099625935,0
"GF",-0.211904023577514,0.0070135902378689,-30.2133452897445,1.92114918791171e-165
"GM",-0.078719616899248,0.00491349966422789,-16.0210893006376,1.95138860368084e-54
"RW",0.0878200736127151,0.00789197996617831,11.1277618530552,5.9963117603334e-28
"GM:RW",-0.0046666856151089,0.00999866221649381,-0.466731000014255,0.640743310998266
