"","Estimate","Std..Error","t.value","Pr...t.."
"X",0.791989310004566,0.00318873807762411,248.370763206324,0
"GF",-0.210623608531411,0.00696190841727306,-30.2537172147851,8.31061743437331e-166
"GM",-0.0790891977236471,0.00476334064366904,-16.6037249149428,4.3154173306661e-58
"RW",0.0794637267489246,0.00778541925324678,10.2067369995245,7.06300578978551e-24
"GM:RW",0.0019989638889727,0.00982377605337655,0.203482233116016,0.838778883325044
