"","Estimate","Std..Error","t.value","Pr...t.."
"GF",-1.03452738510007,0.026438175480213,-39.1300597075744,4.01465776167337e-249
"GM",0.0035458163608721,0.0202610555910211,0.175006496820603,0.861092260819403
