"","Estimate","X95..CI.Lower","X95..CI.Upper","p.value"
"ACME",0.821262324316734,0.767452400246287,0.876769888119433,0
"ADE",0.132804545733361,0.122012553869024,0.143949315339865,0
"Total Effect",0.954066870050095,0.899038845754344,1.00615986583778,0
"Prop. Mediated",0.860824207095795,0.847304653092832,0.873891218446125,0
