"","Estimate","X95..CI.Lower","X95..CI.Upper","p.value"
"ACME",0.838609197553747,0.785293214223285,0.89623471019833,0
"ADE",0.111131862747599,0.0999307748765225,0.122939016745196,0
"Total Effect",0.949741060301346,0.895038245700585,1.00557269355523,0
"Prop. Mediated",0.882612519227084,0.869611605522321,0.896184710880185,0
