"","Estimate","Std..Error","t.value","Pr...t.."
"X",0.802117249765046,0.00316983245647488,253.047206998779,0
"GF",-0.19875219536995,0.00695253578580239,-28.5870078908212,6.11748780552541e-151
"GM",-0.07404764125925,0.00476652226386563,-15.5349408143114,1.83542414730364e-51
"RW",0.0900201457695497,0.00773545587392431,11.6373420308687,2.48056553601986e-30
"GM:RW",-0.0216995752663964,0.00977648884721044,-2.21956733194535,0.0265602187425073
