"","Estimate","Std..Error","t.value","Pr...t.."
"GF",-1.03230176901237,0.0264963804287565,-38.9601052033514,1.73528076915706e-247
"GM",0.0130547989378466,0.0203056613051707,0.642914246507315,0.520353516369748
