"","Estimate","X95..CI.Lower","X95..CI.Upper","p.value"
"ACME",2.45683820049417,2.39162233990994,2.52116676856345,0
"ADE",0.347766636194868,0.325457788414078,0.368806948530456,0
"Total Effect",2.80460483668904,2.74196638588466,2.8663109104405,0
"Prop. Mediated",0.87592577251097,0.868187794917194,0.884445013002367,0
