"","Estimate","Std..Error","t.value","Pr...t.."
"X",0.804228733857231,0.00312160632357002,257.632978183321,0
"GF",-0.593561174222978,0.0118846606238672,-49.9434685607233,0
"GM",-0.241314736849343,0.00528331392911681,-45.6748813504033,2.1385066447596e-312
"RW",0.251419856436451,0.00887879857432214,28.3168780473934,1.45844014618133e-148
"GM:RW",-0.00762042848139999,0.0111267105854025,-0.684877028382267,0.493501082603281
