"","Estimate","Std..Error","t.value","Pr...t.."
"GF",-3.03674511079162,0.0304306680005203,-99.7922592675159,0
"GM",0.0183013104713064,0.023320726367517,0.784765885199784,0.432683881421957
