"","Estimate","X95..CI.Lower","X95..CI.Upper","p.value"
"ACME",2.39588415910552,2.33233922407688,2.46402055320437,0
"ADE",0.358071537117576,0.336832072537758,0.378368711406741,0
"Total Effect",2.7539556962231,2.6925765219039,2.81835280903641,0
"Prop. Mediated",0.870038650320629,0.862034828622303,0.877981717737829,0
