"","Estimate","Std..Error","t.value","Pr...t.."
"GF",-3.00340321997921,0.0307928675635902,-97.5356781493927,0
"GM",-0.0103565175741407,0.023598300192076,-0.438867100165896,0.660805289224732
