"","Estimate","Std..Error","t.value","Pr...t.."
"X",0.801118013467978,0.00320409805350978,250.029181407364,0
"GF",-0.60943570736979,0.0119649053201323,-50.9352720363232,0
"GM",-0.239024053967132,0.00564305525663673,-42.3572059986508,3.26264409505615e-280
"RW",0.253775423171919,0.00904422966714108,28.0593740441952,2.63727202768309e-146
"GM:RW",-0.0194143701779553,0.0114647562195136,-1.6933958128923,0.0905362636360846
