"","Estimate","X95..CI.Lower","X95..CI.Upper","p.value"
"ACME",0.79365157811618,0.739817445526753,0.84748114894463,0
"ADE",0.127664913710372,0.116740572967825,0.139097804858663,0
"Total Effect",0.921316491826552,0.86730609421434,0.975701230129158,0
"Prop. Mediated",0.861523728728311,0.846984022285416,0.873809754686858,0
