"","Estimate","Std..Error","t.value","Pr...t.."
"GF",-0.992759051048085,0.0264170115196199,-37.5802936797284,3.02378352934186e-234
"GM",0.00456744293684891,0.0202448364618899,0.22561026587925,0.821527629734169
