"","Estimate","Std..Error","t.value","Pr...t.."
"X",0.79516797642568,0.00314399814426936,252.916172318693,0
"GF",-0.216006541734283,0.00681828981410544,-31.680457654853,8.88242742251074e-179
"GM",-0.0799223123461796,0.00466685822743457,-17.1255068080596,1.89952386532636e-61
"RW",0.0885518632017364,0.00769989842113765,11.5003936881356,1.10688814555015e-29
"GM:RW",-0.0130613512867672,0.00969260121532805,-1.34755892629852,0.177953301682373
