"","Estimate","X95..CI.Lower","X95..CI.Upper","p.value"
"ACME",0.772041301746997,0.720362817053306,0.82145948875427,0
"ADE",0.128212494232463,0.11715810675874,0.139346157349177,0
"Total Effect",0.900253795979461,0.848762576963239,0.949971232418789,0
"Prop. Mediated",0.857228620242852,0.842864645441822,0.870918521973064,0
