"","Estimate","Std..Error","t.value","Pr...t.."
"X",0.801843279194968,0.0031724415725682,252.752733455655,0
"GF",-0.209739821921941,0.00693590004115385,-30.2397411550713,1.11080823415801e-165
"GM",-0.0724017812190748,0.00469717623667774,-15.4138949809309,9.84115712380101e-51
"RW",0.0883173759603031,0.00777615406168603,11.3574622184317,5.18761176882406e-29
"GM:RW",-0.0140488855492431,0.00978143372964342,-1.43628080888253,0.151079238347618
