"","Estimate","Std..Error","t.value","Pr...t.."
"GF",-0.977743269257444,0.0264034933532387,-37.0308298290959,5.38884024238637e-229
"GM",-0.0150422818656988,0.02023447673337,-0.743398609408643,0.45732778965742
