"","Estimate","X95..CI.Lower","X95..CI.Upper","p.value"
"ACME",0.804175180641149,0.754239260980859,0.853258125542487,0
"ADE",0.119857630295057,0.108733824861656,0.131252016057277,0
"Total Effect",0.924032810936206,0.874702323832886,0.973894472253849,0
"Prop. Mediated",0.870346523201439,0.85716771174459,0.882489456537064,0
