"","Estimate","Std..Error","t.value","Pr...t.."
"X",0.799132296728973,0.00322827792441901,247.541356549341,0
"GF",-0.209960307083362,0.00676549468218823,-31.0339918877081,7.1054339557268e-173
"GM",-0.0794470858246326,0.00472858741830477,-16.8014416984417,2.35666999458743e-59
"RW",0.0910635667673207,0.00759035071101459,11.9972805255461,4.52865025372589e-32
"GM:RW",-0.0164246074415523,0.00961965464374204,-1.7074009462738,0.087903147836968
