"","Estimate","Std..Error","t.value","Pr...t.."
"GF",-1.01738452483813,0.025637479172693,-39.6834851814044,1.86615690654052e-254
"GM",-0.0121571194550218,0.0196474371357562,-0.618763626574847,0.536142623842103
