"","Estimate","Std..Error","t.value","Pr...t.."
"GF",-1.01313177765153,0.0264265629678035,-38.3376294104482,1.66674023222194e-241
"GM",-0.016678365181013,0.0202521562719415,-0.823535279752912,0.410301949931839
