"","Estimate","Std..Error","t.value","Pr...t.."
"X",0.800293773573891,0.00310978775619321,257.346750426967,0
"GF",-0.201340567325363,0.00692080562991464,-29.0920707923199,2.07361223443898e-155
"GM",-0.0833192651711684,0.00455587371700645,-18.2883175317501,3.36921257243696e-69
"RW",0.0884684884270272,0.00770155154390243,11.4870994399915,1.2788118671233e-29
"GM:RW",-0.00467085685875922,0.00963756215616466,-0.484651282458553,0.627976935169118
