"","Estimate","X95..CI.Lower","X95..CI.Upper","p.value"
"ACME",0.799305060918558,0.747712006662598,0.850059600778629,0
"ADE",0.115058613111468,0.104333673511726,0.125864423797245,0
"Total Effect",0.914363674030026,0.859626661287431,0.966297766298562,0
"Prop. Mediated",0.87443313068879,0.860439404109052,0.885643996608396,0
