"","Estimate","X95..CI.Lower","X95..CI.Upper","p.value"
"ACME",0.817211341997102,0.766297893405502,0.867546671531606,0
"ADE",0.123583979885963,0.112563578355319,0.135223434785297,0
"Total Effect",0.940795321883066,0.891007978676616,0.989589616909584,0
"Prop. Mediated",0.868821861412461,0.854695319162783,0.881117694501201,0
