"","Estimate","Std..Error","t.value","Pr...t.."
"X",0.795716422522052,0.00326698811903456,243.562692464642,0
"GF",-0.208497238288496,0.00697101428965015,-29.9091681103065,1.04639715147894e-162
"GM",-0.0776709979860397,0.00476655686563196,-16.2949903201757,3.83945902526798e-56
"RW",0.0841903834613261,0.00776234171654218,10.8460032469209,1.13740716321997e-26
"GM:RW",-0.0115917043757521,0.00980204143702042,-1.18258063386393,0.237116310169062
