"","Estimate","Std..Error","t.value","Pr...t.."
"GF",-1.0156170450779,0.0257616299952895,-39.4236329480551,5.97021007240983e-252
"GM",0.0104605143863172,0.0197425808691118,0.529845335605697,0.596278039986597
