"","Estimate","X95..CI.Lower","X95..CI.Upper","p.value"
"ACME",0.785617030741865,0.736840575495431,0.837983055734948,0
"ADE",0.123587918441712,0.112188275325507,0.133637648863411,0
"Total Effect",0.909204949183577,0.860044103904832,0.959280684708087,0
"Prop. Mediated",0.863801690131607,0.850493760098299,0.877232971430623,0
