"","Estimate","Std..Error","t.value","Pr...t.."
"GF",-0.996174440982967,0.0257819903749326,-38.6383838678154,2.15325742541523e-244
"GM",-0.0135608093962348,0.0197581841691244,-0.686338849772738,0.492579094422535
