"","Estimate","Std..Error","t.value","Pr...t.."
"X",0.799155109879027,0.00327228835052396,244.219037039039,0
"GF",-0.203719879479443,0.0070258785564892,-28.9956448636995,1.48787524620019e-154
"GM",-0.0784066539822898,0.00471090506650063,-16.6436497606037,2.40404665030207e-58
"RW",0.0803276746782648,0.00785853161501244,10.2217155333207,6.09892908495263e-24
"GM:RW",-0.00249319089817757,0.00986663856453897,-0.252688986413082,0.800534591518641
