"","Estimate","Std..Error","t.value","Pr...t.."
"GF",-1.02032593575807,0.0260527897365411,-39.1637880655438,1.90072528280246e-249
"GM",-0.0237409982824521,0.0199657128968034,-1.18908843401495,0.234546166505969
