"","Estimate","X95..CI.Lower","X95..CI.Upper","p.value"
"ACME",0.796267984773212,0.74359619399413,0.848052917998713,0
"ADE",0.135154736428467,0.123142135544039,0.14570875116549,0
"Total Effect",0.931422721201679,0.879155391839773,0.982409148748491,0
"Prop. Mediated",0.854985035162053,0.841072821163348,0.868305091675737,0
