"","Estimate","Std..Error","t.value","Pr...t.."
"X",0.799485384268394,0.00322186379039844,248.143756620302,0
"GF",-0.200879579210206,0.00701122354968586,-28.6511445237268,1.66243414241872e-151
"GM",-0.0713309896033968,0.00469764418081767,-15.1844173074388,2.30907267489426e-49
"RW",0.0690020251525292,0.00780634614539397,8.83922181611724,2.07069234506129e-18
"GM:RW",0.0083320198342278,0.00980885254919336,0.849438789342693,0.395739096511083
