"","Estimate","Std..Error","t.value","Pr...t.."
"X",0.802108317979223,0.00336423609662446,238.422124649345,0
"GF",-0.203260557961498,0.00720922076095988,-28.1945254142051,1.72792579004176e-147
"GM",-0.077143861784752,0.00480831808128874,-16.0438349710998,1.41092878298217e-54
"RW",0.0908578667962278,0.00807297586263667,11.2545693610625,1.56105599566367e-28
"GM:RW",-0.0123336821774525,0.0101135663033411,-1.21951859586642,0.222791579064514
