"","Estimate","Std..Error","t.value","Pr...t.."
"GF",-1.01426005424522,0.0257014493377183,-39.4631462575434,2.48427647956341e-252
"GM",0.000335789925245532,0.0196964610584061,0.0170482364445984,0.986399836393169
