"","Estimate","X95..CI.Lower","X95..CI.Upper","p.value"
"ACME",0.81381045647144,0.761854168184596,0.861597068396991,0
"ADE",0.118169140544432,0.106068447806878,0.130317130367265,0
"Total Effect",0.931979597015871,0.878938260986105,0.982208029977064,0
"Prop. Mediated",0.873374778432968,0.859936434614462,0.886123406509707,0
