"","Estimate","X95..CI.Lower","X95..CI.Upper","p.value"
"ACME",0.733579773869494,0.681528350221178,0.784381410956909,0
"ADE",0.119153068504208,0.107688487108357,0.130277984425086,0
"Total Effect",0.852732842373702,0.799015946954941,0.904429203278121,0
"Prop. Mediated",0.860418707092063,0.84516665018792,0.873939247062127,0
