"","Estimate","Std..Error","t.value","Pr...t.."
"X",0.800335124582576,0.00325236740613286,246.077710369811,0
"GF",-0.202859878282378,0.00697351592414465,-29.0900430269341,2.16140912679744e-155
"GM",-0.0800445458713657,0.00482700224772228,-16.5826618185513,5.87331053435396e-58
"RW",0.0823139001235597,0.00788910609945269,10.4338690703209,7.47601626875116e-25
"GM:RW",-0.00574451438305283,0.00995324639197098,-0.577149821960278,0.563903371416644
