"","Estimate","Std..Error","t.value","Pr...t.."
"GF",-0.940718053341223,0.0262621355663894,-35.8203182282391,1.76687768271407e-217
"GM",-0.025310197645471,0.0201261463389476,-1.25757793962232,0.208691401071823
