"","Estimate","Std..Error","t.value","Pr...t.."
"X",0.796935054605201,0.00319680360039763,249.291215295828,0
"GF",-0.212219194770173,0.00690228003069108,-30.7462452735237,2.92135917202353e-170
"GM",-0.0760613779315405,0.00471393273685428,-16.1354398073779,3.80850872770177e-55
"RW",0.093058856668763,0.00768625883956329,12.107171851898,1.30669374275643e-32
"GM:RW",-0.0210622425495714,0.00970199156896459,-2.17091948594831,0.0300548177661547
