"","Estimate","Std..Error","t.value","Pr...t.."
"GF",-1.02008470111564,0.0260515574687427,-39.1563806632122,2.23995509708839e-249
"GM",0.040061065765212,0.0199647685409274,2.00658803948003,0.0449280654050671
