"","Estimate","X95..CI.Lower","X95..CI.Upper","p.value"
"ACME",0.843875180014331,0.792611903207331,0.895135897784062,0
"ADE",0.123241283902257,0.111583628355166,0.133531570244984,0
"Total Effect",0.967116463916588,0.91445481229131,1.01778849529474,0
"Prop. Mediated",0.872327179855753,0.860369372342917,0.884729218328762,0
