"","Estimate","Std..Error","t.value","Pr...t.."
"X",0.799846055216492,0.0032799548444659,243.85886182733,0
"GF",-0.61372829714038,0.0122914223787235,-49.9314300843444,0
"GM",-0.231486597320483,0.00557648566187387,-41.5111974380467,5.09539408894367e-272
"RW",0.244702009036159,0.00928217219415996,26.3625802148033,1.15514363785646e-131
"GM:RW",-0.0170421556242372,0.0116592551200656,-1.46168476877288,0.143985102597522
