"","Estimate","Std..Error","t.value","Pr...t.."
"GF",-2.97792255089178,0.0304057556122566,-97.939435837976,0
"GM",0.0200423048886624,0.0233016346081824,0.860124417264038,0.389823656162736
