"","Estimate","X95..CI.Lower","X95..CI.Upper","p.value"
"ACME",2.39734266133822,2.33454607294724,2.45800917302275,0
"ADE",0.37111725681688,0.350766030555023,0.391363421801778,0
"Total Effect",2.7684599181551,2.70741560884074,2.82548344174092,0
"Prop. Mediated",0.866067060877089,0.85778762157936,0.873591459393674,0
