"","Estimate","Std..Error","t.value","Pr...t.."
"GF",-1.03759780076082,0.0260121683836259,-39.8889391095118,1.94514934623406e-256
"GM",0.000365090688827925,0.0199345824774515,0.0183144387017329,0.985389837601911
