"","Estimate","Std..Error","t.value","Pr...t.."
"X",0.798825402081456,0.00314824746588916,253.736534607467,0
"GF",-0.20106666483094,0.00661420349244976,-30.3992257057802,4.04094795800005e-167
"GM",-0.0815818755348288,0.00466699315481197,-17.4806074979374,8.9276634074998e-64
"RW",0.0720861746255878,0.00751649994430798,9.59039116073918,2.51018169499608e-21
"GM:RW",0.0072413413590287,0.00951932270763948,0.760699220041921,0.446926636819962
