"","Estimate","X95..CI.Lower","X95..CI.Upper","p.value"
"ACME",0.829725856169277,0.77708896670118,0.879604082766335,0
"ADE",0.123969299057224,0.113302289682745,0.135251336388698,0
"Total Effect",0.953695155226501,0.901209761640399,1.00611771848294,0
"Prop. Mediated",0.870114794841224,0.856851203302571,0.881818109692056,0
