"","Estimate","Std..Error","t.value","Pr...t.."
"X",0.801699392859474,0.00327235738331652,244.991392733196,0
"GF",-0.209594051776547,0.00697916493837896,-30.0313939600386,8.34635431238476e-164
"GM",-0.0762948521916659,0.00473547265712637,-16.1113489013289,5.37734959213047e-55
"RW",0.0995633477852282,0.00778206478236018,12.7939500080893,4.45249635576872e-36
"GM:RW",-0.0213732263870566,0.00980533165814545,-2.17975557912939,0.0293921551743122
