"","Estimate","Std..Error","t.value","Pr...t.."
"GF",-0.990393546119059,0.0256905299524053,-38.5509192669002,1.49122093719427e-243
"GM",-0.00883840505365412,0.0196880929214667,-0.448921339863105,0.653537086397576
