"","Estimate","X95..CI.Lower","X95..CI.Upper","p.value"
"ACME",0.785743080264492,0.735511288921209,0.838152649748652,0
"ADE",0.119859197842499,0.108310793408956,0.130868274943656,0
"Total Effect",0.905602278106991,0.855168636753875,0.958344496385936,0
"Prop. Mediated",0.867527906601134,0.854234504379013,0.880709700280451,0
