"","Estimate","Std..Error","t.value","Pr...t.."
"X",0.795681075352511,0.00322149604009497,246.99116977001,0
"GF",-0.210812048763587,0.00687891567110945,-30.6461161675481,2.36142351945889e-169
"GM",-0.0782333791297139,0.00473262587509148,-16.5306494099751,1.25569878925996e-57
"RW",0.0860476046282294,0.00768033099167177,11.2036323332335,2.68460702036134e-28
"GM:RW",-0.0113891797711075,0.00970774729218733,-1.17320521726739,0.240853572694512
