"","Estimate","X95..CI.Lower","X95..CI.Upper","p.value"
"ACME",0.784677946060335,0.731782565752778,0.835109810224686,0
"ADE",0.125493421235976,0.114100646992338,0.137164599036985,0
"Total Effect",0.910171367296311,0.856198389541533,0.960017369263706,0
"Prop. Mediated",0.862303021629598,0.847421666914012,0.875027255907165,0
