"","Estimate","Std..Error","t.value","Pr...t.."
"GF",-1.0046511340121,0.0258884051546573,-38.8069920881689,5.15438060180309e-246
"GM",-0.0174215279948217,0.0198397357788155,-0.878112903772847,0.37998803205703
