"","Estimate","Std..Error","t.value","Pr...t.."
"X",0.799290275530311,0.00325541332740491,245.526510812522,0
"GF",-0.206425753010035,0.00706881662151231,-29.2023069861263,2.17228578055797e-156
"GM",-0.0707154547560904,0.00474877385750539,-14.8913081309032,1.23116289703679e-47
"RW",0.0941611548782946,0.00782157645075208,12.0386415029211,2.8398275294317e-32
"GM:RW",-0.0214786442003155,0.00984761747279782,-2.18110058190686,0.0292923979468714
