"","Estimate","Std..Error","t.value","Pr...t.."
"GF",-0.992984120561747,0.0259385239295317,-38.2822138707441,5.67246190788433e-241
"GM",0.0227731175178967,0.0198781446048953,1.14563597209613,0.252083005235842
