"","Estimate","X95..CI.Lower","X95..CI.Upper","p.value"
"ACME",0.81159938194815,0.75917074504535,0.863614288674186,0
"ADE",0.122065844726926,0.110612720197827,0.132913076103078,0
"Total Effect",0.933665226675076,0.881397018322292,0.987063194704592,0
"Prop. Mediated",0.869355715904329,0.856401110353687,0.881543947326317,0
