"","Estimate","Std..Error","t.value","Pr...t.."
"GF",-0.99282166902505,0.0255911378714473,-38.7955265612775,6.64403715828707e-246
"GM",0.0143499052537857,0.0196119231994258,0.731692914961336,0.464441830269051
