"","Estimate","Std..Error","t.value","Pr...t.."
"X",0.802912710579738,0.00334149344212805,240.285586216323,0
"GF",-0.207508838772835,0.00719134353607492,-28.8553644714483,2.60365035270982e-153
"GM",-0.0681165709025451,0.00478102888181094,-14.2472619568749,6.17401177082958e-44
"RW",0.0994787221860295,0.00795238070042065,12.5093007909905,1.2745837345919e-34
"GM:RW",-0.0338272405030381,0.00999334459621805,-3.38497688910276,0.000725628005941025
