"","Estimate","X95..CI.Lower","X95..CI.Upper","p.value"
"ACME",0.808805136085961,0.760332601515041,0.86069680915558,0
"ADE",0.11815090923835,0.106433434104449,0.129793303320636,0
"Total Effect",0.926956045324311,0.87656989575636,0.978431859088675,0
"Prop. Mediated",0.872402392612588,0.859772744335075,0.885057168756657,0
