"","Estimate","X95..CI.Lower","X95..CI.Upper","p.value"
"ACME",0.803187774004034,0.752098634587173,0.85356657890628,0
"ADE",0.122322833526613,0.111602013087049,0.133320131345813,0
"Total Effect",0.925510607530647,0.875646791051003,0.97550253767411,0
"Prop. Mediated",0.867957783478422,0.85425313060246,0.880266315215496,0
