"","Estimate","Std..Error","t.value","Pr...t.."
"X",0.79651149608271,0.00319547929861589,249.261979706054,0
"GF",-0.203416764401407,0.0067442398368323,-30.1615555381776,5.6253562665203e-165
"GM",-0.0838856163692972,0.00469597432722355,-17.86330386923,2.529964289392e-66
"RW",0.080103398435896,0.00763117812002927,10.4968586993994,3.97966263890284e-25
"GM:RW",0.00474854715772557,0.00963705206234853,0.492738560194969,0.62225155261451
