"","Estimate","Std..Error","t.value","Pr...t.."
"GF",-0.994859297397374,0.0259298327519456,-38.36736267891,8.63826438890936e-242
"GM",0.0124757710253713,0.0198714840684162,0.627822812952372,0.530191767116838
