"","Estimate","Std..Error","t.value","Pr...t.."
"X",0.79457329354671,0.00306516391686488,259.227015291051,0
"GF",-0.226063375980799,0.006724287908412,-33.6189317084411,1.04784114338946e-196
"GM",-0.0839948024124517,0.0045627011241646,-18.4090082007795,5.03755631247518e-70
"RW",0.101470215581092,0.00747274329931874,13.5787101893815,3.10128676992984e-40
"GM:RW",-0.0106590949207186,0.00942207850161472,-1.13128912255314,0.258069391398129
