"","Estimate","X95..CI.Lower","X95..CI.Upper","p.value"
"ACME",0.818916111576832,0.768277180135453,0.869293753515724,0
"ADE",0.135449674165901,0.12452857851944,0.146771981836026,0
"Total Effect",0.954365785742733,0.901326402118931,1.00581911043137,0
"Prop. Mediated",0.858223250577533,0.843748642051215,0.871178968502536,0
