"","Estimate","Std..Error","t.value","Pr...t.."
"GF",-0.993656160824554,0.0263760931678436,-37.6726058139637,3.95413902388393e-235
"GM",0.0371038083374272,0.0202134784356657,1.83559739386366,0.0665657677827397
