"","Estimate","X95..CI.Lower","X95..CI.Upper","p.value"
"ACME",0.79887057575357,0.747231338825596,0.847795559362174,0
"ADE",0.122847607446815,0.111247217113844,0.135188497981504,0
"Total Effect",0.921718183200385,0.867990674745117,0.972710152467451,0
"Prop. Mediated",0.866568757498195,0.852708755502191,0.880849633303764,0
