"","Estimate","Std..Error","t.value","Pr...t.."
"GF",-0.980833724162978,0.0249783492709569,-39.2673556416086,1.91234958485308e-250
"GM",0.0148126143912321,0.0191423089512953,0.773815448748663,0.439131482209976
