"","Estimate","Std..Error","t.value","Pr...t.."
"X",0.802110542132835,0.00338100196377398,237.240483953311,0
"GF",-0.208375784284575,0.00693763792992744,-30.0355519254887,7.65786765362277e-164
"GM",-0.08064031129027,0.00479890501740054,-16.803898180496,2.27269005438634e-59
"RW",0.0897863128444691,0.0077711879763514,11.5537435354413,6.19225643971044e-30
"GM:RW",-0.00784730625986711,0.00982582177621036,-0.798641216846259,0.424593543379795
