"","Estimate","X95..CI.Lower","X95..CI.Upper","p.value"
"ACME",0.775346720591931,0.723810067215247,0.828420214838123,0
"ADE",0.128911764012554,0.118209695184072,0.139457084871245,0
"Total Effect",0.904258484604485,0.850803838038712,0.956983262037094,0
"Prop. Mediated",0.857509115117776,0.844358485418292,0.869468032383056,0
