"","Estimate","Std..Error","t.value","Pr...t.."
"GF",-0.981507797425411,0.0260085519379779,-37.7378871290487,9.37646617748026e-236
"GM",-0.00632113339958876,0.0199318109924688,-0.317137936034874,0.751172075398378
