"","Estimate","Std..Error","t.value","Pr...t.."
"X",0.794153743025414,0.00320268917066075,247.964663664683,0
"GF",-0.21491693153192,0.00687467120099239,-31.2621397079901,5.92949212310668e-175
"GM",-0.0737988661191774,0.00468166336189908,-15.763385876861,7.5042351914842e-53
"RW",0.0936951347443179,0.00772091368081954,12.1352392498672,9.49803316828028e-33
"GM:RW",-0.0190772337866005,0.00972113094706314,-1.96245003698504,0.0498489124997556
