"","Estimate","Std..Error","t.value","Pr...t.."
"GF",-0.933095694154695,0.0255385433320051,-36.5367625719409,2.75940658365854e-224
"GM",-0.0272983400647143,0.0195716170562042,-1.39479226403834,0.163233532587965
