"","Estimate","X95..CI.Lower","X95..CI.Upper","p.value"
"ACME",0.724305378355776,0.674549289504697,0.77572054020755,0
"ADE",0.121687686950696,0.110859481224799,0.13198129090357,0
"Total Effect",0.845993065306472,0.796253499806578,0.89805296764408,0
"Prop. Mediated",0.856222493880334,0.842179203766064,0.8693065813059,0
