"","Estimate","Std..Error","t.value","Pr...t.."
"X",0.800118797176559,0.00323073418284486,247.658504814533,0
"GF",-0.196670803523519,0.00688244002579202,-28.5757380792994,7.69030539638971e-151
"GM",-0.0806284773695394,0.00458541511194223,-17.5836811719731,1.85568178459599e-64
"RW",0.0747895655937552,0.00771791221746221,9.69038821464431,9.89610261746688e-22
"GM:RW",0.00929143134458352,0.00966823825877925,0.961026310677277,0.336655398864531
