"","Estimate","Std..Error","t.value","Pr...t.."
"X",0.801544421000906,0.00326795295327825,245.274161672626,0
"GF",-0.606403792968051,0.0125035936087125,-48.4983607069178,0
"GM",-0.252806428086695,0.00555585386341179,-45.5027137685457,1.00094590310928e-310
"RW",0.251324718008755,0.00914230486024599,27.4903016089088,2.3860605112669e-141
"GM:RW",0.00847101894584524,0.0115129152623964,0.735784008895938,0.461948650276624
