"","Estimate","Std..Error","t.value","Pr...t.."
"GF",-3.02796403567326,0.0302217858983382,-100.19143295697,0
"GM",-0.00629989637273639,0.0231606483058728,-0.272008636784961,0.785643482692897
