"","Estimate","X95..CI.Lower","X95..CI.Upper","p.value"
"ACME",2.42159972046419,2.36166412213242,2.48368952942709,0
"ADE",0.358840319400025,0.336673990731777,0.38014369318366,0
"Total Effect",2.78044003986422,2.7223418720054,2.84162171078002,0
"Prop. Mediated",0.870839134802706,0.862891044118962,0.879173893634685,0
