"","Estimate","Std..Error","t.value","Pr...t.."
"GF",-1.01154476425601,0.025984809211962,-38.9283121536389,3.50957691219209e-247
"GM",0.0042774501534633,0.0199136156108681,0.214800277209772,0.829944957831681
