"","Estimate","Std..Error","t.value","Pr...t.."
"X",0.799582026225236,0.00319933922697077,249.920989773349,0
"GF",-0.205419407061643,0.00686591234288609,-29.918734292389,8.58628600406068e-163
"GM",-0.0766807684136283,0.00467953575578202,-16.3864050656909,1.02325759308572e-56
"RW",0.0936859560315723,0.0076806333606757,12.1976862625988,4.66036003338047e-33
"GM:RW",-0.0172933865213392,0.00967964249131383,-1.78657285502617,0.0741583547001315
