"","Estimate","X95..CI.Lower","X95..CI.Upper","p.value"
"ACME",0.813332411030579,0.76664667782858,0.860121578050202,0
"ADE",0.117831235358407,0.106669542289458,0.129731647463683,0
"Total Effect",0.931163646388986,0.883905944041131,0.977238054648246,0
"Prop. Mediated",0.873463439555827,0.859352084598962,0.886346700620766,0
