"","Estimate","X95..CI.Lower","X95..CI.Upper","p.value"
"ACME",0.803052510436041,0.751333519788706,0.854072210462771,0
"ADE",0.118645669554467,0.107250801386782,0.12914071637939,0
"Total Effect",0.921698179990508,0.867626907817781,0.972727923875443,0
"Prop. Mediated",0.871260042730997,0.858327588577176,0.883836886978431,0
