"","Estimate","Std..Error","t.value","Pr...t.."
"X",0.802715183117612,0.00311215086351925,257.929392988968,0
"GF",-0.207414690904825,0.00664191763987319,-31.2281335227133,1.21106229530811e-174
"GM",-0.0818967677304355,0.00469391926597817,-17.4474171986784,1.47842694696658e-63
"RW",0.0926800263686791,0.00753822022272689,12.2946827805931,1.53271627654407e-33
"GM:RW",-0.0106314658900114,0.00955001380339962,-1.11324089251335,0.26573909720049
