"","Estimate","Std..Error","t.value","Pr...t.."
"GF",-1.01011779781321,0.0264092861578886,-38.2485839175734,1.19264206699185e-240
"GM",-0.0100561982605185,0.0202389160842294,-0.496874349331114,0.619332326516629
