"","Estimate","X95..CI.Lower","X95..CI.Upper","p.value"
"ACME",0.792354531478905,0.741235638122099,0.844456007339846,0
"ADE",0.114822741012966,0.103232888313532,0.126515096900158,0
"Total Effect",0.907177272491871,0.85453871524778,0.958977363867037,0
"Prop. Mediated",0.873138314561482,0.860211402922813,0.887164123840515,0
