"","Estimate","Std..Error","t.value","Pr...t.."
"GF",-0.985289254218594,0.0255907780869207,-38.5017310091939,4.42659318101852e-243
"GM",0.00709123235146577,0.019611647476379,0.361582695181868,0.717702130878661
