"","Estimate","Std..Error","t.value","Pr...t.."
"X",0.798554766697792,0.00333369858928533,239.540181966176,0
"GF",-0.208163524709904,0.00735975409970699,-28.2840325763318,2.83334696755686e-148
"GM",-0.0787230666022792,0.00470697902454487,-16.7247540708748,7.30117344677757e-59
"RW",0.0939889032997947,0.00802305415311427,11.7148534094478,1.05678078305708e-30
"GM:RW",-0.0232228733866421,0.010017105429686,-2.31832174969631,0.0205324912493258
