"","Estimate","Std..Error","t.value","Pr...t.."
"GF",-0.98951357524839,0.0255223194217035,-38.770519203162,1.15582934705478e-245
"GM",0.0336970065920199,0.0195591837644752,1.7228227413673,0.0850753199778732
