"","Estimate","X95..CI.Lower","X95..CI.Upper","p.value"
"ACME",0.81304276027571,0.762109041663953,0.862628764356349,0
"ADE",0.128913596988274,0.116906190903895,0.140284019931911,0
"Total Effect",0.941956357263985,0.891891505395764,0.992578611989509,0
"Prop. Mediated",0.863130649621259,0.848919142975589,0.877251247800306,0
