"","Estimate","Std..Error","t.value","Pr...t.."
"X",0.796200966496255,0.00328739400452164,242.198217007491,0
"GF",-0.22717988452171,0.0068948689675903,-32.9491228317147,1.78249021148978e-190
"GM",-0.0792870404744769,0.00468690285804648,-16.9167236607767,4.27471998027112e-60
"RW",0.110761085952733,0.00780029415748042,14.1996037221897,1.14594113599887e-43
"GM:RW",-0.0304190484077388,0.00980463267752756,-3.10251790232386,0.00194570459511233
