"","Estimate","X95..CI.Lower","X95..CI.Upper","p.value"
"ACME",0.816916851637361,0.766345306294613,0.870115247182908,0
"ADE",0.11778463632176,0.106554828921526,0.128593122150586,0
"Total Effect",0.934701487959121,0.88269093421338,0.987377730269643,0
"Prop. Mediated",0.873793378455471,0.861215636966465,0.886731237151539,0
