"","Estimate","Std..Error","t.value","Pr...t.."
"X",0.798593041818538,0.00316492455536036,252.32609114362,0
"GF",-0.202311754891535,0.00685566231200683,-29.5101692125662,3.91543697665616e-159
"GM",-0.0852173909775848,0.0046998688489964,-18.1318657425477,3.90533207070308e-68
"RW",0.0826707031550459,0.00766678695299661,10.7829660145615,2.17738713837026e-26
"GM:RW",0.000512752752365137,0.00967864376586989,0.0529777482020025,0.957754941266108
