"","Estimate","Std..Error","t.value","Pr...t.."
"GF",-1.02645101705432,0.0262522598956657,-39.099529759866,7.8986435656335e-249
"GM",-0.00277112322852427,0.0201185780589928,-0.137739517196426,0.890460165837596
