"","Estimate","X95..CI.Lower","X95..CI.Upper","p.value"
"ACME",0.804081225024046,0.746805137783879,0.856549177589055,0
"ADE",0.114265293685712,0.103098612006177,0.125293597875095,0
"Total Effect",0.918346518709758,0.859405800285462,0.973751834978788,0
"Prop. Mediated",0.875611253592221,0.862066086957015,0.888389869180306,0
