"","Estimate","Std..Error","t.value","Pr...t.."
"X",0.804279182886385,0.00312545406791026,257.331947746121,0
"GF",-0.205860985364023,0.00708546550458855,-29.0539817363739,4.51781089520385e-155
"GM",-0.0863340242689886,0.00451912953924405,-19.1041269163154,7.50437614788638e-75
"RW",0.094561522491668,0.00780387041286513,12.1172594480526,1.16523363378277e-32
"GM:RW",-0.00842148251052626,0.00971654031789744,-0.86671615976463,0.386201775941181
