"","Estimate","Std..Error","t.value","Pr...t.."
"GF",-0.986261146304202,0.0263737236003884,-37.395597271281,1.76653880780988e-232
"GM",0.0135868084148601,0.0202116625033229,0.672226167076873,0.501517451021795
