"","Estimate","Std..Error","t.value","Pr...t.."
"X",0.801813492264135,0.00327734241321344,244.653561077848,0
"GF",-0.201878167117323,0.00716655513964535,-28.1694849454983,2.86423663879577e-147
"GM",-0.0779579313027914,0.00477721004642894,-16.31871543121,2.72557382211102e-56
"RW",0.0783242261086103,0.00786506304986159,9.95849945665581,7.82062199471455e-23
"GM:RW",0.00635105331918019,0.00990538279321179,0.641171921546797,0.521484638373753
