"","Estimate","X95..CI.Lower","X95..CI.Upper","p.value"
"ACME",0.850382430160023,0.800269476181665,0.904217005218695,0
"ADE",0.127977665895,0.117351745759123,0.138603321803082,0
"Total Effect",0.978360096055023,0.926269563340771,1.03133144590237,0
"Prop. Mediated",0.869228737350098,0.856489206133002,0.881534517279123,0
