"","Estimate","Std..Error","t.value","Pr...t.."
"GF",-1.06266614555561,0.02590626229416,-41.0196628710565,2.30134500043725e-267
"GM",-0.00214000079200159,0.0198534207056151,-0.107790028919114,0.914173075125636
