"","Estimate","Std..Error","t.value","Pr...t.."
"X",0.796448101846996,0.00329530388664593,241.691852783158,0
"GF",-0.206623473877302,0.0073209661385161,-28.2235254156199,9.62124206964991e-148
"GM",-0.0846391018320986,0.00470215672429374,-18.0000597161745,3.04162955362273e-67
"RW",0.0855785834902103,0.0080406242150022,10.6432760942288,9.07333467238305e-26
"GM:RW",-0.00548954256122429,0.0100341971732475,-0.547083385590643,0.584382635006216
