"","Estimate","Std..Error","t.value","Pr...t.."
"GF",-1.01007624722309,0.0258951784541196,-39.0063443282585,6.22926784692322e-248
"GM",0.011332500763613,0.0198449265378013,0.571052794880668,0.568028078594774
