"","Estimate","X95..CI.Lower","X95..CI.Upper","p.value"
"ACME",0.812273274201717,0.759142729749656,0.866192054927082,0
"ADE",0.118542553080383,0.106319785416606,0.130262060165393,0
"Total Effect",0.9308158272821,0.877490174893822,0.98325821044877,0
"Prop. Mediated",0.872648013241298,0.858752940374849,0.886418284550967,0
