"","Estimate","Std..Error","t.value","Pr...t.."
"GF",-0.997390358849172,0.0261601571191914,-38.126313779571,1.77639132132414e-239
"GM",-0.0484097266176042,0.0200479945395049,-2.41469172999883,0.0158378451514185
