"","Estimate","X95..CI.Lower","X95..CI.Upper","p.value"
"ACME",0.756912573537872,0.701866993142421,0.809431379104462,0
"ADE",0.124449626282698,0.11291907810049,0.135569338819985,0
"Total Effect",0.88136219982057,0.827765787582287,0.93641255854101,0
"Prop. Mediated",0.858513400012792,0.843653474985957,0.872635873388131,0
