"","Estimate","Std..Error","t.value","Pr...t.."
"X",0.797890113676221,0.00317336340156438,251.433577787808,0
"GF",-0.207764293622599,0.00694194369092225,-29.928835910076,6.96779548920671e-163
"GM",-0.0817629148562845,0.00464181388567012,-17.6144319591738,1.15985445592698e-64
"RW",0.0855268830547436,0.00772972502015014,11.0646734303987,1.16552908918346e-27
"GM:RW",-0.00205771816169155,0.00970654490807287,-0.211992854427548,0.832134264227445
