"","Estimate","X95..CI.Lower","X95..CI.Upper","p.value"
"ACME",0.736654232089928,0.683839795717623,0.788000692344773,0
"ADE",0.122250600700264,0.111609502362932,0.132965238488068,0
"Total Effect",0.858904832790192,0.804650114379124,0.912233387481591,0
"Prop. Mediated",0.857510454201554,0.843497341332153,0.870994793049041,0
