"","Estimate","Std..Error","t.value","Pr...t.."
"GF",-0.96171337380388,0.0262116623144907,-36.6902855021221,9.52303394702533e-226
"GM",-0.0434220335050905,0.0200874658572578,-2.16164815480703,0.0307637183577171
