"","Estimate","Std..Error","t.value","Pr...t.."
"X",0.80316203994389,0.00314394650288035,255.463010966652,0
"GF",-0.213624966251361,0.0067667991688055,-31.5695738741824,9.20324283981605e-178
"GM",-0.08356290533017,0.00460394955332423,-18.1502651934651,2.92986845167523e-68
"RW",0.0947826223439561,0.00767369321000665,12.3516304014288,7.95068139700798e-34
"GM:RW",-0.0121753811496412,0.00963783082251241,-1.26329060696951,0.206632373741363
