"","Estimate","Std..Error","t.value","Pr...t.."
"X",0.797828681701082,0.00336526200383617,237.077731478741,0
"GF",-0.607836021906005,0.0124977495536239,-48.6356379040858,0
"GM",-0.241020584142817,0.0057448997657613,-41.9538362669548,2.63928204215046e-276
"RW",0.235238686758878,0.00927216252326702,25.3704231530222,2.63597843232894e-123
"GM:RW",0.00785176485118326,0.0117354639538613,0.669063011232702,0.503532698219694
