"","Estimate","Std..Error","t.value","Pr...t.."
"GF",-3.00764084202227,0.0299827077103084,-100.312515836861,0
"GM",0.00140224512014476,0.0229774292913119,0.0610270671434498,0.951343756354651
