"","Estimate","X95..CI.Lower","X95..CI.Upper","p.value"
"ACME",2.39996990682299,2.34141766324329,2.46342697653302,0
"ADE",0.371896953957932,0.349634043767318,0.393908038506257,0
"Total Effect",2.77186686078092,2.71077598453048,2.83156138178281,0
"Prop. Mediated",0.865860823813697,0.857818215836553,0.874442788665228,0
