"","Estimate","Std..Error","t.value","Pr...t.."
"X",0.797989554099319,0.0034254945842346,232.956011015741,0
"GF",-0.203925835602804,0.00688386863910612,-29.6237255958568,3.78226058056857e-160
"GM",-0.0814345874309068,0.00503682412428563,-16.1678441457308,2.39317458447234e-55
"RW",0.0817295260550973,0.00779320568339052,10.4872794810594,4.38108492034668e-25
"GM:RW",0.0011883090070794,0.00996591745644672,0.119237291726785,0.905099367953772
