"","Estimate","X95..CI.Lower","X95..CI.Upper","p.value"
"ACME",0.816202826222487,0.767338840663644,0.865546202873571,0
"ADE",0.123232586968331,0.112080633660696,0.134297405630697,0
"Total Effect",0.939435413190818,0.890323287793064,0.989462419748949,0
"Prop. Mediated",0.868592499022768,0.856087210226552,0.880880805760703,0
