"","Estimate","Std..Error","t.value","Pr...t.."
"GF",-1.01217583220204,0.0251131696284983,-40.3045831002323,1.8872596248627e-260
"GM",0.0102521055995833,0.0192456293472505,0.532697861660105,0.594301984263492
