"","Estimate","Std..Error","t.value","Pr...t.."
"X",0.796173689384953,0.00323330496710039,246.241445668194,0
"GF",-0.2123361209652,0.0071079459871113,-29.8730633786786,2.20685475938799e-162
"GM",-0.0813010329123648,0.00478300338117211,-16.9979041270176,1.27811505163797e-60
"RW",0.0911580880768401,0.0078555627724458,11.6042721212268,3.56457916975137e-30
"GM:RW",-0.00362025230549477,0.00989818815869088,-0.365748988345518,0.714591164027389
