"","Estimate","Std..Error","t.value","Pr...t.."
"GF",-1.05196648297579,0.0262496557872804,-40.0754391410165,3.08184937776641e-258
"GM",-0.0331810553607241,0.0201165823847906,-1.6494379972719,0.0992151306824354
