"","Estimate","X95..CI.Lower","X95..CI.Upper","p.value"
"ACME",0.8120763299868,0.763616686534315,0.863408690670712,0
"ADE",0.128569326349011,0.117230111610652,0.140463757044472,0
"Total Effect",0.940645656335811,0.889930496692444,0.993287559385988,0
"Prop. Mediated",0.863301044977018,0.84973412562069,0.876378939413072,0
