"","Estimate","Std..Error","t.value","Pr...t.."
"X",0.801696143644122,0.00329038033195981,243.648473052541,0
"GF",-0.213599959797974,0.00724992886757246,-29.4623524864314,1.04649633964178e-158
"GM",-0.0762077501749779,0.00486631745031457,-15.6602504775047,3.19210525374921e-52
"RW",0.0969538027299639,0.00809121930329161,11.9825948470488,5.34304089314667e-32
"GM:RW",-0.0222020103131231,0.0101686096172486,-2.18338702623243,0.0291234841308273
