"","Estimate","X95..CI.Lower","X95..CI.Upper","p.value"
"ACME",0.748749301630793,0.699127781770636,0.801022481913764,0
"ADE",0.123730029801348,0.111060650447878,0.135195068285471,0
"Total Effect",0.872479331432141,0.822110744668956,0.922567561960581,0
"Prop. Mediated",0.858011573909317,0.842438117743117,0.872900162315555,0
