"","Estimate","Std..Error","t.value","Pr...t.."
"GF",-0.945811943924535,0.0264445258005608,-35.7658878460387,5.79621778762286e-217
"GM",-0.0106489146970454,0.0202659221974055,-0.525459171969421,0.599322335393026
