"","Estimate","Std..Error","t.value","Pr...t.."
"X",0.799323965879094,0.00317608476244668,251.669595008963,0
"GF",-0.214969597007166,0.00706230627624589,-30.4390079668759,1.76630254887603e-167
"GM",-0.0826128927360689,0.00461641556335218,-17.8954627464431,1.53894023446911e-66
"RW",0.0971221772129503,0.00772960547294508,12.5649591758459,6.64795972114724e-35
"GM:RW",-0.0100470861984898,0.00969792879747901,-1.0360032959926,0.30032616176524
