"","Estimate","X95..CI.Lower","X95..CI.Upper","p.value"
"ACME",0.801949098053214,0.74940739213835,0.853859746793382,0
"ADE",0.12594288732865,0.114781489176478,0.137022245519254,0
"Total Effect",0.927891985381864,0.8749121793405,0.980495688775396,0
"Prop. Mediated",0.864016374290546,0.850782903641169,0.877759779961678,0
