"","Estimate","Std..Error","t.value","Pr...t.."
"GF",-1.04231753135437,0.0260900058239899,-39.9508355186321,4.91605750305469e-257
"GM",-0.0378441643469455,0.0199942336703811,-1.89275392949952,0.0585350126774909
