"","Estimate","Std..Error","t.value","Pr...t.."
"GF",-0.974035838294982,0.0262308596660525,-37.1332030553144,5.67828426590005e-230
"GM",0.0137380731141048,0.02010217786367,0.68341217589827,0.494425669914251
