"","Estimate","X95..CI.Lower","X95..CI.Upper","p.value"
"ACME",0.789957290135815,0.740397012212035,0.839708734972278,0
"ADE",0.116414949242568,0.104942761590564,0.127155515309894,0
"Total Effect",0.906372239378383,0.858194079135438,0.957570556759757,0
"Prop. Mediated",0.871876631377204,0.858490144561511,0.884160276369412,0
