"","Estimate","Std..Error","t.value","Pr...t.."
"X",0.800319861600268,0.00316352376120008,252.983673274724,0
"GF",-0.199716710044889,0.0069446696597182,-28.75827358691,1.88129235730564e-152
"GM",-0.0873367892997118,0.00459508027528513,-19.0065861894638,3.63160027345452e-74
"RW",0.0756627380919849,0.00778346898001615,9.720953251853,7.43292168913344e-22
"GM:RW",0.00641229819945596,0.00973455682584684,0.658714958900878,0.51015483939808
