"","Estimate","Std..Error","t.value","Pr...t.."
"X",0.798993021393584,0.00322855405510519,247.477046305037,0
"GF",-0.209074252079755,0.00679963966325636,-30.7478428907848,2.82550004951135e-170
"GM",-0.0788973606197708,0.00471100028785559,-16.7474752279593,5.22474638303414e-59
"RW",0.0965853157810767,0.00764895050228593,12.6272637994208,3.19890746296924e-35
"GM:RW",-0.0210527577765951,0.0096660960695518,-2.17800005556651,0.0295228001408374
