"","Estimate","Std..Error","t.value","Pr...t.."
"GF",-0.989625863443282,0.0257175696196968,-38.4805359945575,7.07379576739922e-243
"GM",-0.0391431351800192,0.019708814933943,-1.98607249148227,0.0471617218571232
