"","Estimate","X95..CI.Lower","X95..CI.Upper","p.value"
"ACME",0.759089622135347,0.709870749286785,0.814239062171039,0
"ADE",0.116974734073401,0.105016831029238,0.128453569630898,0
"Total Effect",0.876064356208748,0.825314352163159,0.93274363308845,0
"Prop. Mediated",0.866161008472943,0.852646873737698,0.880147288074826,0
