"","Estimate","X95..CI.Lower","X95..CI.Upper","p.value"
"ACME",0.809169783844996,0.760061885377735,0.859401628147578,0
"ADE",0.122116994546485,0.10959111249394,0.133608809340528,0
"Total Effect",0.931286778391481,0.882668872119816,0.983141037565692,0
"Prop. Mediated",0.868716859689169,0.85515035661425,0.882200543762111,0
