"","Estimate","Std..Error","t.value","Pr...t.."
"X",0.802651665700793,0.00355683585570213,225.664522700429,0
"GF",-0.205776194795772,0.00742560684802302,-27.711700741409,2.84871135208423e-143
"GM",-0.0806666149886286,0.00487898022767935,-16.5334990560101,1.20455194440449e-57
"RW",0.082038878594412,0.00816899036880216,10.0427194660093,3.47940677001336e-23
"GM:RW",-0.00515205214289649,0.0102473975673626,-0.502766883887231,0.615183674176181
