"","Estimate","Std..Error","t.value","Pr...t.."
"GF",-0.999345208788074,0.0246157994732419,-40.5977148893495,2.7734741748785e-263
"GM",0.0094961036867534,0.018864466722299,0.503385747741726,0.614748580165822
