"","Estimate","Std..Error","t.value","Pr...t.."
"GF",-0.992591016321848,0.0263818719686889,-37.6239797350202,1.1547472927317e-234
"GM",0.0399685349372101,0.0202179070546248,1.97688785635541,0.048191598163424
