"","Estimate","Std..Error","t.value","Pr...t.."
"X",0.801645945285911,0.00313417948612831,255.775378798166,0
"GF",-0.201216047050645,0.00689527221899613,-29.1817408595276,3.30999228676439e-156
"GM",-0.070830969453623,0.00464388781071666,-15.2525152072294,9.08759918988295e-50
"RW",0.0879876431276238,0.0076715370832512,11.4693629415834,1.55011662875744e-29
"GM:RW",-0.013543288821369,0.00965305145813933,-1.40300596967703,0.160770666990411
