"","Estimate","X95..CI.Lower","X95..CI.Upper","p.value"
"ACME",0.827273982795821,0.772590340482633,0.880129832116489,0
"ADE",0.121942765793084,0.110422954036329,0.13340636375177,0
"Total Effect",0.949216748588905,0.897073686115137,0.999700684417548,0
"Prop. Mediated",0.871982696256686,0.857395054763579,0.885043279326993,0
