"","Estimate","Std..Error","t.value","Pr...t.."
"X",0.802417756046774,0.00327792862377715,244.794151473058,0
"GF",-0.200398544089286,0.00706233306499866,-28.3756858031056,4.4376421556682e-149
"GM",-0.077829882117526,0.00484040237815787,-16.0792173949691,8.5136892450849e-55
"RW",0.089089327895227,0.00791098043198566,11.2614774693439,1.45015280934422e-28
"GM:RW",-0.00815564332431487,0.00998168493243029,-0.817060784779667,0.413991251305712
