"","Estimate","X95..CI.Lower","X95..CI.Upper","p.value"
"ACME",0.768707606633676,0.71462231711713,0.820065189497302,0
"ADE",0.117777305234147,0.106100205710363,0.129031563337769,0
"Total Effect",0.886484911867823,0.832892198083871,0.939383520788701,0
"Prop. Mediated",0.867307804587642,0.851642633883179,0.881312227626781,0
