"","Estimate","Std..Error","t.value","Pr...t.."
"GF",-0.996789659104355,0.0261339079079086,-38.1416228532246,1.26677424317577e-239
"GM",-0.0381024481119601,0.0200278782977688,-1.90247052361033,0.0572533182119751
