"","Estimate","X95..CI.Lower","X95..CI.Upper","p.value"
"ACME",0.842242400192823,0.788046885643295,0.894791247071028,0
"ADE",0.12141928017906,0.10939680102811,0.133230030937539,0
"Total Effect",0.963661680371883,0.907696254241512,1.01839707781678,0
"Prop. Mediated",0.874048598726129,0.859910238304772,0.886133279096834,0
