"","Estimate","Std..Error","t.value","Pr...t.."
"X",0.805034209404088,0.00322254410295659,249.813248068659,0
"GF",-0.202002531492295,0.00717086928552205,-28.1698805889737,2.84146077512907e-147
"GM",-0.0700164662265787,0.00488402226038949,-14.3358204556986,1.94778419543564e-44
"RW",0.0869624834097908,0.0079456299223624,10.9446934049925,4.08801303694558e-27
"GM:RW",-0.0169552961832741,0.0100331170164943,-1.68993306421124,0.0911969944436181
