"","Estimate","Std..Error","t.value","Pr...t.."
"GF",-1.02694665073278,0.0267539891038074,-38.384804850901,5.87441957571191e-242
"GM",0.0187891500281367,0.0205030812704721,0.916406162579875,0.359564498383909
