"","Estimate","Std..Error","t.value","Pr...t.."
"GF",-2.97743051949765,0.0303824723882933,-97.9982959071126,0
"GM",-0.037554257306444,0.0232837913687572,-1.61289270770718,0.106925742913531
