"","Estimate","X95..CI.Lower","X95..CI.Upper","p.value"
"ACME",2.35569138362899,2.29332610930621,2.41755325422931,0
"ADE",0.362174388570612,0.339954225140909,0.383671552652429,0
"Total Effect",2.7178657721996,2.6601812131199,2.77744621044211,0
"Prop. Mediated",0.8665989524535,0.858677062247606,0.874698490440248,0
