"","Estimate","Std..Error","t.value","Pr...t.."
"X",0.801272034189905,0.0031875053827979,251.3790371976,0
"GF",-0.614934958919811,0.0114997249287669,-53.4738841780059,0
"GM",-0.243608656397119,0.00552962524723705,-44.0551837611131,1.11249949690407e-296
"RW",0.262271191277309,0.00887775215362015,29.5425223343683,2.01254110470931e-159
"GM:RW",-0.0136241451293611,0.0112431318321986,-1.21177491580626,0.22574205456509
