"","Estimate","X95..CI.Lower","X95..CI.Upper","p.value"
"ACME",0.810235976414805,0.757739895356503,0.863424127998112,0
"ADE",0.121244060752849,0.110370556585444,0.13241961700343,0
"Total Effect",0.931480037167654,0.878223352333371,0.985578265421061,0
"Prop. Mediated",0.869893370677513,0.85671202680171,0.882221474079954,0
