"","Estimate","Std..Error","t.value","Pr...t.."
"GF",-1.0151539477131,0.0260955475125374,-38.9014235944037,6.36687798714561e-247
"GM",0.00183126677979008,0.0199984805768976,0.0915702956906422,0.927048632338311
