"","Estimate","Std..Error","t.value","Pr...t.."
"X",0.79702137009725,0.00314320396958243,253.569726244375,0
"GF",-0.20532904108653,0.00691531743681007,-29.6919184061701,9.27859576134746e-161
"GM",-0.078557326367393,0.00457052475061993,-17.1878133592292,7.4597204398211e-62
"RW",0.0798441122263427,0.00764896488006803,10.4385512913523,7.13453784935616e-25
"GM:RW",-0.00864326713658627,0.00959650104757533,-0.900668597203987,0.367873259780727
