"","Estimate","X95..CI.Lower","X95..CI.Upper","p.value"
"ACME",0.789352539694593,0.736575084721347,0.840261516183952,0
"ADE",0.117470335896833,0.105412005387866,0.129110038627028,0
"Total Effect",0.906822875591426,0.853715739279282,0.958879074057682,0
"Prop. Mediated",0.870457535332904,0.855739285309706,0.883857041647588,0
