"","Estimate","Std..Error","t.value","Pr...t.."
"GF",-0.98323948909009,0.025986010702397,-37.8372617617445,1.0477739280374e-236
"GM",-0.00246242973723932,0.0199145363803256,-0.123649865114212,0.901604945895728
