"","Estimate","Std..Error","t.value","Pr...t.."
"X",0.805522142025134,0.00329906148618942,244.167059449247,0
"GF",-0.202797570890822,0.00703799831687078,-28.8146660115983,5.96690227097962e-153
"GM",-0.0783687453722593,0.00482797375320885,-16.2322227456544,9.48807704586005e-56
"RW",0.0844141981664928,0.00793579499972089,10.637144504043,9.65632634104694e-26
"GM:RW",-0.010822983489902,0.00999814588567881,-1.08249905669057,0.279161654383732
