"","Estimate","Std..Error","t.value","Pr...t.."
"X",0.794955122370005,0.0032976767081854,241.065208240938,0
"GF",-0.225123345722145,0.00672777444096859,-33.4617855722484,3.05692755644296e-195
"GM",-0.0769179880787356,0.00472767743955861,-16.2697199760559,5.52832928382643e-56
"RW",0.101843433449396,0.00768788599146645,13.2472611537738,1.87193698304692e-38
"GM:RW",-0.0247894348151139,0.0097141121988864,-2.55189916562377,0.0107877230288657
