"","Estimate","X95..CI.Lower","X95..CI.Upper","p.value"
"ACME",0.736399620962723,0.68690112497041,0.787647147545713,0
"ADE",0.13215934986519,0.121036041600795,0.143452491617341,0
"Total Effect",0.868558970827913,0.819508987737469,0.919034913015429,0
"Prop. Mediated",0.84779829842678,0.832977985777423,0.861708524988523,0
