"","Estimate","Std..Error","t.value","Pr...t.."
"GF",-0.948115961994506,0.0253004633861589,-37.4742528436531,3.12598782743031e-233
"GM",-0.0235164124631145,0.0193891630505747,-1.21286372195511,0.22532530680367
