"","Estimate","X95..CI.Lower","X95..CI.Upper","p.value"
"ACME",0.845508759753806,0.794078313917092,0.896614479975921,0
"ADE",0.122457242434368,0.111770563922675,0.133662541335226,0
"Total Effect",0.967966002188174,0.916414257304694,1.02272554341556,0
"Prop. Mediated",0.873645200723934,0.86083004483449,0.885163147776878,0
