"","Estimate","Std..Error","t.value","Pr...t.."
"X",0.805184367281621,0.00319876581180032,251.717198024087,0
"GF",-0.205257621244891,0.00697893366547262,-29.4110291175824,3.00403142130603e-158
"GM",-0.0737790744063887,0.00477407383060442,-15.454112572249,5.63929105579507e-51
"RW",0.0874505993148119,0.00777408100890159,11.2489951178381,1.65665133427218e-28
"GM:RW",-0.0147914802762555,0.00981698175161215,-1.50672382311665,0.132039781677285
