"","Estimate","Std..Error","t.value","Pr...t.."
"GF",-1.03727479785937,0.0263515219936891,-39.3629938379949,2.29232755734544e-251
"GM",0.0133983868403106,0.0201946481678261,0.663462256384179,0.507111085891464
