"","Estimate","Std..Error","t.value","Pr...t.."
"GF",-1.01232922751245,0.0266893532484168,-37.9300771393739,1.35191094220559e-237
"GM",-0.00305317065128281,0.0204535471919871,-0.149273405860815,0.881352964280396
