"","Estimate","Std..Error","t.value","Pr...t.."
"X",0.802107032569574,0.00316006018677469,253.826504927504,0
"GF",-0.2016765875625,0.00683378872809726,-29.5116802094426,3.79563183661909e-159
"GM",-0.0825868809356604,0.00476646023985695,-17.3266694317666,9.20858891650331e-63
"RW",0.0885409625207648,0.00778317830971215,11.3759391083563,4.25257210002767e-29
"GM:RW",0.000147780943555216,0.00981774969025977,0.0150524252723443,0.98799186089034
