"","Estimate","X95..CI.Lower","X95..CI.Upper","p.value"
"ACME",0.810204320138974,0.757451147867504,0.86347989062683,0
"ADE",0.119484031180766,0.108216327357286,0.130159713839132,0
"Total Effect",0.92968835131974,0.875736871422954,0.98347780876788,0
"Prop. Mediated",0.871244902957019,0.857555915002421,0.884803241786258,0
