"","Estimate","Std..Error","t.value","Pr...t.."
"GF",-1.01958534664933,0.0256220329872511,-39.793303956663,1.62810496380072e-255
"GM",0.0231250486780744,0.0196355998581748,1.1777103243651,0.239052369507258
