"","Estimate","Std..Error","t.value","Pr...t.."
"X",0.79522591696123,0.00320902263612481,247.809382211631,0
"GF",-0.209882686028326,0.0069314762237177,-30.2796517299103,4.85015039599148e-166
"GM",-0.0852540422004453,0.00460681717173072,-18.5060615653685,1.08587149970771e-70
"RW",0.0782340443056302,0.00764048325709402,10.2394104761622,5.12687389795645e-24
"GM:RW",0.00584061357221967,0.00960534821618205,0.608058494160581,0.543217893232419
