"","Estimate","X95..CI.Lower","X95..CI.Upper","p.value"
"ACME",0.828837578942777,0.779561910469807,0.878716019737376,0
"ADE",0.128392270181177,0.117812012434534,0.139423948559253,0
"Total Effect",0.957229849123954,0.907233148741861,1.0085812581875,0
"Prop. Mediated",0.865782410831501,0.852493485574175,0.878098676297344,0
