"","Estimate","Std..Error","t.value","Pr...t.."
"X",0.802468212429914,0.00337589894377794,237.705045617236,0
"GF",-0.201726109345418,0.00694560509508275,-29.0437055640024,5.57367585187203e-155
"GM",-0.0770471743792959,0.00469243823707093,-16.4194328165286,6.33725656591131e-57
"RW",0.0852336818685082,0.00775459309778463,10.9913803076087,2.51222828890908e-27
"GM:RW",-0.00877953187628655,0.00975826326583646,-0.899702297131454,0.368387283823794
