"","Estimate","X95..CI.Lower","X95..CI.Upper","p.value"
"ACME",0.777103906088524,0.726043432326368,0.820768304428949,0
"ADE",0.119115908808195,0.108131110597928,0.130322954482883,0
"Total Effect",0.896219814896719,0.845177271751045,0.940625241452256,0
"Prop. Mediated",0.86716628324521,0.853869481262167,0.879874064887981,0
