"","Estimate","Std..Error","t.value","Pr...t.."
"GF",-0.96034602756726,0.0247591741672649,-38.7874822108151,7.93936858899093e-246
"GM",0.00815475211892367,0.0189743427857256,0.429777843217764,0.667403596439178
