"","Estimate","X95..CI.Lower","X95..CI.Upper","p.value"
"ACME",0.816381619005052,0.765776043735101,0.868143141151357,0
"ADE",0.123310196880093,0.11213080767024,0.134090284223426,0
"Total Effect",0.939691815885145,0.889643362254091,0.992982493542644,0
"Prop. Mediated",0.868746764328868,0.855171914173465,0.881987671454241,0
