"","Estimate","Std..Error","t.value","Pr...t.."
"X",0.798209899445101,0.00322941039166099,247.168926410296,0
"GF",-0.203880554424653,0.00675042295220403,-30.2026340968881,2.39930617915161e-165
"GM",-0.0780320499673189,0.00477225704236948,-16.3511833655496,1.70428523106797e-56
"RW",0.0806578497382662,0.00761136045535102,10.5970345526812,1.45007587302809e-25
"GM:RW",-0.00423993950428699,0.00966001763204026,-0.438916331811237,0.660769692240331
