"","Estimate","Std..Error","t.value","Pr...t.."
"GF",-1.02554962538802,0.0257560497009565,-39.8178151267478,9.44521735445577e-256
"GM",-0.00207670309137947,0.0197383043768183,-0.10521182831786,0.916218286030773
