"","Estimate","Std..Error","t.value","Pr...t.."
"GF",-1.02962067602485,0.0254120242855198,-40.5170664271539,1.66957500481742e-262
"GM",-0.0426674019924973,0.019474658420156,-2.19091914589563,0.0285727870668352
