"","Estimate","Std..Error","t.value","Pr...t.."
"X",0.803712036932893,0.00337919991974929,237.840925668737,0
"GF",-0.200681027097672,0.00690967890946371,-29.0434663791414,5.60098761720404e-155
"GM",-0.0811945604018394,0.00496707893440397,-16.3465411913335,1.82270488869031e-56
"RW",0.0857722279129502,0.00782635237164879,10.9594129985334,3.50694707880581e-27
"GM:RW",-0.00542510095285396,0.00996129454557618,-0.544618064251825,0.586077096967199
