"","Estimate","X95..CI.Lower","X95..CI.Upper","p.value"
"ACME",0.792116868489509,0.737759786839632,0.842834197701446,0
"ADE",0.115711262166374,0.103249048237803,0.126741171437374,0
"Total Effect",0.907828130655884,0.85396870903898,0.958923463737555,0
"Prop. Mediated",0.872486413707402,0.858921810574814,0.885842466502786,0
