"","Estimate","Std..Error","t.value","Pr...t.."
"X",0.795906020779431,0.00329946091640401,241.223048535719,0
"GF",-0.218366913152384,0.00702286850599862,-31.0936924087166,2.03323117827589e-173
"GM",-0.0750524655963338,0.00472839424538777,-15.872717396512,1.60431887568017e-53
"RW",0.0972785630846952,0.00776883024770775,12.5216486887969,1.10343451960324e-34
"GM:RW",-0.0211349995629401,0.00979043367918851,-2.15873987358361,0.0309892655882555
