"","Estimate","Std..Error","t.value","Pr...t.."
"GF",-1.0068563768892,0.0254429047614261,-39.5731692717604,2.16104210210469e-253
"GM",0.0067017529829315,0.0194983238595312,0.343709183989964,0.731101168630633
