"","Estimate","X95..CI.Lower","X95..CI.Upper","p.value"
"ACME",0.806328656689223,0.756854175216166,0.860892785842136,0
"ADE",0.129736004339931,0.118190312085073,0.141141145966411,0
"Total Effect",0.936064661029154,0.885557152140777,0.988932415637962,0
"Prop. Mediated",0.861551186274123,0.847934133129463,0.873638875218531,0
