"","Estimate","Std..Error","t.value","Pr...t.."
"X",0.808222364826599,0.00330258983883821,244.723808970149,0
"GF",-0.566183242409109,0.0121468680608777,-46.6114589844486,1.75887369919484e-321
"GM",-0.240312958415237,0.00563310880933748,-42.6608053472877,3.72350170424974e-283
"RW",0.233620801723345,0.00910595575665294,25.6558243820434,1.07883635195997e-125
"GM:RW",0.00756952140715194,0.0115194162799348,0.657109806886394,0.511186110777546
