"","Estimate","Std..Error","t.value","Pr...t.."
"GF",-3.00317505413435,0.0299796834275407,-100.173674661804,0
"GM",-0.0367916269589157,0.022975111613932,-1.60136880190847,0.109453340698456
