"","Estimate","X95..CI.Lower","X95..CI.Upper","p.value"
"ACME",2.39740571745359,2.33641485858866,2.46206635584759,0
"ADE",0.330152269555553,0.309081551195477,0.351465912674981,0
"Total Effect",2.72755798700915,2.66990343842536,2.78637245552139,0
"Prop. Mediated",0.878890870101007,0.870748076646388,0.887095623859653,0
