"","Estimate","X95..CI.Lower","X95..CI.Upper","p.value"
"ACME",0.867594577528552,0.816303988211726,0.921833712887228,0
"ADE",0.128857681791762,0.117504842294825,0.140168140564381,0
"Total Effect",0.996452259320314,0.94571302506364,1.0527447361072,0
"Prop. Mediated",0.870699126938462,0.858604064188159,0.882642659016312,0
