"","Estimate","Std..Error","t.value","Pr...t.."
"X",0.804039165359415,0.00313900077229724,256.144940280148,0
"GF",-0.208594017828659,0.00701069291360778,-29.753694877118,2.59518361414322e-161
"GM",-0.0764043535630976,0.00452021969685195,-16.9027964760891,5.25623803322415e-60
"RW",0.083575675397917,0.00768401614104171,10.8765616656535,8.29250694432822e-27
"GM:RW",-0.00511551039080055,0.0096092966788283,-0.532350135683843,0.594542796163323
