"","Estimate","Std..Error","t.value","Pr...t.."
"GF",-1.0531975550951,0.0260819422942157,-40.3803345323967,3.49920267276486e-261
"GM",0.0252660105706945,0.0199880541355968,1.26405554033888,0.206357540761834
