"","Estimate","Std..Error","t.value","Pr...t.."
"X",0.801096648945756,0.00308456441216478,259.71143471228,0
"GF",-0.210245886547174,0.00675993389657307,-31.1017666391319,1.71658812811594e-173
"GM",-0.0792643807079772,0.00458827237354047,-17.2754305444195,1.99558921935967e-62
"RW",0.0869109144549583,0.00762250962610488,11.4018766414297,3.21572412668174e-29
"GM:RW",-0.00553372259633562,0.00957798684815715,-0.577754248785623,0.563495248303207
