"","Estimate","X95..CI.Lower","X95..CI.Upper","p.value"
"ACME",0.789729449849582,0.738975790325924,0.839159550565784,0
"ADE",0.127365682376077,0.117126746517438,0.137952323419094,0
"Total Effect",0.91709513222566,0.865713202537102,0.965735023760801,0
"Prop. Mediated",0.861162188629366,0.846804320734878,0.873609803404561,0
