"","Estimate","Std..Error","t.value","Pr...t.."
"GF",-0.971066022661669,0.0265759455847906,-36.5392839763117,2.61103922097416e-224
"GM",0.0141763737261138,0.0203666365434477,0.69605865926225,0.486473053241009
