"","Estimate","Std..Error","t.value","Pr...t.."
"GF",-0.964119586003076,0.0262855124715832,-36.6787441198024,1.22667226483159e-225
"GM",-0.00891215400975769,0.0201440613715502,-0.442420912316345,0.658232536230481
