"","Estimate","X95..CI.Lower","X95..CI.Upper","p.value"
"ACME",0.761818043219368,0.710059213411038,0.812152742884853,0
"ADE",0.121449477609805,0.110219548730274,0.132306995967707,0
"Total Effect",0.883267520829173,0.83094375456854,0.935593473321294,0
"Prop. Mediated",0.86224410141454,0.848430935169861,0.876356272305251,0
