"","Estimate","Std..Error","t.value","Pr...t.."
"X",0.796938629402321,0.00321030930548012,248.243565827728,0
"GF",-0.21117835959655,0.00709177166906864,-29.7779411761975,1.5735498009681e-161
"GM",-0.0848915328966426,0.00471386999971888,-18.0088829139763,2.65202121459757e-67
"RW",0.0918433438699468,0.00785343485042459,11.6946719007902,1.3202971332833e-30
"GM:RW",-0.00805958309920951,0.00985850471357389,-0.817525916289567,0.413725567255756
