"","Estimate","X95..CI.Lower","X95..CI.Upper","p.value"
"ACME",0.83046199215846,0.778975851729723,0.878576506812612,0
"ADE",0.121477388335792,0.11023599931758,0.133450536477552,0
"Total Effect",0.951939380494252,0.899761768625732,1.00188658167407,0
"Prop. Mediated",0.872575208035634,0.85930487398618,0.885154466243434,0
