"","Estimate","Std..Error","t.value","Pr...t.."
"GF",-1.00231844954505,0.026284737499641,-38.1330971845823,1.52924006940228e-239
"GM",0.0321874558762203,0.0201434674671177,1.59791038602282,0.11022104562601
