"","Estimate","Std..Error","t.value","Pr...t.."
"X",0.80119874960955,0.00323708709347943,247.506083856511,0
"GF",-0.207669062798231,0.00719806529114996,-28.8506778416639,2.86462772276036e-153
"GM",-0.0851417224053038,0.00474103920204602,-17.9584514653582,5.80166124392366e-67
"RW",0.0925993035023424,0.00793886215900218,11.6640523097306,1.8496636831488e-30
"GM:RW",-0.00119709608977567,0.00995612951734231,-0.120237094916301,0.904307440588622
