"","Estimate","X95..CI.Lower","X95..CI.Upper","p.value"
"ACME",0.779513016702921,0.726882004175641,0.828973523327327,0
"ADE",0.115276270135176,0.104005765663943,0.126845543185644,0
"Total Effect",0.894789286838097,0.842999879781588,0.944411283477738,0
"Prop. Mediated",0.871368940380878,0.856190793373976,0.885002637367292,0
