"","Estimate","Std..Error","t.value","Pr...t.."
"X",0.805812694778068,0.00324912436020475,248.009188151631,0
"GF",-0.202811658271911,0.00693318411382374,-29.2523110510702,7.79792597874137e-157
"GM",-0.0826757471688029,0.00479679649240175,-17.2356169997546,3.63538902281517e-62
"RW",0.0873875411014305,0.00781208936862572,11.1861932164255,3.2305943134621e-28
"GM:RW",-0.00776876915684493,0.00986454505583365,-0.787544596620872,0.431056686704354
