"","Estimate","Std..Error","t.value","Pr...t.."
"GF",-0.986600889181467,0.0260695355959165,-37.8449737070118,8.83869935774471e-237
"GM",-0.0172962884402936,0.0199785461873601,-0.865743096524038,0.386735001744038
