"","Estimate","X95..CI.Lower","X95..CI.Upper","p.value"
"ACME",0.839163041514696,0.7857283288149,0.891684865683334,0
"ADE",0.132753313100309,0.121610236896158,0.143459585762293,0
"Total Effect",0.971916354615005,0.917822339044582,1.02592065514503,0
"Prop. Mediated",0.863395603515037,0.850544701439829,0.87637569717062,0
