"","Estimate","Std..Error","t.value","Pr...t.."
"X",0.802347889254559,0.00318999859679515,251.519825137429,0
"GF",-0.20939261472069,0.00710114118819799,-29.4871780705752,6.28207087052876e-159
"GM",-0.0750191560092811,0.00464696298014145,-16.1436956416204,3.38357220640044e-55
"RW",0.0841460013731565,0.00790065225429808,10.6505132316613,8.43000938244516e-26
"GM:RW",-0.00300774238972256,0.00986775499364282,-0.304805134669463,0.760546364139311
