"","Estimate","Std..Error","t.value","Pr...t.."
"GF",-1.03036677521582,0.0263689309043837,-39.075030343552,1.3595033041207e-248
"GM",0.0157856562474402,0.0202079895917692,0.781159163594867,0.434801434044109
