"","Estimate","Std..Error","t.value","Pr...t.."
"X",0.798555468363065,0.00331833744969882,240.649265021417,0
"GF",-0.207742202568881,0.00681319796902147,-30.49114432216,5.96724244452779e-168
"GM",-0.0806972324107364,0.00474771192139306,-16.9970785394785,1.29393275689821e-60
"RW",0.0916051601364988,0.00772087946501407,11.8646017661062,2.00495385983061e-31
"GM:RW",-0.01062089765555,0.00975168406944084,-1.08913471559575,0.276226026969681
