"","Estimate","X95..CI.Lower","X95..CI.Upper","p.value"
"ACME",0.764602987033991,0.716743897795116,0.813138684949276,0
"ADE",0.120205982476891,0.10941254352383,0.131155194778118,0
"Total Effect",0.884808969510882,0.835398641389412,0.934879064075502,0
"Prop. Mediated",0.864167172830487,0.850028890779181,0.877351832174963,0
