"","Estimate","Std..Error","t.value","Pr...t.."
"GF",-0.961229869211497,0.0252458661016989,-38.0747432209034,5.54776286213e-239
"GM",-0.00427690433690152,0.0193473220916028,-0.221059240997378,0.82506889393274
