"","Estimate","Std..Error","t.value","Pr...t.."
"X",0.79779774836732,0.00323493295035488,246.619562325024,0
"GF",-0.21457031415363,0.00724300881828356,-29.6244723065902,3.72453395520742e-160
"GM",-0.0815234540625694,0.00474008258582248,-17.1987412848892,6.33018213778346e-62
"RW",0.0844066884416524,0.00795157797963835,10.6150865473234,1.20779023775015e-25
"GM:RW",-0.00314178167172995,0.00996915301587699,-0.315150310836469,0.752680490389435
