"","Estimate","Std..Error","t.value","Pr...t.."
"GF",-1.03905138141115,0.0263339844484468,-39.4566717940185,2.86812143240773e-252
"GM",0.0402506032168,0.0201812081640198,1.9944595432379,0.0462375227514715
