"","Estimate","X95..CI.Lower","X95..CI.Upper","p.value"
"ACME",0.85905483102143,0.803435074122514,0.915426919307513,0
"ADE",0.131249518045371,0.119995610460003,0.142192823086289,0
"Total Effect",0.990304349066801,0.934794294448805,1.04700292392028,0
"Prop. Mediated",0.867233103667364,0.854199615224533,0.880547603251571,0
