"","Estimate","X95..CI.Lower","X95..CI.Upper","p.value"
"ACME",0.798039918018208,0.74730996976902,0.851663616300226,0
"ADE",0.116800260404852,0.105651967086942,0.127933963514958,0
"Total Effect",0.914840178423059,0.861906550139224,0.971011840260188,0
"Prop. Mediated",0.872015052613816,0.858016393267405,0.885575528369345,0
