"","Estimate","Std..Error","t.value","Pr...t.."
"GF",-1.00402925007055,0.0262870514620649,-38.1948219456822,3.9116532688493e-240
"GM",-0.00937111372378069,0.0201452407862086,-0.46517754854517,0.641855009139088
