"","Estimate","Std..Error","t.value","Pr...t.."
"X",0.802834094521605,0.00314841069695056,254.996622676705,0
"GF",-0.202708293964858,0.00668512067786218,-30.3223088606505,1.99945599537451e-166
"GM",-0.0792835296049135,0.00467493786668294,-16.9592691637565,2.27165259118551e-60
"RW",0.0909650949053973,0.00763707108268505,11.9109923058901,1.19366688878401e-31
"GM:RW",-0.0105524388875455,0.00964015641759676,-1.09463357547638,0.27380933851714
