"","Estimate","X95..CI.Lower","X95..CI.Upper","p.value"
"ACME",0.819979095184486,0.770663013496228,0.868724137387703,0
"ADE",0.126299279873869,0.115445141310985,0.137310715769277,0
"Total Effect",0.946278375058355,0.895765101003169,0.996607777907181,0
"Prop. Mediated",0.866672535445558,0.853313864542663,0.878358310959231,0
