"","Estimate","Std..Error","t.value","Pr...t.."
"GF",-1.02429220122483,0.0256128250833908,-39.9913792363754,1.99660039104342e-257
"GM",-0.00375412733202022,0.019628543325392,-0.191258580414563,0.848342442937164
