"","Estimate","Std..Error","t.value","Pr...t.."
"X",0.802624512548181,0.00325163359859623,246.837316755087,0
"GF",-0.209460477888922,0.00692804268240101,-30.2337164320602,1.25878148934893e-165
"GM",-0.0802945747851548,0.0046851348046694,-17.1381567730196,1.57151695310704e-61
"RW",0.0896755958929074,0.00771515703414114,11.6233014436485,2.89367618373863e-30
"GM:RW",-0.00494188821480645,0.009715635035493,-0.508653134535501,0.611051621542389
