"","Estimate","Std..Error","t.value","Pr...t.."
"GF",-3.06869008523386,0.0302703151110157,-101.376218713928,0
"GM",0.00531873286787556,0.0231978389613545,0.229277083815268,0.818677030282391
