"","Estimate","Std..Error","t.value","Pr...t.."
"X",0.798258296973803,0.00327663742662729,243.621186307289,0
"GF",-0.601920296471966,0.0127709514344588,-47.1319853936533,0
"GM",-0.249890488019122,0.00551322319468257,-45.3256614497556,5.22671526732007e-309
"RW",0.238224733889921,0.00926256766453509,25.7190816324123,3.17583567221459e-126
"GM:RW",0.0142022261811364,0.0116047239927211,1.22383144916196,0.221160333993423
