"","Estimate","X95..CI.Lower","X95..CI.Upper","p.value"
"ACME",2.45281785487314,2.39430970999463,2.51292998422859,0
"ADE",0.361065283390389,0.338183107259124,0.383788661530838,0
"Total Effect",2.81388313826353,2.75562641216312,2.87271941552853,0
"Prop. Mediated",0.871649832374508,0.863138898109233,0.880002875402285,0
