"","Estimate","Std..Error","t.value","Pr...t.."
"GF",-0.998768071254734,0.0257955596484,-38.7186044756615,3.64768565551295e-245
"GM",-0.00747696413549604,0.0197685830638688,-0.378224585512239,0.705303942781792
