"","Estimate","Std..Error","t.value","Pr...t.."
"X",0.802270423155119,0.00326582667621739,245.656154687407,0
"GF",-0.208815856490551,0.00680328608833014,-30.6933816657715,8.80809580227762e-170
"GM",-0.0762595777765911,0.00486049842896173,-15.6896620565067,2.11394003594701e-52
"RW",0.0833240854408123,0.00767926923584681,10.8505227361812,1.08552866690811e-26
"GM:RW",-0.00742586750808898,0.00976858568863543,-0.760178366119886,0.447237799654985
