"","Estimate","X95..CI.Lower","X95..CI.Upper","p.value"
"ACME",0.795256756094421,0.746498099340001,0.848451296087181,0
"ADE",0.127895728086273,0.1174166891558,0.139095397956853,0
"Total Effect",0.923152484180694,0.872453925142319,0.977057606037558,0
"Prop. Mediated",0.861511800615314,0.847895666307707,0.874484024999381,0
