"","Estimate","Std..Error","t.value","Pr...t.."
"X",0.799134040215343,0.00320529625623964,249.316748384707,0
"GF",-0.197984780857746,0.00706032469058431,-28.0418804423797,3.75129756231537e-146
"GM",-0.0792056798648425,0.00461127006962359,-17.1765432665946,8.83540934008322e-62
"RW",0.0755836194372481,0.00776472801034667,9.7342262776663,6.56252844618521e-22
"GM:RW",0.00638909170536467,0.00972534810583933,0.656952495256032,0.511287238296039
