"","Estimate","X95..CI.Lower","X95..CI.Upper","p.value"
"ACME",0.821402595172248,0.769968048521991,0.86922542458578,0
"ADE",0.122879241128757,0.111854926808138,0.134068713602626,0
"Total Effect",0.944281836301005,0.894222293036209,0.991517616993721,0
"Prop. Mediated",0.869735168330393,0.856591306394769,0.883212148138901,0
