"","Estimate","Std..Error","t.value","Pr...t.."
"GF",-0.999412702146908,0.0258951846974774,-38.5945384758838,5.68119975021411e-244
"GM",0.0269901105404256,0.0198449313224363,1.36005058933669,0.173967350453779
