"","Estimate","X95..CI.Lower","X95..CI.Upper","p.value"
"ACME",0.787024076637394,0.735191600209491,0.83973465688644,0
"ADE",0.120001139198126,0.108543540336872,0.130924031909238,0
"Total Effect",0.90702521583552,0.856824679686047,0.959026187224125,0
"Prop. Mediated",0.867733322446223,0.854136960633619,0.881780321288799,0
