"","Estimate","Std..Error","t.value","Pr...t.."
"GF",-0.965998284769241,0.0251982230910129,-38.3359684244469,1.72906975800512e-241
"GM",0.0171677802990568,0.0193108105823742,0.889024322714165,0.374097027991883
