"","Estimate","Std..Error","t.value","Pr...t.."
"X",0.801044088137284,0.00343829627710513,232.977039666785,0
"GF",-0.207063216363662,0.00733202188794829,-28.240943566196,6.76771383664118e-148
"GM",-0.0848074264236991,0.00483660454368787,-17.534496702729,3.93019490499588e-64
"RW",0.0887380858839728,0.00807048097871823,10.9953900043844,2.40913959018301e-27
"GM:RW",-0.0040310548419898,0.0101296816935987,-0.397944867758003,0.690713403724168
