"","Estimate","X95..CI.Lower","X95..CI.Upper","p.value"
"ACME",0.791915468907028,0.739021305791451,0.845196701214697,0
"ADE",0.133104892582268,0.121158472190606,0.145072668773229,0
"Total Effect",0.925020361489296,0.874238288838619,0.977839530414959,0
"Prop. Mediated",0.856070768517262,0.841478239598965,0.870439210484612,0
