"","Estimate","Std..Error","t.value","Pr...t.."
"GF",-0.996792029793182,0.0262955088981307,-37.9073108512474,2.23418024554783e-237
"GM",-0.00616962319838997,0.0201517221934606,-0.306158607148329,0.759515784480648
