"","Estimate","Std..Error","t.value","Pr...t.."
"X",0.799794832452648,0.00317218718391548,252.127250405649,0
"GF",-0.219705205212849,0.00697183345557757,-31.513260695733,3.01420218598393e-177
"GM",-0.0715653222358346,0.00466844546673845,-15.3295829941081,3.15068874711914e-50
"RW",0.099563979631571,0.00775765461762134,12.8342887817426,2.7538421169735e-36
"GM:RW",-0.023738831124604,0.00974840743970366,-2.43514966638752,0.0149727222445154
