"","Estimate","Std..Error","t.value","Pr...t.."
"GF",-1.01022308339729,0.025720617954831,-39.2767811866488,1.55161099883539e-250
"GM",-0.00566347321789508,0.0197111510439996,-0.287323312842207,0.773894569249869
