"","Estimate","X95..CI.Lower","X95..CI.Upper","p.value"
"ACME",0.802745777888164,0.751091137517183,0.85219675039358,0
"ADE",0.123405518668755,0.111790355184374,0.13494083011527,0
"Total Effect",0.926151296556919,0.874519949747009,0.975523806976378,0
"Prop. Mediated",0.866675108009606,0.852378830818897,0.880113342414278,0
