"","Estimate","Std..Error","t.value","Pr...t.."
"X",0.798015050932269,0.00327956904955822,243.329242005063,0
"GF",-0.198981862562603,0.00714337811742259,-27.8554290829558,1.59442501153122e-144
"GM",-0.0743817092469005,0.00471023447629952,-15.7915088136624,5.05011506270316e-53
"RW",0.0765429309644129,0.00785704972620381,9.74194304881856,6.10372186097832e-22
"GM:RW",-0.00183238823321633,0.00986523571407453,-0.185741961603827,0.852666002709034
