"","Estimate","Std..Error","t.value","Pr...t.."
"X",0.801859639685901,0.0031503818655626,254.52776009511,0
"GF",-0.202721900871978,0.00673051048012355,-30.119840310873,1.33585219115536e-164
"GM",-0.0815828191665036,0.00467977473462014,-17.4330654343185,1.83835842435879e-63
"RW",0.0848913159428769,0.00767258982068602,11.0642322770861,1.17094485161114e-27
"GM:RW",-0.000868060277634188,0.00966830156917695,-0.0897841540650335,0.928467753065611
