"","Estimate","Std..Error","t.value","Pr...t.."
"GF",-0.961151717122206,0.0263337170255855,-36.4989004851978,6.32705052199576e-224
"GM",0.0438246909227288,0.0201810032228936,2.17158138466642,0.0300045607491527
