"","Estimate","X95..CI.Lower","X95..CI.Upper","p.value"
"ACME",0.806646021186512,0.757920237016124,0.860024933547801,0
"ADE",0.120453904058954,0.109548083333441,0.131649997292887,0
"Total Effect",0.927099925245466,0.875354745803718,0.982198546615155,0
"Prop. Mediated",0.870289261386289,0.856369741020689,0.88305226630597,0
