"","Estimate","X95..CI.Lower","X95..CI.Upper","p.value"
"ACME",0.84486849549888,0.793133491344921,0.896654231942639,0
"ADE",0.130137911903503,0.118588547987729,0.141534171763602,0
"Total Effect",0.975006407402384,0.923097521033295,1.02483378331997,0
"Prop. Mediated",0.866678310088885,0.853972034419086,0.878721013922923,0
