"","Estimate","Std..Error","t.value","Pr...t.."
"GF",-1.03474136213059,0.0258664611889925,-40.0032054856783,1.53509979576186e-257
"GM",0.0309468027229561,0.0198229188880829,1.56116275800133,0.118643722019907
