"","Estimate","Std..Error","t.value","Pr...t.."
"X",0.792826797211342,0.00326219184090532,243.035000967729,0
"GF",-0.218330800355756,0.00710068542364456,-30.7478485990573,2.82516324447794e-170
"GM",-0.0826249458720314,0.00472455193200271,-17.4884194440439,7.92744915053697e-64
"RW",0.0909853052157808,0.00784690315325353,11.5950590237699,3.94281608835606e-30
"GM:RW",-0.00842271822996078,0.00986033013213438,-0.85420245743208,0.3930953791817
