"","Estimate","X95..CI.Lower","X95..CI.Upper","p.value"
"ACME",0.847386153888445,0.795135914909358,0.899500242161064,0
"ADE",0.119523540004209,0.108560828036372,0.13105566877974,0
"Total Effect",0.966909693892653,0.91357140011926,1.01767170170782,0
"Prop. Mediated",0.876507241247752,0.8634385096112,0.88814950765686,0
