"","Estimate","Std..Error","t.value","Pr...t.."
"X",0.799915183578475,0.00325033299284156,246.102533291261,0
"GF",-0.199997231411516,0.00710362896458085,-28.1542339005479,3.89624151722166e-147
"GM",-0.0784096396053396,0.00472812952955832,-16.5836488013188,5.78913049808431e-58
"RW",0.0849311483856082,0.00781123611517851,10.8729459887371,8.60875787801829e-27
"GM:RW",-0.00331904133760957,0.00983034547810458,-0.337632216996053,0.735675881432375
