"","Estimate","Std..Error","t.value","Pr...t.."
"GF",-1.07415127458306,0.0259063373873909,-41.4628767672061,1.17880687484609e-271
"GM",-0.0144491335260486,0.0198534782537666,-0.727788518533635,0.466828330386974
