"","Estimate","Std..Error","t.value","Pr...t.."
"X",0.799514374189166,0.00320044452275256,249.813539495926,0
"GF",-0.206125598631515,0.00689134140772226,-29.9108092947675,1.01149025137732e-162
"GM",-0.0829410066739816,0.00483886417749668,-17.1405940798467,1.51513729221458e-61
"RW",0.0907873588422386,0.00790931579318367,11.4785350864964,1.40335560282833e-29
"GM:RW",-0.00607456721293254,0.00997544131252762,-0.608952228038655,0.542625437375437
