"","Estimate","X95..CI.Lower","X95..CI.Upper","p.value"
"ACME",0.797430616820147,0.74416707660798,0.849125367316698,0
"ADE",0.118850876147521,0.107776728997524,0.130178009989361,0
"Total Effect",0.916281492967669,0.862731378667786,0.968281665567656,0
"Prop. Mediated",0.870418213599119,0.856781056767988,0.882912719084901,0
