"","Estimate","Std..Error","t.value","Pr...t.."
"GF",-1.00946054672401,0.0267759171311088,-37.7003163619445,2.14668954711395e-235
"GM",-0.0133103073210092,0.0205198859467437,-0.648654059557355,0.516636548740538
