"","Estimate","Std..Error","t.value","Pr...t.."
"GF",-1.03380007134045,0.0260527259511376,-39.6810711201341,1.96892580525069e-254
"GM",-0.0328751810615583,0.0199656640144738,-1.64658591057758,0.0998004523230196
