"","Estimate","Std..Error","t.value","Pr...t.."
"X",0.797910584574012,0.00322861094951421,247.137421340304,0
"GF",-0.210498608979421,0.00700384846813574,-30.0547063428188,5.1504338530189e-164
"GM",-0.0853868814767245,0.0047580205334494,-17.9458833513739,7.04972356272993e-67
"RW",0.0878628991606535,0.00776267250603542,11.3186404672284,7.869197834513e-29
"GM:RW",-0.00913636088131222,0.00979894321045583,-0.932382266647222,0.351251827778384
