"","Estimate","X95..CI.Lower","X95..CI.Upper","p.value"
"ACME",0.797648950448968,0.744204746253962,0.852427863024665,0
"ADE",0.119112336696254,0.107675411729253,0.129490344521738,0
"Total Effect",0.916761287145222,0.861895116081193,0.969516497565012,0
"Prop. Mediated",0.870090282293538,0.856591248597626,0.882921850820589,0
