"","Estimate","X95..CI.Lower","X95..CI.Upper","p.value"
"ACME",2.34534117285615,2.28414325854572,2.40624112793926,0
"ADE",0.371188039061739,0.350235863272866,0.392076088097635,0
"Total Effect",2.71652921191789,2.65352307878299,2.77629912278367,0
"Prop. Mediated",0.863335123585324,0.855620053579898,0.87140380135011,0
