"","Estimate","Std..Error","t.value","Pr...t.."
"GF",-2.94038174163383,0.0302145850628466,-97.3166348476343,0
"GM",-0.00600235150803782,0.0231551299020667,-0.259223400318825,0.795489581599139
