"","Estimate","Std..Error","t.value","Pr...t.."
"X",0.799488635124507,0.0031854198779658,250.983752771411,0
"GF",-0.6168924122639,0.0119433367869753,-51.6515964731605,0
"GM",-0.238214205903881,0.0053239622896588,-44.7437815941305,2.31426442772012e-303
"RW",0.250180880534375,0.00903164954358792,27.7004637222658,3.56792699282201e-143
"GM:RW",-0.0120117172873005,0.0112909581653676,-1.06383507151267,0.287532166832575
