"","Estimate","X95..CI.Lower","X95..CI.Upper","p.value"
"ACME",0.81551137649901,0.759385579866733,0.870101676707271,0
"ADE",0.117190247943412,0.105610446556121,0.127741694681595,0
"Total Effect",0.932701624442422,0.870975273551093,0.985217524905305,0
"Prop. Mediated",0.874122668533854,0.860754801927981,0.887085943274041,0
