"","Estimate","Std..Error","t.value","Pr...t.."
"X",0.797647564571077,0.00313901152320629,254.107880354747,0
"GF",-0.20648339487956,0.00667510013071235,-30.9333779023812,5.84217180131522e-172
"GM",-0.0787942256715614,0.00468659103415682,-16.812695005238,1.99569277085434e-59
"RW",0.0879076052766441,0.00763696102915362,11.5108097240594,9.8839923700598e-30
"GM:RW",-0.0165142758974281,0.00963246038165653,-1.71444005405689,0.0866032523298749
