"","Estimate","Std..Error","t.value","Pr...t.."
"GF",-0.971695672868819,0.0263767205106413,-36.8391389853338,3.63138843197262e-227
"GM",0.0514453563492579,0.0202139592036108,2.54504106944415,0.0110010982388654
