"","Estimate","Std..Error","t.value","Pr...t.."
"X",0.802979042405013,0.00329263692377654,243.871116370773,0
"GF",-0.207051979297984,0.00692524295193824,-29.898153860441,1.31394300866606e-162
"GM",-0.0746969031210235,0.00469005172030135,-15.9266693792929,7.47044464075024e-54
"RW",0.0833490522955307,0.00768399652259761,10.8470965662741,1.12463591267411e-26
"GM:RW",-0.00954120998474021,0.00969124739867608,-0.984518255724607,0.324980141691167
