"","Estimate","Std..Error","t.value","Pr...t.."
"GF",-1.05597496377841,0.0252512426956782,-41.8187325077326,4.20821190861606e-275
"GM",0.0220874419418273,0.0193514424768989,1.1413847814288,0.253846613029044
