"","Estimate","X95..CI.Lower","X95..CI.Upper","p.value"
"ACME",0.865386342786107,0.816049232016266,0.912182770719303,0
"ADE",0.126305404474952,0.115068148992108,0.137823133732601,0
"Total Effect",0.99169174726106,0.939901060290356,1.04133522359321,0
"Prop. Mediated",0.872803014161054,0.86017962347155,0.884110453489857,0
