"","Estimate","Std..Error","t.value","Pr...t.."
"X",0.800220328604844,0.00321110022854218,249.204407103835,0
"GF",-0.205540689683568,0.00701925707530117,-29.2823994731307,4.20828890901414e-157
"GM",-0.0754070167451974,0.00466823132247772,-16.153230535537,2.95128343564937e-55
"RW",0.0857888152235837,0.0078447389742094,10.9358406322537,4.48249333003955e-27
"GM:RW",-0.0129851627269518,0.00983345238837387,-1.32050903529102,0.186816587822322
