"","Estimate","X95..CI.Lower","X95..CI.Upper","p.value"
"ACME",0.752164133130178,0.697289039904154,0.809446060390407,0
"ADE",0.121734719630545,0.110980640625043,0.132235644443843,0
"Total Effect",0.873898852760723,0.819358816920434,0.931346567878185,0
"Prop. Mediated",0.860382196401285,0.845905543694892,0.874105782802028,0
