"","Estimate","Std..Error","t.value","Pr...t.."
"GF",-0.944721394986377,0.0261473563748539,-36.1306658096772,2.00568469797524e-220
"GM",-0.0072551386970213,0.0200381846117047,-0.362065668003848,0.717341247479896
