"","Estimate","Std..Error","t.value","Pr...t.."
"GF",-0.993781664488912,0.0260790455329946,-38.1065197816232,2.75031386535553e-239
"GM",0.0196250518296513,0.0199858341851249,0.981948096229971,0.326244305645642
