"","Estimate","X95..CI.Lower","X95..CI.Upper","p.value"
"ACME",0.814959741874255,0.760954128683067,0.866940203805535,0
"ADE",0.126584938471355,0.115644928802841,0.137910708660021,0
"Total Effect",0.94154468034561,0.888163481422018,0.992514922566206,0
"Prop. Mediated",0.865476584754893,0.852038797871019,0.878605688559975,0
