"","Estimate","Std..Error","t.value","Pr...t.."
"X",0.803975221121856,0.0032403628121729,248.112716916021,0
"GF",-0.209888709082972,0.00704747939983533,-29.7820961474362,1.4442360148865e-161
"GM",-0.0794514471813458,0.00475942195375084,-16.6935077312763,1.15613218250143e-58
"RW",0.0907472717004101,0.00782209318293024,11.6014050942839,3.67824846623322e-30
"GM:RW",-0.00637487564468018,0.0098561031168649,-0.646794739167455,0.517839202955471
