"","Estimate","X95..CI.Lower","X95..CI.Upper","p.value"
"ACME",0.797057602359423,0.7457388090911,0.848897704226454,0
"ADE",0.117725399479266,0.106680681521071,0.129029189377774,0
"Total Effect",0.914783001838689,0.861565097579357,0.96486194255212,0
"Prop. Mediated",0.871291626307336,0.85759908450705,0.884085019895247,0
