"","Estimate","Std..Error","t.value","Pr...t.."
"X",0.799964564841642,0.00325274377868189,245.935314697862,0
"GF",-0.201209807400221,0.00689702169355531,-29.1734340328717,3.9236589134811e-156
"GM",-0.0781943908029533,0.00474295103835203,-16.4864427590892,2.39193817757098e-57
"RW",0.0828365741344133,0.007755196396133,10.681428284101,6.15431975694791e-26
"GM:RW",-0.00870012728844599,0.00978264164861662,-0.889343349265614,0.373925803660685
