"","Estimate","Std..Error","t.value","Pr...t.."
"GF",-1.01657112882193,0.0258133220315136,-39.3816467164075,1.51551110838616e-251
"GM",-0.0190357139318336,0.0197821953735369,-0.962264984871098,0.336032953553506
