"","Estimate","Std..Error","t.value","Pr...t.."
"X",0.799125538543901,0.00313620546471931,254.806500254416,0
"GF",-0.214985447453927,0.00702362419713602,-30.6089052346494,5.13087111095467e-169
"GM",-0.0820204044522135,0.00464729485860385,-17.6490640141681,6.82705464019261e-65
"RW",0.0915457056653907,0.00772398661650893,11.8521315753868,2.30418743121828e-31
"GM:RW",-0.00610100603038398,0.00970376395291042,-0.628725725397939,0.529600609455505
