"","Estimate","X95..CI.Lower","X95..CI.Upper","p.value"
"ACME",0.787892570629934,0.738513339838266,0.841752445533368,0
"ADE",0.129133201444596,0.118163140952226,0.140839880209984,0
"Total Effect",0.91702577207453,0.867969876737469,0.973788241190468,0
"Prop. Mediated",0.859433104808714,0.845331700509345,0.871737218639113,0
