"","Estimate","Std..Error","t.value","Pr...t.."
"GF",-0.98082590154261,0.0265030188874836,-37.0080822002439,8.88345622320744e-229
"GM",0.0053964588421645,0.0203107487281441,0.265694727180922,0.790501736168537
