"","Estimate","Std..Error","t.value","Pr...t.."
"GF",-1.02014085801073,0.0260739301372594,-39.1249363882032,4.49750355063704e-249
"GM",-0.0337458231025734,0.019981913970682,-1.68881835604367,0.0914102820831792
