"","Estimate","X95..CI.Lower","X95..CI.Upper","p.value"
"ACME",0.785837370022904,0.733242509060831,0.839809700744796,0
"ADE",0.120827523778568,0.109260298369792,0.132475674339642,0
"Total Effect",0.906664893801473,0.853994424501368,0.959843883815199,0
"Prop. Mediated",0.866850482913122,0.852116422308876,0.879485104350405,0
