"","Estimate","Std..Error","t.value","Pr...t.."
"X",0.797476644653211,0.00318631126065063,250.282090924905,0
"GF",-0.21219729143005,0.00684301035220619,-31.0093482997052,1.19067986998617e-172
"GM",-0.0872210857710229,0.0047104780336912,-18.5163979424558,9.21841353441582e-71
"RW",0.0929939111497837,0.00765687698499284,12.1451489075831,8.48505607527185e-33
"GM:RW",-0.00649029747330807,0.00967282239821745,-0.670982801721256,0.502309160158525
