"","Estimate","X95..CI.Lower","X95..CI.Upper","p.value"
"ACME",0.825983290241052,0.777974909285951,0.878217815772492,0
"ADE",0.114370652377345,0.103859067191119,0.125961395706904,0
"Total Effect",0.940353942618397,0.890907528637345,0.991858001491793,0
"Prop. Mediated",0.878311085881936,0.864955242630031,0.891626028052644,0
