"","Estimate","Std..Error","t.value","Pr...t.."
"GF",-1.02077253082228,0.0260422506896497,-39.1967861375352,9.14504785139355e-250
"GM",0.00405796693706941,0.0199576362345124,0.203329036033438,0.838898566898417
