"","Estimate","Std..Error","t.value","Pr...t.."
"X",0.805123923099758,0.00328148211211291,245.353744312001,0
"GF",-0.200150963937229,0.00702671176773365,-28.4842997056338,4.91572354697106e-150
"GM",-0.0709725834688451,0.00484990946996024,-14.6337955189557,3.85003874261795e-46
"RW",0.0915690187329014,0.00787063526267391,11.6342602187606,2.56590495078697e-30
"GM:RW",-0.0237924898134158,0.0099475360586291,-2.39179729263476,0.0168581969795238
