"","Estimate","Std..Error","t.value","Pr...t.."
"GF",-0.973659313882309,0.0256650826396485,-37.9371197651303,1.15732164084978e-237
"GM",0.02561747600298,0.0196685912195132,1.30245606902262,0.192910635302381
