"","Estimate","Std..Error","t.value","Pr...t.."
"X",0.798388895397093,0.00327605062268821,243.704688159539,0
"GF",-0.210268768816589,0.00685695656562968,-30.6650285449606,1.59158357192306e-169
"GM",-0.0747132198453942,0.00482889623678484,-15.4721112614214,4.39382346430349e-51
"RW",0.0875787067635241,0.0076851669714268,11.3958105385529,3.43309693712678e-29
"GM:RW",-0.0142500789774835,0.00976367524425163,-1.45949948364713,0.144585118401229
