"","Estimate","X95..CI.Lower","X95..CI.Upper","p.value"
"ACME",0.798366180880061,0.748967874931861,0.850834187639634,0
"ADE",0.12621749323235,0.11529799602829,0.13757764944421,0
"Total Effect",0.924583674112411,0.875608468784326,0.978415542483474,0
"Prop. Mediated",0.86334403477016,0.849228621801296,0.876911621561006,0
