"","Estimate","Std..Error","t.value","Pr...t.."
"GF",-1.00932126308844,0.0260949676289145,-38.6787704603268,8.80905764576825e-245
"GM",-0.0313238963066543,0.0199980361795779,-1.5663486167028,0.117425380309147
