"","Estimate","Std..Error","t.value","Pr...t.."
"X",0.80290716988159,0.00327392188826851,245.243227322759,0
"GF",-0.202836712643124,0.00716944062940316,-28.2918463417152,2.41936362753345e-148
"GM",-0.0878495690663155,0.00482181972309119,-18.2191732813264,9.96832708777617e-69
"RW",0.0838336398848095,0.00788989538886574,10.6254437800425,1.08738466568711e-25
"GM:RW",-0.00352430365595404,0.00995413733822285,-0.354054152178621,0.723335715638411
