"","Estimate","X95..CI.Lower","X95..CI.Upper","p.value"
"ACME",0.784825877237675,0.733938508036172,0.837261065656754,0
"ADE",0.112827693229928,0.10100815206966,0.125043206206166,0
"Total Effect",0.897653570467603,0.846807717232783,0.950886768642807,0
"Prop. Mediated",0.874258797695362,0.860585745230684,0.888525683961394,0
