"","Estimate","X95..CI.Lower","X95..CI.Upper","p.value"
"ACME",2.46092565837501,2.39603349999784,2.52721605571078,0
"ADE",0.346634878308992,0.325534245666962,0.369298197891959,0
"Total Effect",2.807560536684,2.74728193892995,2.87012600724626,0
"Prop. Mediated",0.876647061322429,0.867752920614212,0.884629207787049,0
