"","Estimate","Std..Error","t.value","Pr...t.."
"X",0.807769151274763,0.00323099846319387,250.006046266044,0
"GF",-0.586528964737802,0.0122176238252616,-48.0067951940929,0
"GM",-0.229465355660329,0.00542529712578014,-42.2954449019844,1.29436419791046e-279
"RW",0.239173562375902,0.00893300169347847,26.7741539275102,3.54749713573377e-135
"GM:RW",-0.0158543007268175,0.011248444477693,-1.40946606068585,0.158853261583733
