"","Estimate","Std..Error","t.value","Pr...t.."
"GF",-3.04400252117863,0.0298502542222386,-101.975765382622,0
"GM",0.000880344287710319,0.0228759227600834,0.0384834437912357,0.969306076257351
