"","Estimate","Std..Error","t.value","Pr...t.."
"GF",-1.07615343665102,0.0267139031077086,-40.2843954442763,2.9569808406945e-260
"GM",0.0063890657689081,0.0204723611250527,0.31208250625716,0.755010385119002
