"","Estimate","Std..Error","t.value","Pr...t.."
"X",0.808444915627936,0.00317007414897613,255.02397661236,0
"GF",-0.210563709660944,0.00727313515274303,-28.9508864112791,3.71051845182151e-154
"GM",-0.0795176776896213,0.00472149813351591,-16.8416200623186,1.30117405171756e-59
"RW",0.102681989439812,0.00789521782275374,13.0055929734942,3.52949266026857e-37
"GM:RW",-0.0159161820928132,0.00990479534049207,-1.60691680601878,0.108230866708679
