"","Estimate","X95..CI.Lower","X95..CI.Upper","p.value"
"ACME",0.876760129134178,0.822136790182335,0.931642737260866,0
"ADE",0.120615961139246,0.109482149641067,0.132923537221493,0
"Total Effect",0.997376090273424,0.942505078932784,1.05236870327619,0
"Prop. Mediated",0.8792821593475,0.866421217194267,0.890489680442191,0
