"","Estimate","X95..CI.Lower","X95..CI.Upper","p.value"
"ACME",0.76366382558178,0.712552257524225,0.820338787517441,0
"ADE",0.125044282471693,0.114229852233139,0.135480626095646,0
"Total Effect",0.888708108053473,0.837645480046463,0.945317000660835,0
"Prop. Mediated",0.85914332066118,0.845004916965703,0.872962606201286,0
