"","Estimate","Std..Error","t.value","Pr...t.."
"X",0.795452012598023,0.00317849611143149,250.26049575369,0
"GF",-0.211319310074542,0.00670535589899323,-31.5150028212924,2.90561169718352e-177
"GM",-0.0821312024927824,0.00479460574384955,-17.1299178453075,1.77804566461643e-61
"RW",0.0824390809591996,0.00763244954070947,10.8011301639783,1.80642105866012e-26
"GM:RW",-0.00663073783687802,0.00969071834726408,-0.684235946115391,0.49390565973547
