"","Estimate","Std..Error","t.value","Pr...t.."
"GF",-0.997340914023985,0.0262592326642293,-37.9805810313177,4.43498583557909e-238
"GM",-0.0378755463730808,0.02012392168233,-1.8821155722514,0.0599655527445377
