"","Estimate","X95..CI.Lower","X95..CI.Upper","p.value"
"ACME",0.789031133524599,0.735554592475711,0.839140560893879,0
"ADE",0.122112982246169,0.110999218602728,0.133410270659556,0
"Total Effect",0.911144115770767,0.858805054888385,0.961073181566769,0
"Prop. Mediated",0.865814914183918,0.852332611432955,0.879265702223783,0
