"","Estimate","Std..Error","t.value","Pr...t.."
"X",0.800188865024617,0.00324370173777145,246.690025690949,0
"GF",-0.209611437097156,0.00714088997807963,-29.3536852886125,9.75037943242816e-158
"GM",-0.072377538920189,0.00465393709047094,-15.551894560067,1.44955669266225e-51
"RW",0.0937637173221565,0.00786350088053555,11.9239151551758,1.0327862448827e-31
"GM:RW",-0.0241219767335122,0.00984040918748914,-2.45131846388871,0.0143186341156763
