"","Estimate","Std..Error","t.value","Pr...t.."
"GF",-1.03139560748755,0.0258683406376359,-39.8709612624697,2.90021454512949e-256
"GM",-0.0452696413367166,0.0198243592149116,-2.28353617112958,0.0225033437767823
