"","Estimate","Std..Error","t.value","Pr...t.."
"X",0.797188768302459,0.00324539108155954,245.637196956669,0
"GF",-0.217315343362203,0.00684852131217996,-31.7317174695378,3.01112141225162e-179
"GM",-0.0802501040862315,0.00489975725258091,-16.3783836523657,1.14940813637643e-56
"RW",0.0963041157901707,0.00790586775524126,12.1813466619556,5.6163886703894e-33
"GM:RW",-0.0172639581738796,0.0100010011579792,-1.72622299519541,0.0844621248912738
