"","Estimate","Std..Error","t.value","Pr...t.."
"GF",-0.986619581640193,0.0265214408413005,-37.2008288517938,1.28344263989508e-230
"GM",0.021073370464325,0.0203248665038074,1.03682700500775,0.299941951874638
