"","Estimate","X95..CI.Lower","X95..CI.Upper","p.value"
"ACME",0.803549120177948,0.74727164149393,0.85742632748464,0
"ADE",0.125868593670139,0.114269992770233,0.136860639610996,0
"Total Effect",0.929417713848087,0.873111186751482,0.980549101469725,0
"Prop. Mediated",0.864648980216566,0.850073504867664,0.878292199509881,0
