"","Estimate","X95..CI.Lower","X95..CI.Upper","p.value"
"ACME",0.792114090669296,0.737276476194815,0.847792156858092,0
"ADE",0.119257887080913,0.107960785371226,0.131238075567123,0
"Total Effect",0.911371977750209,0.855998590621251,0.964777256669784,0
"Prop. Mediated",0.869265681915709,0.854937355106979,0.882100472349202,0
