"","Estimate","Std..Error","t.value","Pr...t.."
"GF",-1.02203618653509,0.0263725164581515,-38.7538363340061,1.6722378668185e-245
"GM",-0.0288630487292638,0.0202107374025727,-1.42810468288948,0.153418017963596
