"","Estimate","Std..Error","t.value","Pr...t.."
"X",0.798994012189261,0.00319623564736655,249.979694972606,0
"GF",-0.212327803079953,0.00684566433294636,-31.0163912153969,1.02736725848466e-172
"GM",-0.0918892413389813,0.00481134853615569,-19.0984379220221,8.22849002610746e-75
"RW",0.0906095268039678,0.00773697517231806,11.7112340140573,1.0998550164978e-30
"GM:RW",-0.00214746833620971,0.00980022581975887,-0.219124372815987,0.826575580451347
