"","Estimate","X95..CI.Lower","X95..CI.Upper","p.value"
"ACME",0.821539462640619,0.772665465653624,0.873839329149639,0
"ADE",0.119924078627101,0.1080731476499,0.131545963650626,0
"Total Effect",0.94146354126772,0.89296923529825,0.993784105724843,0
"Prop. Mediated",0.872502641212658,0.858003561065767,0.886402402713375,0
