"","Estimate","Std..Error","t.value","Pr...t.."
"X",0.803250379183718,0.00327408867449997,245.335560224677,0
"GF",-0.203026816754619,0.00700577098131047,-28.9799391524844,2.05048009112379e-154
"GM",-0.0788533923867515,0.00467177506205187,-16.8786791614318,7.51610329780215e-60
"RW",0.0862523480106977,0.00775566770033177,11.1212021122318,6.42631992095763e-28
"GM:RW",-0.00661279254461481,0.00974789415700857,-0.678381652293621,0.497608417122783
