"","Estimate","Std..Error","t.value","Pr...t.."
"GF",-0.997818585741671,0.0254832297189021,-39.1558918060352,2.26436308372639e-249
"GM",0.0264616353936024,0.0195292271344465,1.35497606799443,0.175578356931915
