"","Estimate","Std..Error","t.value","Pr...t.."
"X",0.794281166441445,0.00315522653706755,251.735067866045,0
"GF",-0.219768118443969,0.00683801293753335,-32.1391785086686,5.43961378384172e-183
"GM",-0.0766155729442043,0.00455635816916019,-16.8150900565233,1.92628952597288e-59
"RW",0.088343175387119,0.00758509213888673,11.6469482202078,2.23223605235033e-30
"GM:RW",-0.00752092920374959,0.00952757639179349,-0.789385347802373,0.429980621401281
