"","Estimate","X95..CI.Lower","X95..CI.Upper","p.value"
"ACME",0.791285011808977,0.739659360662935,0.839911738647254,0
"ADE",0.138516888401172,0.127405612967677,0.149278147084422,0
"Total Effect",0.929801900210149,0.878306596076208,0.978481548362542,0
"Prop. Mediated",0.851017332186415,0.837826324714211,0.864239765183748,0
