"","Estimate","Std..Error","t.value","Pr...t.."
"GF",-0.986265491784531,0.0258286321586338,-38.1849679738015,4.86292784989556e-240
"GM",0.0100321009346443,0.0197939283820011,0.506827181600125,0.612332009658497
