"","Estimate","X95..CI.Lower","X95..CI.Upper","p.value"
"ACME",0.821323531586569,0.770913445954415,0.872907989130395,0
"ADE",0.11813433564016,0.107031962959109,0.129312207349009,0
"Total Effect",0.939457867226729,0.88807759015061,0.98918044466336,0
"Prop. Mediated",0.874360575403504,0.861238088591489,0.886731889406467,0
