"","Estimate","Std..Error","t.value","Pr...t.."
"GF",-1.02261605184337,0.0264485575149569,-38.6643411938466,1.21232677290072e-244
"GM",0.00537191103091623,0.0202690119261037,0.265030730185616,0.791013127667354
