"","Estimate","Std..Error","t.value","Pr...t.."
"X",0.798367273522204,0.00318171075236394,250.923900901122,0
"GF",-0.187985539977028,0.00729164140213493,-25.7809633811651,9.58689210782817e-127
"GM",-0.0823635240830484,0.00461236517688081,-17.8571125495202,2.78385532749967e-66
"RW",0.0602698563445146,0.00796478030616808,7.56704567203699,5.79478079802819e-14
"GM:RW",0.0202175989042183,0.00991872672815986,2.03832603299971,0.0416489656100519
