"","Estimate","Std..Error","t.value","Pr...t.."
"GF",-1.03573281073727,0.0251322807495461,-41.2112542056484,3.21905381135989e-269
"GM",0.00239119845952251,0.0192602752703871,0.124151831993752,0.901207547962223
