"","Estimate","Std..Error","t.value","Pr...t.."
"X",0.799999305188882,0.00328762254300146,243.33672577221,0
"GF",-0.204188725605739,0.00677881853509859,-30.121580117319,1.2885369320866e-164
"GM",-0.0680391509990896,0.00475127029047557,-14.3202021437259,2.38827336511612e-44
"RW",0.0847632762953873,0.00754783316132351,11.2301470479939,2.02501770110837e-28
"GM:RW",-0.0252869706752292,0.00958964043865882,-2.6369049848094,0.00843155162607338
