"","Estimate","X95..CI.Lower","X95..CI.Upper","p.value"
"ACME",0.830684209646071,0.780448622276483,0.88133374615673,0
"ADE",0.11995645735484,0.109286934323113,0.130640810108224,0
"Total Effect",0.95064066700091,0.902370857457722,1.00324177002587,0
"Prop. Mediated",0.873808628591093,0.861545649371132,0.885503836679487,0
