"","Estimate","Std..Error","t.value","Pr...t.."
"X",0.801152225985894,0.00317536423661934,252.30246557127,0
"GF",-0.201205949714249,0.00707540383285406,-28.4373803202533,1.2722249449242e-149
"GM",-0.0868048001489913,0.00469987288784457,-18.469605927747,1.93374369017688e-70
"RW",0.0836713326472952,0.00777268551037007,10.7647906937266,2.62411489454518e-26
"GM:RW",0.00615777516578584,0.00978062312005048,0.629589249090099,0.529035451356861
