"","Estimate","Std..Error","t.value","Pr...t.."
"GF",-1.02070894611191,0.0263853795978414,-38.6846413305123,7.73567315021466e-245
"GM",-0.0142403561433793,0.0202205951474284,-0.704250099443306,0.481359108087581
