"","Estimate","X95..CI.Lower","X95..CI.Upper","p.value"
"ACME",0.806977272492381,0.758200253411534,0.858229741250625,0
"ADE",0.118272682291341,0.107029289681239,0.129491806382697,0
"Total Effect",0.925249954783722,0.876004057061116,0.976336994281889,0
"Prop. Mediated",0.872194787963201,0.858798394442528,0.885225281129269,0
