"","Estimate","Std..Error","t.value","Pr...t.."
"GF",-2.9919201271106,0.0304900637098731,-98.1277099182244,0
"GM",-0.011755916306098,0.0233662446284109,-0.503115348360429,0.614938632156394
