"","Estimate","Std..Error","t.value","Pr...t.."
"X",0.801903976149006,0.00327182332938307,245.093911076247,0
"GF",-0.593577452753939,0.0124735796936237,-47.5867767981127,0
"GM",-0.243681008566513,0.00563297911934875,-43.2597038624717,5.80174402200939e-289
"RW",0.246292173389846,0.00920726569765861,26.7497627935813,5.73868801468639e-135
"GM:RW",-0.000191682895094738,0.011611961719838,-0.0165073653978091,0.986831276770693
