"","Estimate","X95..CI.Lower","X95..CI.Upper","p.value"
"ACME",2.38944215411367,2.32744664365189,2.45281747897259,0
"ADE",0.349812228926644,0.325185966720755,0.371120503045653,0
"Total Effect",2.73925438304031,2.67854603002759,2.80055966752133,0
"Prop. Mediated",0.872329143994769,0.864335586908756,0.880810419872694,0
