"","Estimate","Std..Error","t.value","Pr...t.."
"X",0.796683550772823,0.00320229066956013,248.785520423184,0
"GF",-0.213470069344146,0.00679712636051851,-31.4059292150428,2.88628597203075e-176
"GM",-0.0866281154501573,0.0047200346137426,-18.3532796979784,1.21277179406686e-69
"RW",0.0934780012632965,0.00764428164496245,12.2284873327369,3.27648645470609e-33
"GM:RW",-0.0132706452205543,0.00966533402549346,-1.37301465066302,0.169902093714043
