"","Estimate","X95..CI.Lower","X95..CI.Upper","p.value"
"ACME",0.817938605743256,0.769084881442643,0.870007261856997,0
"ADE",0.118414997904577,0.106776822551516,0.129869370475405,0
"Total Effect",0.936353603647833,0.884020185027792,0.987309202543134,0
"Prop. Mediated",0.873676912849737,0.860203676327071,0.886350738364408,0
