"","Estimate","Std..Error","t.value","Pr...t.."
"GF",-0.996986773497655,0.0259360974690241,-38.4401228707739,1.72895569535315e-242
"GM",0.0301746092857754,0.019876285072218,1.51812117687685,0.129142059690744
