"","Estimate","Std..Error","t.value","Pr...t.."
"GF",-1.00714742404708,0.0256827548214455,-39.214929669698,6.11603472456362e-250
"GM",-0.0192090030076223,0.019682134402857,-0.975961377686456,0.329201750957124
