"","Estimate","X95..CI.Lower","X95..CI.Upper","p.value"
"ACME",0.793202670969273,0.741380770717298,0.844537600121188,0
"ADE",0.115353688709487,0.104400028188324,0.126342527227545,0
"Total Effect",0.90855635967876,0.85894558899559,0.959258329786632,0
"Prop. Mediated",0.873076343378209,0.859324288123108,0.88588989853659,0
