"","Estimate","Std..Error","t.value","Pr...t.."
"X",0.803774803532788,0.00324289843102657,247.856915851153,0
"GF",-0.199185649042979,0.00708539306112069,-28.1121523287057,9.10382069565811e-147
"GM",-0.0834475161383104,0.00461673748759211,-18.0749969784037,9.48088726710772e-68
"RW",0.0818787308594437,0.00778357647085479,10.5194226800539,3.17252995967266e-25
"GM:RW",-0.000470093331759569,0.0097487923481841,-0.0482206733890617,0.961545201031559
