"","Estimate","X95..CI.Lower","X95..CI.Upper","p.value"
"ACME",0.791417785874263,0.741683222201224,0.844314367754284,0
"ADE",0.130103904174564,0.119150689863008,0.140564762365362,0
"Total Effect",0.921521690048827,0.871114075377896,0.977220871443735,0
"Prop. Mediated",0.85865143922802,0.845021066939126,0.872010234153099,0
