"","Estimate","Std..Error","t.value","Pr...t.."
"X",0.79637155328527,0.00326726969251302,243.742215437606,0
"GF",-0.206792874188725,0.00708157073239461,-29.201554570761,2.20602109359182e-156
"GM",-0.0764726375003248,0.00468555711924077,-16.3209273847709,2.63982694720702e-56
"RW",0.0805946406873949,0.00781551082982884,10.3121398514088,2.50457557481635e-24
"GM:RW",-0.000100260087328956,0.00981169106375272,-0.0102184309185341,0.991848035303415
