"","Estimate","Std..Error","t.value","Pr...t.."
"GF",-0.998100189683456,0.0256791718694216,-38.8680832372161,1.33239055233951e-246
"GM",-0.00279883900993752,0.0196793885859154,-0.142221847885084,0.886919114383244
