"","Estimate","X95..CI.Lower","X95..CI.Upper","p.value"
"ACME",0.793215580314673,0.743534768966438,0.846871955166273,0
"ADE",0.119469615156845,0.108579823131764,0.130003812682862,0
"Total Effect",0.912685195471518,0.861459012194676,0.967551764769848,0
"Prop. Mediated",0.869226010594936,0.856421950549466,0.881472000759118,0
