"","Estimate","Std..Error","t.value","Pr...t.."
"GF",-1.01349272715717,0.0257601720797095,-39.3433989501752,3.54045320719546e-251
"GM",-0.0251849372917491,0.0197414635866943,-1.27573810225113,0.202196408716763
