"","Estimate","Std..Error","t.value","Pr...t.."
"X",0.802326719810105,0.0032030116153439,250.491355063026,0
"GF",-0.199911468296022,0.00672871164914853,-29.7102147810598,6.36286777283212e-161
"GM",-0.0869598131299368,0.00471304381288019,-18.4508815496868,2.60008737594262e-70
"RW",0.08019804523655,0.00756826621044389,10.5966205477656,1.45616397010463e-25
"GM:RW",0.0101473612429302,0.00958920563871069,1.05820665707348,0.290089347444751
