"","Estimate","Std..Error","t.value","Pr...t.."
"X",0.797015328702246,0.00319335454657626,249.585605693787,0
"GF",-0.210803535456541,0.00672385443398767,-31.3515911931367,9.04981172491521e-176
"GM",-0.084538779139175,0.00481953599230255,-17.5408544046968,3.56716676342298e-64
"RW",0.0868952833538274,0.00768347001695073,11.3093801579397,8.68994841476716e-29
"GM:RW",-0.00349085845181625,0.00975677076422654,-0.35778830272569,0.720539593543073
