"","Estimate","X95..CI.Lower","X95..CI.Upper","p.value"
"ACME",0.832696719791857,0.781818290266378,0.88616829217308,0
"ADE",0.12410482072692,0.113592677700049,0.135282044802644,0
"Total Effect",0.956801540518776,0.905278587824127,1.01078914993109,0
"Prop. Mediated",0.870442026920229,0.857304002917598,0.88261803163168,0
