"","Estimate","Std..Error","t.value","Pr...t.."
"GF",-1.05677453381847,0.0263158462624431,-40.1573456266408,4.98819937679306e-259
"GM",-0.0118877647015811,0.0201673078555354,-0.589457194125104,0.555621263921652
