"","Estimate","X95..CI.Lower","X95..CI.Upper","p.value"
"ACME",0.794315632552917,0.747196966688965,0.847461283576907,0
"ADE",0.127055882438558,0.115589667586991,0.138754842327534,0
"Total Effect",0.921371514991475,0.871856482135597,0.974768991844601,0
"Prop. Mediated",0.862049993214419,0.848074317453441,0.875062353779729,0
