"","Estimate","Std..Error","t.value","Pr...t.."
"GF",-0.982621879353885,0.0255265735883068,-38.4940766121467,5.24316742686251e-243
"GM",0.0124552320502929,0.019562443970767,0.636691001845438,0.524399071688232
