"","Estimate","Std..Error","t.value","Pr...t.."
"X",0.797937492970999,0.00329312644985676,242.303933699754,0
"GF",-0.214187163943128,0.00687246257142403,-31.1659993367919,4.46226417646605e-174
"GM",-0.0758628128159541,0.0047817210810914,-15.8651689484655,1.78510684623217e-53
"RW",0.0897394772879419,0.00772789241935293,11.6124128569916,3.26049133474234e-30
"GM:RW",-0.0178602989183443,0.0097765666024256,-1.82684777229596,0.0678720068765073
