"","Estimate","X95..CI.Lower","X95..CI.Upper","p.value"
"ACME",0.811486808394185,0.763139591255303,0.865107134691702,0
"ADE",0.124642555133681,0.113759232883413,0.135797874055409,0
"Total Effect",0.936129363527866,0.886033778992573,0.992279269671926,0
"Prop. Mediated",0.866969951494086,0.852846867164325,0.87933084192385,0
