"","Estimate","Std..Error","t.value","Pr...t.."
"GF",-1.02734932304458,0.0259040927993861,-39.65972987361,3.16254700590223e-254
"GM",-0.00894556585175315,0.0198517581001811,-0.450618318368061,0.6523135555754
