"","Estimate","X95..CI.Lower","X95..CI.Upper","p.value"
"ACME",0.810287271518941,0.755833821997816,0.863122288575027,0
"ADE",0.10978850552354,0.0983400194707555,0.120438554904277,0
"Total Effect",0.920075777042481,0.865191634777674,0.971100030783869,0
"Prop. Mediated",0.880837921038877,0.867473094441451,0.893310529819834,0
