"","Estimate","Std..Error","t.value","Pr...t.."
"GF",-1.00338787602274,0.0268416563708277,-37.3817421011786,2.39653209682502e-232
"GM",0.00747835245596161,0.0205702656104786,0.363551574761976,0.716231355361018
