"","Estimate","Std..Error","t.value","Pr...t.."
"X",0.801055314523343,0.00315489351669849,253.908827757086,0
"GF",-0.199336215887826,0.0069660987355441,-28.6151866999422,3.45173807710439e-151
"GM",-0.0904838072987486,0.00477931326324255,-18.9323867917709,1.20060058909086e-73
"RW",0.0882766408676061,0.00781953266178215,11.2892476680936,1.07791680609001e-28
"GM:RW",0.00170036551319126,0.00986595035369302,0.172346854812094,0.863182331943682
