"","Estimate","X95..CI.Lower","X95..CI.Upper","p.value"
"ACME",0.794384771675503,0.74297584290649,0.847082507049849,0
"ADE",0.133351323390235,0.12265171191078,0.145129441303925,0
"Total Effect",0.927736095065738,0.873591896144836,0.980878435134479,0
"Prop. Mediated",0.85647803668778,0.843210645020305,0.868178849492105,0
