"","Estimate","Std..Error","t.value","Pr...t.."
"GF",-0.980920024567615,0.0263669454846205,-37.2026416613093,1.23327755450025e-230
"GM",0.0159307653582544,0.0202064680533323,0.788399304430998,0.430556707194341
