"","Estimate","Std..Error","t.value","Pr...t.."
"X",0.797393110096447,0.00310309595704105,256.966952081237,0
"GF",-0.215029042501872,0.00676391848895925,-31.7906022748299,8.68428963550101e-180
"GM",-0.0808076420847586,0.00457936171124134,-17.6460492051531,7.14962528057872e-65
"RW",0.0891295747544127,0.0076089004092944,11.7138574511423,1.06846366102408e-30
"GM:RW",-0.0015598883106518,0.00956057389512823,-0.163158438788562,0.870410213947613
