"","Estimate","X95..CI.Lower","X95..CI.Upper","p.value"
"ACME",0.860276125380665,0.807333703006304,0.91119558805367,0
"ADE",0.122837784177009,0.111409220955242,0.133780459559331,0
"Total Effect",0.983113909557675,0.929550501825695,1.03745642300388,0
"Prop. Mediated",0.875130392791161,0.862746150601291,0.887777167883444,0
