"","Estimate","Std..Error","t.value","Pr...t.."
"GF",-1.05762783512962,0.0258734810979017,-40.8769052423872,5.53529719161405e-266
"GM",0.0170070121704249,0.019828298637709,0.857714142860518,0.391153200651211
