"","Estimate","Std..Error","t.value","Pr...t.."
"X",0.801561967082902,0.00318633264237151,251.562550759396,0
"GF",-0.218305498454145,0.00697362845106034,-31.3044349847678,2.4384212032889e-175
"GM",-0.0852296460150379,0.00464347863435749,-18.3546975718627,1.18599092911103e-69
"RW",0.0998904996428212,0.00763128050560677,13.0896118376766,1.27793009052639e-37
"GM:RW",-0.0167947411730689,0.00961540034881165,-1.74665022399661,0.0808519216922317
