"","Estimate","Std..Error","t.value","Pr...t.."
"GF",-3.03242011745294,0.0313101373108068,-96.8510641569843,0
"GM",0.0226571517923057,0.0239947129896138,0.944256003483473,0.345153010552141
