"","Estimate","Std..Error","t.value","Pr...t.."
"X",0.80429635180492,0.00319749046558045,251.539874930921,0
"GF",-0.593916625395423,0.0122042974642245,-48.6645484622464,0
"GM",-0.238387010351235,0.005632657938667,-42.3222949000256,7.11010803614928e-280
"RW",0.250947557868474,0.00927369357229433,27.060152021649,1.24156804671574e-137
"GM:RW",-0.0130874181638952,0.0116794603974913,-1.12054989858148,0.26261437339418
