"","Estimate","X95..CI.Lower","X95..CI.Upper","p.value"
"ACME",2.45607406989881,2.39156419377864,2.52183142109975,0
"ADE",0.347311901458587,0.325385829195532,0.370805033654564,0
"Total Effect",2.8033859713574,2.7426325641455,2.86552698246409,0
"Prop. Mediated",0.876170883868886,0.867525710681281,0.884049474869744,0
