"","Estimate","X95..CI.Lower","X95..CI.Upper","p.value"
"ACME",2.36061755850422,2.29849244510568,2.42258753173797,0
"ADE",0.366418135323643,0.345814209464267,0.387578465873823,0
"Total Effect",2.72703569382787,2.66122382407928,2.78673896922614,0
"Prop. Mediated",0.865542614696504,0.85801156966799,0.873147202599487,0
