"","Estimate","Std..Error","t.value","Pr...t.."
"GF",-2.95483924718186,0.030615829129572,-96.5134484738737,0
"GM",0.00505202412782065,0.0234626257180156,0.215322197461535,0.829538101008115
