"","Estimate","Std..Error","t.value","Pr...t.."
"X",0.79788977058529,0.00325982437182045,244.764649740841,0
"GF",-0.622305099284548,0.0122949819385512,-50.6145598582212,0
"GM",-0.241668138007562,0.00560516129291547,-43.1152870325094,1.45951746365423e-287
"RW",0.260051598622568,0.00925162561843516,28.108746435262,9.75089245214176e-147
"GM:RW",-0.022127311587499,0.011640925776157,-1.9008206059367,0.0574695103317667
