"","Estimate","Std..Error","t.value","Pr...t.."
"X",0.800259401901499,0.0031021679836715,257.967784502234,0
"GF",-0.221506921421323,0.00644420088823412,-34.3730627370342,9.21180609580116e-204
"GM",-0.0762343370598733,0.00453190160112386,-16.8217105686867,1.74670976235944e-59
"RW",0.106600739286389,0.00725196021571214,14.6995758547361,1.60512068376544e-46
"GM:RW",-0.031142580622605,0.00919645789936198,-3.38636689945218,0.000721983205335963
