"","Estimate","Std..Error","t.value","Pr...t.."
"GF",-0.980050581524612,0.0255191618228156,-38.4044973079167,3.80088604250657e-242
"GM",0.0117371144928074,0.0195567639194807,0.600156270287435,0.548470154950834
