"","Estimate","X95..CI.Lower","X95..CI.Upper","p.value"
"ACME",0.794075930925581,0.74527402260402,0.846454964756807,0
"ADE",0.125576742439637,0.115347989600899,0.135960514476048,0
"Total Effect",0.919652673365219,0.870736717003223,0.96921150786011,0
"Prop. Mediated",0.863633437832706,0.850826538535487,0.875975736487895,0
