"","Estimate","Std..Error","t.value","Pr...t.."
"X",0.800084905505195,0.00329093126914509,243.118084235481,0
"GF",-0.208292737835672,0.00699313484603339,-29.7853169460644,1.35134975536373e-161
"GM",-0.0782678818821287,0.00479569085101608,-16.320460245169,2.65770884544516e-56
"RW",0.093848161724477,0.00777901374933798,12.064275080175,2.1251249367278e-32
"GM:RW",-0.0113520766985481,0.00983202170334202,-1.15460248574201,0.248391530240661
