"","Estimate","Std..Error","t.value","Pr...t.."
"GF",-1.03100685377019,0.0256665392843195,-40.1692975569972,3.82406067919797e-259
"GM",-0.0294868530582587,0.0196697075279618,-1.49909972053937,0.134005743030461
