"","Estimate","X95..CI.Lower","X95..CI.Upper","p.value"
"ACME",0.80071461226978,0.748793497717296,0.854238736534898,0
"ADE",0.12267977291876,0.111111347211756,0.133823893232053,0
"Total Effect",0.92339438518854,0.870380393112847,0.979768942521796,0
"Prop. Mediated",0.866882391500072,0.854535068539151,0.8803929634855,0
