"","Estimate","X95..CI.Lower","X95..CI.Upper","p.value"
"ACME",0.865498320505823,0.81405632118501,0.918299761978378,0
"ADE",0.12774861517883,0.116562863341895,0.139623761992968,0
"Total Effect",0.993246935684652,0.941381544182974,1.04246610067986,0
"Prop. Mediated",0.871452492641122,0.858403619296584,0.883768164543116,0
