"","Estimate","Std..Error","t.value","Pr...t.."
"X",0.800064753446453,0.00320367196606398,249.733668715592,0
"GF",-0.201254624027204,0.0071042338342387,-28.3288287974506,1.14529043515679e-148
"GM",-0.0803802055232007,0.00469840158181385,-17.1079896265847,2.46929051891718e-61
"RW",0.0728294096916367,0.00775577354672043,9.39034762334352,1.57454523377711e-20
"GM:RW",0.0108718637676921,0.00975740190342872,1.11421707082412,0.265320288425426
