"","Estimate","Std..Error","t.value","Pr...t.."
"GF",-1.03881735675897,0.0261169437952304,-39.7756094627231,2.41200887575941e-255
"GM",0.0411647398219111,0.0200148777474743,2.0567070327025,0.0398440001368869
