"","Estimate","Std..Error","t.value","Pr...t.."
"GF",-0.96804912033719,0.0261930730636478,-36.9582109737517,2.65723360463846e-228
"GM",-0.00520863467868364,0.0200732198725072,-0.259481772817998,0.795290276321037
