"","Estimate","X95..CI.Lower","X95..CI.Upper","p.value"
"ACME",0.767881517033882,0.718242717528741,0.816654181069192,0
"ADE",0.116336866350756,0.105138094376377,0.126870832840235,0
"Total Effect",0.884218383384639,0.83290836946594,0.934593340588564,0
"Prop. Mediated",0.8686096897215,0.854835446629105,0.882417916301613,0
