"","Estimate","Std..Error","t.value","Pr...t.."
"X",0.798610329863814,0.00317090262912599,251.855835158186,0
"GF",-0.209623858615063,0.00682419885782058,-30.7177242314433,5.29922515293692e-170
"GM",-0.077882553208907,0.00465203535349167,-16.7416081974637,5.6964672778869e-59
"RW",0.0957034316393352,0.00771789370960347,12.400200785384,4.5331545424833e-34
"GM:RW",-0.0239629642900725,0.0097027368387526,-2.46971186463234,0.013605333604627
