"","Estimate","Std..Error","t.value","Pr...t.."
"GF",-1.02361162230225,0.0259514965184827,-39.443259912708,3.8623396777284e-252
"GM",0.0523133059006968,0.0198880862268537,2.63038410553859,0.00859434635713289
