"","Estimate","X95..CI.Lower","X95..CI.Upper","p.value"
"ACME",0.856682842966824,0.804606817154073,0.908851312970279,0
"ADE",0.129217806204545,0.117876123560413,0.140805253158405,0
"Total Effect",0.985900649171369,0.936367502620096,1.03768927375028,0
"Prop. Mediated",0.868819986558065,0.855334004983891,0.88119204958445,0
