"","Estimate","Std..Error","t.value","Pr...t.."
"X",0.79625325201036,0.0032449742381957,245.380454068905,0
"GF",-0.210314594420222,0.00699733815895309,-30.0563713861856,4.97585146845063e-164
"GM",-0.0785770042757545,0.00479646149448221,-16.3822860594521,1.08620957319903e-56
"RW",0.0841515294218923,0.00774022301545594,10.8719773647162,8.69549365742103e-27
"GM:RW",-0.00471301477159065,0.0097942097406339,-0.481204190679872,0.630424155045297
