"","Estimate","X95..CI.Lower","X95..CI.Upper","p.value"
"ACME",0.803825407641888,0.749105015926752,0.855266721418124,0
"ADE",0.124024575551769,0.112741064242198,0.134646961555919,0
"Total Effect",0.927849983193657,0.873609988857462,0.980911036961844,0
"Prop. Mediated",0.866375066803156,0.852402404181595,0.879153614034946,0
