"","Estimate","Std..Error","t.value","Pr...t.."
"X",0.797742984040552,0.00316962963161727,251.683343720356,0
"GF",-0.215060291776899,0.00675273590956397,-31.8478753881529,2.58945059842569e-180
"GM",-0.0774774083902784,0.00474892689111882,-16.3147191284777,2.887590623897e-56
"RW",0.0999548150194593,0.0076388417450015,13.0850747215525,1.35018410087957e-37
"GM:RW",-0.0211809547077018,0.00967501746962303,-2.18924201162471,0.0286947598699762
