"","Estimate","Std..Error","t.value","Pr...t.."
"GF",-0.995989188792026,0.0262543034256915,-37.9362260214219,1.18037365119847e-237
"GM",0.0084873854985278,0.0201201441305807,0.421835223616901,0.673190675333175
