"","Estimate","X95..CI.Lower","X95..CI.Upper","p.value"
"ACME",0.81643170939688,0.765893522666569,0.868281186635112,0
"ADE",0.123975141523495,0.112127051860684,0.135151358876114,0
"Total Effect",0.940406850920375,0.88831566302829,0.990647160900829,0
"Prop. Mediated",0.868164025020183,0.854252006111844,0.882068686084885,0
