"","Estimate","Std..Error","t.value","Pr...t.."
"GF",-1.01804528748471,0.0254253492514589,-40.0405625667579,6.69141472688616e-258
"GM",0.00482047433422182,0.0194848700883493,0.247395764629919,0.804627370592904
