"","Estimate","Std..Error","t.value","Pr...t.."
"X",0.79808228910211,0.00325711254912821,245.027544201911,0
"GF",-0.20468752944773,0.00686455644562043,-29.8180270013396,6.87853256497243e-162
"GM",-0.0703726183587784,0.00469476251289993,-14.9896013196437,3.26715491609927e-48
"RW",0.0798971810567183,0.00763007657436029,10.4713472110097,5.1395180393928e-25
"GM:RW",-0.0165003011294829,0.00964006874150193,-1.71163728931171,0.0871189589142388
