"","Estimate","Std..Error","t.value","Pr...t.."
"X",0.805416318540621,0.00314451688591944,256.133564474443,0
"GF",-0.208538099636687,0.00701037034549624,-29.7470874374933,2.97419956145912e-161
"GM",-0.0837481983207243,0.00453284808675648,-18.4758449252711,1.75199338256043e-70
"RW",0.0884775304711602,0.00765048232487513,11.5649610983977,5.47874376800587e-30
"GM:RW",-0.0112818172164617,0.00957860397925824,-1.17781434965801,0.239011107138704
