"","Estimate","X95..CI.Lower","X95..CI.Upper","p.value"
"ACME",0.810900159168539,0.758797849946746,0.861506471630048,0
"ADE",0.117388752393072,0.106350721325831,0.128101479960613,0
"Total Effect",0.928288911561612,0.874188476627618,0.979836753453706,0
"Prop. Mediated",0.873537278842753,0.860810556306051,0.886230505367602,0
