"","Estimate","Std..Error","t.value","Pr...t.."
"GF",-1.01840805698597,0.0259856716215018,-39.1911385558835,1.03649721432574e-249
"GM",-0.0110758421578927,0.0199142765236318,-0.556175974796235,0.578152840359415
