"","Estimate","Std..Error","t.value","Pr...t.."
"X",0.801040571796254,0.00319666725742114,250.586159675087,0
"GF",-0.212678931833964,0.00670415694655918,-31.7234416689959,3.58586544942076e-179
"GM",-0.0749708172105766,0.00471671336598727,-15.8947155345922,1.1750317751463e-53
"RW",0.100068572288925,0.00753463154461613,13.2811500730157,1.23562150402043e-38
"GM:RW",-0.0243209938229976,0.00955928894876139,-2.5442262445837,0.0110268235589241
