"","Estimate","X95..CI.Lower","X95..CI.Upper","p.value"
"ACME",0.824842809076266,0.774755300215971,0.876126521831262,0
"ADE",0.122345352511507,0.112167873927645,0.133265912466778,0
"Total Effect",0.947188161587773,0.896822325919544,1.0003088648308,0
"Prop. Mediated",0.870870171499437,0.858681398234148,0.882994807584577,0
