"","Estimate","Std..Error","t.value","Pr...t.."
"GF",-1.01931070688452,0.0257420914596469,-39.59704317275,1.27200932258158e-253
"GM",0.0105977327448643,0.0197276073942169,0.537203145474753,0.591187117360417
