"","Estimate","Std..Error","t.value","Pr...t.."
"X",0.797963987292314,0.00313407823723617,254.608828143362,0
"GF",-0.206929998147435,0.00678295812495198,-30.5073382933349,4.25919278583412e-168
"GM",-0.0773798949395127,0.00455173874601947,-17.0000738744468,1.23745730675675e-60
"RW",0.0805800985182043,0.00756466949092642,10.6521638010567,8.28974397020212e-26
"GM:RW",-0.00154535886107005,0.00951027408018581,-0.162493619851581,0.870933608368165
