"","Estimate","Std..Error","t.value","Pr...t.."
"GF",-0.950147627054639,0.0259670039334403,-36.5905758511878,8.48152286532523e-225
"GM",-0.0164232609627048,0.0198999704280448,-0.825290722018347,0.409305081376152
