"","Estimate","X95..CI.Lower","X95..CI.Upper","p.value"
"ACME",0.744839751627797,0.693839568545594,0.794061834406532,0
"ADE",0.128509052369385,0.117423248029522,0.139471960878768,0
"Total Effect",0.873348803997182,0.818462851034544,0.921640591637813,0
"Prop. Mediated",0.852833316568706,0.838007642039677,0.86634000715396,0
