"","Estimate","X95..CI.Lower","X95..CI.Upper","p.value"
"ACME",2.39839107779451,2.33448836487052,2.46293084986893,0
"ADE",0.367065270963232,0.34551304759845,0.389001967088206,0
"Total Effect",2.76545634875774,2.70242250992092,2.8280251393327,0
"Prop. Mediated",0.867223579144928,0.858921486118268,0.875520486026595,0
