"","Estimate","Std..Error","t.value","Pr...t.."
"X",0.798551908144666,0.00326222362202377,244.787605225319,0
"GF",-0.6042641836149,0.0124317067299415,-48.6066955038073,0
"GM",-0.234206380385575,0.00556614125804312,-42.0769738905107,1.69330161522897e-277
"RW",0.238495872006608,0.00922609148614671,25.8501525120055,2.50804973150858e-127
"GM:RW",-0.00480840865547489,0.0116002886204091,-0.414507674146587,0.678546912458421
