"","Estimate","Std..Error","t.value","Pr...t.."
"GF",-2.98122953804618,0.0304589246901572,-97.8770448521306,0
"GM",0.0204385812524452,0.0233423810524244,0.875599674538017,0.381352950989219
