"","Estimate","Std..Error","t.value","Pr...t.."
"X",0.79675969398647,0.00324638198240709,245.430050531422,0
"GF",-0.204968774233783,0.00727340166080353,-28.1805933169293,2.28903536419307e-147
"GM",-0.0806711143209004,0.00477251000889182,-16.9032886616475,5.21799416655793e-60
"RW",0.0770603936292472,0.00806730317260451,9.55218763699548,3.5740235218243e-21
"GM:RW",0.00358039454431899,0.0100962368007758,0.354626641091053,0.722906796402223
