"","Estimate","Std..Error","t.value","Pr...t.."
"GF",-0.977744994468239,0.026518096407363,-36.8708590333339,1.80972172178831e-227
"GM",0.0084589696381491,0.0203223034766432,0.416240690818891,0.677278593335313
