"","Estimate","X95..CI.Lower","X95..CI.Upper","p.value"
"ACME",0.785944147029982,0.736141191975801,0.835688904901189,0
"ADE",0.126533975875446,0.115448319086665,0.138213853587008,0
"Total Effect",0.912478122905427,0.861629705394006,0.963763903282998,0
"Prop. Mediated",0.861399771371687,0.847616507783952,0.874457316839306,0
