"","Estimate","Std..Error","t.value","Pr...t.."
"GF",-1.00063453112426,0.026220335809287,-38.1625368340953,7.98150141160793e-240
"GM",0.00332303700351996,0.0200941128424237,0.165373660911478,0.868666614013116
