"","Estimate","X95..CI.Lower","X95..CI.Upper","p.value"
"ACME",0.801532990058135,0.751004733490453,0.85244344899732,0
"ADE",0.128983931802612,0.117502430166896,0.14034158191899,0
"Total Effect",0.930516921860747,0.877814980131208,0.980121472520816,0
"Prop. Mediated",0.861305529984605,0.84780242669215,0.874046224892383,0
