"","Estimate","Std..Error","t.value","Pr...t.."
"X",0.798748229304806,0.0031931017718983,250.148064911176,0
"GF",-0.213007904130186,0.00702855155417647,-30.306088315396,2.80074479300447e-166
"GM",-0.0823248880487087,0.0046804539274509,-17.5890820259703,1.70873816084924e-64
"RW",0.0926449019781862,0.00779241919984805,11.8891065280462,1.52485954621339e-31
"GM:RW",-0.00239624118739547,0.00978703263693519,-0.24483837709423,0.806606757400949
