"","Estimate","X95..CI.Lower","X95..CI.Upper","p.value"
"ACME",0.789878913362391,0.738763283900056,0.840991648129718,0
"ADE",0.126364482459904,0.114779659685196,0.137431991743562,0
"Total Effect",0.916243395822294,0.86595769593982,0.966812715361835,0
"Prop. Mediated",0.861968262189001,0.847716588148355,0.875830241314139,0
