"","Estimate","Std..Error","t.value","Pr...t.."
"GF",-0.994573422336119,0.0252438362554765,-39.3986639855641,1.03894163424603e-251
"GM",-0.00309777070927916,0.0193457665066803,-0.160126542838686,0.872797579087184
