"","Estimate","Std..Error","t.value","Pr...t.."
"X",0.796555416542601,0.00333498118167581,238.848549107056,0
"GF",-0.207209845021137,0.00696094329352765,-29.7674950482362,1.95210720029592e-161
"GM",-0.0758805741833596,0.00475150637689447,-15.9697931907132,4.04951153269359e-54
"RW",0.0853105012798918,0.00778098305987472,10.9639746833307,3.3440975440883e-27
"GM:RW",-0.00794869716766484,0.0098115658860552,-0.810135431996845,0.41795896382259
