"","Estimate","X95..CI.Lower","X95..CI.Upper","p.value"
"ACME",0.803803134569983,0.756684228387421,0.854337367485352,0
"ADE",0.123101061446723,0.111476013599894,0.13450247842294,0
"Total Effect",0.926904196016706,0.876266350253504,0.97874615546827,0
"Prop. Mediated",0.867197791287465,0.853952411148575,0.880054162969239,0
