"","Estimate","Std..Error","t.value","Pr...t.."
"X",0.800817039848228,0.00322174512255707,248.56623022141,0
"GF",-0.208128548333622,0.00675050876801258,-30.8315351458906,4.91669700762964e-171
"GM",-0.0769789337508333,0.00467365481083252,-16.4708214163384,3.00269338332343e-57
"RW",0.0891267313393902,0.00761642247891613,11.7019153790525,1.21894928928761e-30
"GM:RW",-0.0125637806885941,0.00961558267602731,-1.30660627773676,0.191497065326431
