"","Estimate","Std..Error","t.value","Pr...t.."
"GF",-1.00877368783084,0.0256320472540535,-39.355954592012,2.67976022097079e-251
"GM",-0.00381265133292011,0.0196432743520723,-0.194094490795414,0.846121626338338
