"","Estimate","Std..Error","t.value","Pr...t.."
"GF",-0.992064510233007,0.0255783730057869,-38.7852859135551,8.33498872647639e-246
"GM",-0.000159590404583447,0.0196021407674667,-0.00814147834548336,0.993504924671832
