"","Estimate","X95..CI.Lower","X95..CI.Upper","p.value"
"ACME",0.791204133409387,0.739097618272068,0.840320826213323,0
"ADE",0.12016516422064,0.108600277065226,0.132563700156946,0
"Total Effect",0.911369297630027,0.85887532335655,0.961301851346237,0
"Prop. Mediated",0.868285377184318,0.854334299240292,0.88030584077243,0
