"","Estimate","Std..Error","t.value","Pr...t.."
"X",0.798738882989614,0.00333414277451384,239.563491130364,0
"GF",-0.214298700560251,0.00714091532695979,-30.0099764173353,1.30033525736857e-163
"GM",-0.0768886967943855,0.00480223791486954,-16.0110136476806,2.25259066525811e-54
"RW",0.10426094744995,0.0078943553590062,13.2070248561848,3.06190465277145e-38
"GM:RW",-0.0277678506434432,0.00994538583799672,-2.79203352145023,0.00528772014516255
