"","Estimate","X95..CI.Lower","X95..CI.Upper","p.value"
"ACME",0.82048230702203,0.767730473848405,0.874465777427834,0
"ADE",0.118545457315426,0.107166155195175,0.129646436860649,0
"Total Effect",0.939027764337456,0.886111815081021,0.992316019089059,0
"Prop. Mediated",0.873809367453732,0.860286565481885,0.886241688455325,0
