"","Estimate","Std..Error","t.value","Pr...t.."
"X",0.795941948595451,0.00324566540619099,245.232286444937,0
"GF",-0.209854212210904,0.00704998485853138,-29.766618854075,1.98772344961583e-161
"GM",-0.0851513828358252,0.00468436403458543,-18.1777893876604,1.90534712931584e-68
"RW",0.0897439861217503,0.00786241771660725,11.4142989289656,2.81232221923191e-29
"GM:RW",-0.00943628377061454,0.00985341438023089,-0.957666389180461,0.338347047706647
