"","Estimate","Std..Error","t.value","Pr...t.."
"GF",-1.02707857013186,0.0259411319520578,-39.5926658879043,1.40182497599875e-253
"GM",0.00217398730518451,0.019880143278723,0.109354710109723,0.91293213581641
