"","Estimate","Std..Error","t.value","Pr...t.."
"X",0.797966512298497,0.00321788890404124,247.978266526342,0
"GF",-0.2189733208422,0.00705672804395537,-31.0304321603789,7.65562052160479e-173
"GM",-0.087846781355484,0.00469244100326719,-18.7209133357924,3.56228488528489e-72
"RW",0.102029836604557,0.00780828618520034,13.0668669391168,1.68337025306201e-37
"GM:RW",-0.0109900886118164,0.00980661606962793,-1.12068103143691,0.262558544715169
