"","Estimate","Std..Error","t.value","Pr...t.."
"GF",-0.999720108284744,0.0260798685374316,-38.3330194647983,1.84552837552684e-241
"GM",-0.0179982215904867,0.01998646489955,-0.900520511303223,0.367951841992217
