"","Estimate","X95..CI.Lower","X95..CI.Upper","p.value"
"ACME",0.784440231443504,0.731445562074048,0.836791196385927,0
"ADE",0.124039055283373,0.112444421526637,0.135102742202091,0
"Total Effect",0.908479286726877,0.858693318489764,0.960307266165996,0
"Prop. Mediated",0.86360923580292,0.849123921973173,0.87655390655301,0
