"","Estimate","Std..Error","t.value","Pr...t.."
"X",0.803264392103675,0.00320498094347542,250.630005691276,0
"GF",-0.207059824115633,0.00690743240072795,-29.9763808175396,2.60614732129865e-163
"GM",-0.0854191887438727,0.00467070637853567,-18.2882805770918,3.37116903672688e-69
"RW",0.0911950120641926,0.00779158916741202,11.7042890872136,1.18744887091794e-30
"GM:RW",-0.000360944515595821,0.00977937016288532,-0.0369087691317461,0.970561440379082
