"","Estimate","X95..CI.Lower","X95..CI.Upper","p.value"
"ACME",0.781185428308778,0.730700305491313,0.833385979481564,0
"ADE",0.121771305338137,0.110561204385352,0.133633644483733,0
"Total Effect",0.902956733646915,0.849996635328795,0.955909814808204,0
"Prop. Mediated",0.865238675668803,0.850914874439599,0.87886446278445,0
