"","Estimate","Std..Error","t.value","Pr...t.."
"GF",-0.9681266641278,0.0261024188553097,-37.0895383103879,1.48289767327993e-229
"GM",0.00479822543103989,0.0200037464719666,0.239866338926268,0.810458481970688
