"","Estimate","Std..Error","t.value","Pr...t.."
"X",0.799850297253829,0.00322839666609123,247.75465346464,0
"GF",-0.196655271783632,0.00702146508372169,-28.0077262278994,7.46155155922049e-146
"GM",-0.0675561171214781,0.00475928484936789,-14.1945942005238,1.22279339357282e-43
"RW",0.0777555706853373,0.0078499379461446,9.90524654064635,1.30104337687169e-22
"GM:RW",-0.0111754776717722,0.00988145196428055,-1.13095501674949,0.258209961593375
