"","Estimate","X95..CI.Lower","X95..CI.Upper","p.value"
"ACME",0.779141613573084,0.724725863957373,0.831621733111803,0
"ADE",0.122067688333297,0.111129497087325,0.133444877385582,0
"Total Effect",0.901209301906381,0.849013131538297,0.952451700925164,0
"Prop. Mediated",0.864497675523213,0.850352954268152,0.878359531271691,0
