"","Estimate","Std..Error","t.value","Pr...t.."
"GF",-1.01336447130861,0.0262312721011299,-38.6319225160627,2.48423327434183e-244
"GM",-0.038562117619434,0.0201024939357846,-1.91827530169225,0.0552184865822819
