"","Estimate","Std..Error","t.value","Pr...t.."
"GF",-0.996865207337569,0.025519355903604,-39.0631021842046,1.77089121945153e-248
"GM",0.00834105573516783,0.0195569126544661,0.426501661204845,0.669788284661702
