"","Estimate","Std..Error","t.value","Pr...t.."
"X",0.802009069184501,0.00329962597280482,243.0606001391,0
"GF",-0.214703888454069,0.00700904387561846,-30.632407538628,3.14303479889201e-169
"GM",-0.0820141142666066,0.00476281900875369,-17.2196579622008,4.62209506614298e-62
"RW",0.0943525806161338,0.00777055892643881,12.1423158242975,8.76316188486468e-33
"GM:RW",-0.021011235897418,0.0098095866741306,-2.14190837956791,0.0323216210820748
