"","Estimate","X95..CI.Lower","X95..CI.Upper","p.value"
"ACME",0.805199475521582,0.75078684225396,0.857379742165643,0
"ADE",0.119363953396669,0.107283892024777,0.129989373554694,0
"Total Effect",0.924563428918252,0.872671706221926,0.976755531037018,0
"Prop. Mediated",0.870821417423832,0.857076356468853,0.884517824588136,0
