"","Estimate","Std..Error","t.value","Pr...t.."
"X",0.801286842166628,0.00328267640645799,244.095592422775,0
"GF",-0.607962634900328,0.0124890885808051,-48.6795037897904,0
"GM",-0.240901936683858,0.00555198964270332,-43.3901992235274,3.14631925296369e-290
"RW",0.246748224664759,0.00914739155008641,26.9747089444781,6.74471152609206e-137
"GM:RW",-0.0131457526581234,0.0115095371071651,-1.14216171647247,0.253523866823964
