"","Estimate","X95..CI.Lower","X95..CI.Upper","p.value"
"ACME",2.37868508498403,2.31640551327203,2.44179693649395,0
"ADE",0.358611408472023,0.337827323457281,0.381218280512523,0
"Total Effect",2.73729649345606,2.67749155381528,2.79656437080026,0
"Prop. Mediated",0.869030912617001,0.86032306241002,0.877255131266243,0
