"","Estimate","Std..Error","t.value","Pr...t.."
"GF",-2.9730392876165,0.0301054752921117,-98.7541056491971,0
"GM",-0.00305999766720124,0.0230715129697245,-0.132630992653872,0.894498575713543
