"","Estimate","Std..Error","t.value","Pr...t.."
"X",0.803473596126836,0.00317270049737727,253.245964058389,0
"GF",-0.201869259312858,0.00698809249824307,-28.8876055037353,1.34931713378467e-153
"GM",-0.0796319653880474,0.00464868375385961,-17.1300027286073,1.77578562648357e-61
"RW",0.0818940013562318,0.00775448076521796,10.5608620145865,2.08994147315307e-25
"GM:RW",0.00117569815692745,0.00973817949873775,0.120730795430485,0.90391642375628
