"","Estimate","X95..CI.Lower","X95..CI.Upper","p.value"
"ACME",0.78411345597889,0.732383130917267,0.836517419813102,0
"ADE",0.123267213078134,0.112315703917196,0.133892566190146,0
"Total Effect",0.907380669057024,0.855230639225921,0.962069890829094,0
"Prop. Mediated",0.863992068686904,0.850661271094771,0.876892197915828,0
