"","Estimate","Std..Error","t.value","Pr...t.."
"GF",-0.976613380414734,0.0262448056529898,-37.2116826974285,1.01088133869174e-230
"GM",-0.000386872764490288,0.0201128654550592,-0.0192350893687788,0.984655486085119
