"","Estimate","Std..Error","t.value","Pr...t.."
"X",0.800874960066653,0.00330633312002355,242.22452215007,0
"GF",-0.195754493365027,0.00735324529767512,-26.6215100191093,7.17332776657559e-134
"GM",-0.0775043566121706,0.00468501320956741,-16.5430390791421,1.0479668998269e-57
"RW",0.0776446116819051,0.0079867857905747,9.72163442439314,7.38559242003148e-22
"GM:RW",0.00180730703213906,0.00997564103099491,0.181172019574847,0.856250959730823
