"","Estimate","Std..Error","t.value","Pr...t.."
"GF",-0.992656698262498,0.0256844151664276,-38.6482110583547,1.73240526225602e-244
"GM",0.0181348468985702,0.0196834068182704,0.921326631411045,0.356991151394025
