"","Estimate","X95..CI.Lower","X95..CI.Upper","p.value"
"ACME",0.809330147117188,0.756940280563119,0.85958416761167,0
"ADE",0.119452574640013,0.108319323695471,0.13079409221451,0
"Total Effect",0.928782721757201,0.879121388089461,0.978788099597578,0
"Prop. Mediated",0.87147268475181,0.85617921958853,0.883949206896015,0
