"","Estimate","Std..Error","t.value","Pr...t.."
"GF",-0.99068414661015,0.0256924637037896,-38.5593284486775,1.23808446264713e-243
"GM",-0.0197666216521782,0.019689574863529,-1.00391307527883,0.31554207780891
