"","Estimate","Std..Error","t.value","Pr...t.."
"X",0.803756327457152,0.00325121245568389,247.21741147737,0
"GF",-0.206904432055143,0.00677343228270156,-30.5464679382046,1.88517452798898e-168
"GM",-0.0845668415167498,0.0047783051070551,-17.6980832370641,3.22021557658841e-65
"RW",0.090513759747365,0.00765660564590901,11.8216562186048,3.23542228268972e-31
"GM:RW",-0.00306727283765626,0.00970717678720907,-0.31597990897806,0.752050811278907
