"","Estimate","X95..CI.Lower","X95..CI.Upper","p.value"
"ACME",0.782151473946722,0.72666956148822,0.832747593081861,0
"ADE",0.12048473735245,0.109658914330809,0.131541878943723,0
"Total Effect",0.902636211299172,0.848682103443313,0.954069947236866,0
"Prop. Mediated",0.866735881978897,0.852405226835696,0.879343562411733,0
