"","Estimate","X95..CI.Lower","X95..CI.Upper","p.value"
"ACME",0.785982599830906,0.729633341563877,0.836725966798479,0
"ADE",0.119261411157895,0.108433071774058,0.128962807098457,0
"Total Effect",0.905244010988802,0.846436664837452,0.956579854336414,0
"Prop. Mediated",0.868463702515096,0.854500656566893,0.880437351093228,0
