"","Estimate","Std..Error","t.value","Pr...t.."
"X",0.799686212831625,0.0029990723049589,266.644525878673,0
"GF",-0.20362083128715,0.00642647841601223,-31.6846674190655,8.1275187765986e-179
"GM",-0.0807108903270261,0.00459508818906076,-17.5646009404497,2.4832093145357e-64
"RW",0.0899911350435817,0.00737833484032958,12.1966726898453,4.71464560717033e-33
"GM:RW",-0.00603560619497037,0.00935433667863909,-0.645220115794298,0.518858745285879
