"","Estimate","Std..Error","t.value","Pr...t.."
"GF",-0.993415980167183,0.0268339673830286,-37.0208387744958,6.71190236249524e-229
"GM",-0.00983402656606991,0.0205643731082008,-0.478206970585854,0.63255521949988
