"","Estimate","Std..Error","t.value","Pr...t.."
"GF",-1.04100424850383,0.0269651612650223,-38.605526526339,4.45506348728453e-244
"GM",0.00974734217663937,0.020664914332699,0.471685583579494,0.637202732188621
