"","Estimate","X95..CI.Lower","X95..CI.Upper","p.value"
"ACME",0.839421363295,0.786449297785145,0.894153009268787,0
"ADE",0.123971895333297,0.112680624226478,0.135754186488476,0
"Total Effect",0.963393258628297,0.910050641475897,1.01848643276752,0
"Prop. Mediated",0.871536498980137,0.857333737611938,0.884227392877233,0
