"","Estimate","Std..Error","t.value","Pr...t.."
"X",0.799388017630998,0.00313555822825068,254.942807449305,0
"GF",-0.209087717138483,0.00695450317172227,-30.0650832957637,4.15434123587709e-164
"GM",-0.0779891039700285,0.00478790715446471,-16.288766981896,4.20027578858798e-56
"RW",0.0882458471323403,0.0077976427154657,11.316990320333,8.00959514455866e-29
"GM:RW",-0.0111409846363005,0.00984706278088577,-1.13140180825559,0.258021992493247
