"","Estimate","Std..Error","t.value","Pr...t.."
"GF",-1.01865079637081,0.0266577788931864,-38.2121406457899,2.66807664838329e-240
"GM",0.0300447639252946,0.0204293499939976,1.47066666017872,0.141538747873418
