"","Estimate","X95..CI.Lower","X95..CI.Upper","p.value"
"ACME",0.8357040589804,0.785530378984205,0.890906212754726,0
"ADE",0.128810470800565,0.117282032577347,0.140604541239658,0
"Total Effect",0.964514529780965,0.914623811095994,1.01873174199515,0
"Prop. Mediated",0.866379587463616,0.853102546676257,0.879601405852382,0
