"","Estimate","Std..Error","t.value","Pr...t.."
"X",0.796181916892615,0.0031334458899997,254.091484213468,0
"GF",-0.216382876976619,0.00698401490855432,-30.9825909322708,2.08526007212248e-172
"GM",-0.0836109395900238,0.00466929744037003,-17.9065353316618,1.29665235296619e-66
"RW",0.0906963081351925,0.00777332958211043,11.6676267456768,1.77834904497758e-30
"GM:RW",-0.00664569375775923,0.00976447352307303,-0.680599291099079,0.496204054418457
