"","Estimate","X95..CI.Lower","X95..CI.Upper","p.value"
"ACME",0.784064213014379,0.730975925935029,0.835284183045449,0
"ADE",0.128015308255057,0.116185362536085,0.139340739868416,0
"Total Effect",0.912079521269436,0.861054458775236,0.963291887573034,0
"Prop. Mediated",0.859636757814183,0.84576664565127,0.872784802195284,0
