"","Estimate","Std..Error","t.value","Pr...t.."
"GF",-0.971261303442869,0.0261231602970675,-37.1800843541851,2.02541213482897e-230
"GM",0.0118938757522297,0.0200196418012342,0.594110317772841,0.55250559027466
