"","Estimate","Std..Error","t.value","Pr...t.."
"X",0.797721889457644,0.00321410020328601,248.194467814686,0
"GF",-0.220215284412002,0.00680043426847079,-32.3825326028071,3.11012546584161e-185
"GM",-0.0721221138842729,0.00478660679694636,-15.0674824450347,1.13644121696481e-48
"RW",0.10180193994984,0.00771179179082627,13.2008154150298,3.30310903576365e-38
"GM:RW",-0.0318625053057402,0.00976345138265118,-3.26344691615479,0.00111925581299575
