"","Estimate","Std..Error","t.value","Pr...t.."
"X",0.801485017196195,0.0032136984826102,249.396457549813,0
"GF",-0.2161136320089,0.00689062745327411,-31.3634184222531,7.05731308567055e-176
"GM",-0.0793981453526374,0.00478817949915494,-16.5821154713708,5.92043219578029e-58
"RW",0.102928582346424,0.00775714508399107,13.2688742097714,1.43641307758565e-38
"GM:RW",-0.0220039601438306,0.00980738880719988,-2.24361046313131,0.0249667873316094
