"","Estimate","X95..CI.Lower","X95..CI.Upper","p.value"
"ACME",0.774700885670352,0.723847171957917,0.827144459629903,0
"ADE",0.122673825315378,0.112053389624225,0.133875966389429,0
"Total Effect",0.89737471098573,0.848835408725476,0.949884828030427,0
"Prop. Mediated",0.863015993184466,0.848701790846845,0.876641158870415,0
