"","Estimate","Std..Error","t.value","Pr...t.."
"GF",-0.973077798513429,0.0262258456341492,-37.1037720608851,1.08448285322001e-229
"GM",-0.00512514705505074,0.0200983353300124,-0.255003559792211,0.798746594539548
