"","Estimate","X95..CI.Lower","X95..CI.Upper","p.value"
"ACME",0.770856745212103,0.721956474763293,0.818609913920928,0
"ADE",0.120762788210814,0.109052610104563,0.13238612827845,0
"Total Effect",0.891619533422917,0.841160626056782,0.941015149894398,0
"Prop. Mediated",0.864452096995057,0.850788700003406,0.87786339397097,0
