"","Estimate","Std..Error","t.value","Pr...t.."
"GF",-0.976642070116108,0.0258917728619364,-37.7201698517862,1.3857498151708e-235
"GM",-0.0155361145590016,0.0198423166416458,-0.782978864796148,0.433732316512809
