"","Estimate","Std..Error","t.value","Pr...t.."
"X",0.802022845794265,0.00328558218324427,244.10372380408,0
"GF",-0.200797677748055,0.00685428762546518,-29.2951928369694,3.23723849701064e-157
"GM",-0.0747857247911848,0.00488226214045787,-15.317842966984,3.70341758220179e-50
"RW",0.0831013577079882,0.00778390189902722,10.6760540903494,6.50069047119971e-26
"GM:RW",-0.00841666436731393,0.00988006401963055,-0.851883586036588,0.394380954930204
