"","Estimate","X95..CI.Lower","X95..CI.Upper","p.value"
"ACME",0.815581544953182,0.759461731988483,0.869447680809352,0
"ADE",0.122687670072072,0.111427909252173,0.133758795103337,0
"Total Effect",0.938269215025255,0.882533540763551,0.996768574824782,0
"Prop. Mediated",0.869336454682603,0.855388937333479,0.881659263995859,0
