"","Estimate","Std..Error","t.value","Pr...t.."
"GF",-1.02519999808149,0.0262695138472307,-39.0262265241566,4.00959198136286e-248
"GM",-0.00716794690041399,0.0201318007290702,-0.356050956239772,0.721839994956971
