"","Estimate","Std..Error","t.value","Pr...t.."
"X",0.80126899628901,0.00317945183524377,252.014824507501,0
"GF",-0.201485470159912,0.00706270280809456,-28.528096910575,2.02224781930394e-150
"GM",-0.0749051936435265,0.00465336702211208,-16.0969881136796,6.60377181690925e-55
"RW",0.0872017490350488,0.00778288072339274,11.2043023829145,2.66556541257408e-28
"GM:RW",-0.00631167029939048,0.00976481611593598,-0.646368577191123,0.518115033315954
