"","Estimate","Std..Error","t.value","Pr...t.."
"X",0.804662310977989,0.00339470783250765,237.034334228283,0
"GF",-0.597155406507346,0.0124623872789236,-47.9166144609594,0
"GM",-0.235124731710311,0.0056717241379115,-41.4556008002341,1.7589379954263e-271
"RW",0.243306955712227,0.00933899686624767,26.0527933777951,4.89043578563867e-129
"GM:RW",-0.00407315095174133,0.0117623904487416,-0.346285984085582,0.729164317260091
