"","Estimate","X95..CI.Lower","X95..CI.Upper","p.value"
"ACME",2.39773168716276,2.33880842592064,2.46159136314598,0
"ADE",0.35953909772925,0.335638819476369,0.38390584484923,0
"Total Effect",2.75727078489201,2.70018708153466,2.8187692037736,0
"Prop. Mediated",0.869654109188848,0.860872723240313,0.878093286506208,0
