"","Estimate","Std..Error","t.value","Pr...t.."
"GF",-2.98051114005438,0.0296981555407464,-100.360143106028,0
"GM",-0.00143408978802732,0.0227593610161258,-0.0630109864249362,0.949764058588418
