"","Estimate","Std..Error","t.value","Pr...t.."
"X",0.795357846487807,0.00331788240412459,239.718516092996,0
"GF",-0.205022119681739,0.00706351088668779,-29.0255261116865,8.08118044695898e-155
"GM",-0.0831326583074461,0.00488598879638364,-17.0145003952888,9.98038312741242e-61
"RW",0.0820537505786335,0.00787560275408274,10.418726431586,8.69523391426881e-25
"GM:RW",0.000553047767239586,0.00996917633251736,0.055475773403231,0.95576498518592
