"","Estimate","Std..Error","t.value","Pr...t.."
"GF",-0.985723316219389,0.0258418993124553,-38.1443834410534,1.19184458489551e-239
"GM",0.0292808801609396,0.0198040957455286,1.47852648952935,0.13942453783534
