"","Estimate","X95..CI.Lower","X95..CI.Upper","p.value"
"ACME",0.807273051789023,0.755114901724618,0.858594842111836,0
"ADE",0.122362779294264,0.110552287729871,0.133022688331433,0
"Total Effect",0.929635831083287,0.876769086770421,0.980562072782014,0
"Prop. Mediated",0.868388912201521,0.854094369039072,0.88213451518492,0
