"","Estimate","Std..Error","t.value","Pr...t.."
"X",0.798316113741201,0.0032813302297306,243.290390740936,0
"GF",-0.212444424282332,0.00719611189019784,-29.5221124301461,3.06264456148688e-159
"GM",-0.0744182328848039,0.00466040365560474,-15.9681946853051,4.14257543332475e-54
"RW",0.0833629229244005,0.00796986072408743,10.4597716083609,5.7709042257126e-25
"GM:RW",-0.0144071103223863,0.0099455590157931,-1.44859733872259,0.147607213014539
