"","Estimate","Std..Error","t.value","Pr...t.."
"GF",-0.978088994945944,0.0257833486066414,-37.9349094591229,1.21517009960402e-237
"GM",-0.00752776411382499,0.0197592250582046,-0.380974663310455,0.703262552562539
