"","Estimate","X95..CI.Lower","X95..CI.Upper","p.value"
"ACME",0.772802795378449,0.717648534740864,0.824081208382188,0
"ADE",0.128953919387998,0.117650393022668,0.140188112068644,0
"Total Effect",0.901756714766446,0.847501465560894,0.952157124943017,0
"Prop. Mediated",0.85682737170861,0.841965963647348,0.870710901056817,0
