"","Estimate","X95..CI.Lower","X95..CI.Upper","p.value"
"ACME",0.801363403698992,0.746617895571561,0.854696153649112,0
"ADE",0.113552985878029,0.10260672984306,0.124452004423448,0
"Total Effect",0.914916389577021,0.860014292451909,0.969512410314814,0
"Prop. Mediated",0.875870206197989,0.862292280220016,0.888432452454003,0
