"","Estimate","Std..Error","t.value","Pr...t.."
"X",0.798510655642104,0.00315132427305903,253.388920482937,0
"GF",-0.201077353908681,0.00681638082110252,-29.4991373260976,4.91256591494401e-159
"GM",-0.0766400934515767,0.00466601172845534,-16.425182342383,5.82968942774374e-57
"RW",0.0896431911731495,0.00765303224220139,11.7134213389076,1.07361968832546e-30
"GM:RW",-0.0174937797258832,0.00964698274404717,-1.81339390667802,0.0699212929449617
