"","Estimate","Std..Error","t.value","Pr...t.."
"GF",-0.993976500694952,0.0262567836143628,-37.8559885816035,6.93207611430348e-237
"GM",0.0105651027546397,0.020122044838161,0.525051148609072,0.599605889211141
