"","Estimate","X95..CI.Lower","X95..CI.Upper","p.value"
"ACME",0.833903826049195,0.782537325324396,0.885208647913196,0
"ADE",0.13070141660196,0.119412406906944,0.142136778203243,0
"Total Effect",0.964605242651155,0.911650395363245,1.01411777528756,0
"Prop. Mediated",0.864642096474752,0.850999351101701,0.877056948566124,0
