"","Estimate","Std..Error","t.value","Pr...t.."
"X",0.797389834854185,0.00313108360940817,254.66896906177,0
"GF",-0.219164539790366,0.00692294204067217,-31.6577169796855,1.43507057379578e-178
"GM",-0.0798527439613908,0.00456436605735144,-17.49481591924,7.19228653006388e-64
"RW",0.094031576758095,0.00765633929317418,12.2815320948389,1.78291446207524e-33
"GM:RW",-0.0132348278483051,0.00959971147398976,-1.37866933648627,0.168151293365754
