"","Estimate","Std..Error","t.value","Pr...t.."
"GF",-1.02508555197033,0.0261857941247269,-39.1466284004101,2.78056710222682e-249
"GM",0.0191309935870469,0.0200676416136658,0.953325455743585,0.340540513951125
