"","Estimate","X95..CI.Lower","X95..CI.Upper","p.value"
"ACME",0.788858072696955,0.736048528963826,0.840452919406816,0
"ADE",0.118611624548246,0.10823345236242,0.129819374124585,0
"Total Effect",0.9074696972452,0.855210999617472,0.961118348592221,0
"Prop. Mediated",0.869471138391096,0.854626414846053,0.882011171247871,0
