"","Estimate","Std..Error","t.value","Pr...t.."
"GF",-0.979962781095112,0.025159850566261,-38.9494674666005,2.1964461151138e-247
"GM",0.00609642908238059,0.0192814035660787,0.316181810182423,0.751897540134459
