"","Estimate","Std..Error","t.value","Pr...t.."
"X",0.800535559035745,0.00332754658250332,240.578317744691,0
"GF",-0.21007455984866,0.00693175456299241,-30.3061162855097,2.79911783385819e-166
"GM",-0.0851998878802706,0.0047459502560102,-17.9521240814471,6.39969449746276e-67
"RW",0.0900390594976811,0.00771608505374092,11.6690081654852,1.75152563044431e-30
"GM:RW",-0.00955943963037424,0.0097471923857388,-0.980737760379156,0.326840993443178
