"","Estimate","Std..Error","t.value","Pr...t.."
"X",0.797259897075149,0.00322103070235276,247.517012642196,0
"GF",-0.216288510573204,0.00672080819402785,-32.1819198419321,2.19806674405965e-183
"GM",-0.0843174382368003,0.00483799719393968,-17.428170140822,1.98013586720249e-63
"RW",0.0891367918809921,0.0076756566721601,11.612920651375,3.24240093499969e-30
"GM:RW",-0.0128668523230688,0.00975495842838204,-1.31900637173734,0.187318357560346
