"","Estimate","X95..CI.Lower","X95..CI.Upper","p.value"
"ACME",0.755876926745434,0.706469508240998,0.80716654760968,0
"ADE",0.123758529140935,0.112833949912847,0.135023679227628,0
"Total Effect",0.879635455886369,0.828424995543307,0.931844827213923,0
"Prop. Mediated",0.859119035605438,0.84500773718285,0.872786097765122,0
