"","Estimate","Std..Error","t.value","Pr...t.."
"GF",-0.952753342656,0.0260892564267734,-36.5189918436411,4.07355320864802e-224
"GM",-0.00477207135445004,0.0199936593652945,-0.238679236615061,0.811378795496118
