"","Estimate","Std..Error","t.value","Pr...t.."
"X",0.803174433226824,0.00323703822676653,248.120157057618,0
"GF",-0.205472690031358,0.00697383140651538,-29.4633864878628,1.02449050208533e-158
"GM",-0.0885148668021596,0.00470376196094299,-18.8178882216256,7.55071587114896e-73
"RW",0.0977009120805247,0.00781996196899948,12.4937835334543,1.52752967645298e-34
"GM:RW",-0.00867264802368371,0.00982468129480835,-0.88274090155643,0.377482629612164
