"","Estimate","Std..Error","t.value","Pr...t.."
"GF",-1.00858073930156,0.0259756583936224,-38.8279182001096,3.24290128167657e-246
"GM",-0.00449520793599799,0.0199066028259192,-0.225814920572236,0.821368467799135
