"","Estimate","X95..CI.Lower","X95..CI.Upper","p.value"
"ACME",0.805171560857513,0.75108035321902,0.860171064152226,0
"ADE",0.111305730670835,0.0994864910647295,0.122294341643849,0
"Total Effect",0.916477291528347,0.861651776755635,0.971594163317546,0
"Prop. Mediated",0.878511297402668,0.865282793969317,0.891330550987839,0
