"","Estimate","X95..CI.Lower","X95..CI.Upper","p.value"
"ACME",0.845174839765752,0.791907801228741,0.896759396892095,0
"ADE",0.115345433439101,0.104495083703915,0.126995467372876,0
"Total Effect",0.960520273204853,0.906663790050213,1.01327761919567,0
"Prop. Mediated",0.880013587138717,0.8668857850549,0.891812637066359,0
