"","Estimate","Std..Error","t.value","Pr...t.."
"GF",-1.06023177663537,0.0259594189932805,-40.8418916043462,1.20733750085946e-265
"GM",-0.0121076801350357,0.0198941576633043,-0.608604814536527,0.542855595338232
