"","Estimate","Std..Error","t.value","Pr...t.."
"X",0.805799601364529,0.00318121123527806,253.29962136076,0
"GF",-0.201212088448982,0.00691410351890226,-29.1016887292611,1.70333373019308e-155
"GM",-0.0870820018675343,0.00466643221123848,-18.6613665270458,9.20947338869978e-72
"RW",0.0840918278487357,0.00762712942738956,11.0253573968151,1.7606730256823e-27
"GM:RW",0.00197421933427383,0.00962308308135967,0.205154555726322,0.83747230282404
