"","Estimate","Std..Error","t.value","Pr...t.."
"GF",-1.02780808963554,0.025836923537283,-39.7805910658208,2.15934929797878e-255
"GM",-0.000496949596464625,0.0198002825301481,-0.0250981063380265,0.979979216942551
