"","Estimate","X95..CI.Lower","X95..CI.Upper","p.value"
"ACME",0.819747274791779,0.769630321876951,0.870541334983361,0
"ADE",0.125645300594552,0.114209614308564,0.136911963898847,0
"Total Effect",0.945392575386331,0.893842422272762,0.995421121886952,0
"Prop. Mediated",0.867168690685233,0.853597202378424,0.880014645557093,0
