"","Estimate","Std..Error","t.value","Pr...t.."
"X",0.797947411566358,0.0032588336062203,244.856751827794,0
"GF",-0.213667164912892,0.00705728076080524,-30.2761321470386,5.21794165046391e-166
"GM",-0.0814342600126546,0.00471712067799747,-17.2635524023153,2.38687638521854e-62
"RW",0.0953965082679255,0.00782425661292216,12.1924053603218,4.95017607454474e-33
"GM:RW",-0.0100932221837297,0.00983614467366154,-1.0261360033425,0.304951881625617
