"","Estimate","Std..Error","t.value","Pr...t.."
"X",0.803008447597312,0.00333047549237298,241.109249846233,0
"GF",-0.198638469844217,0.00712897154803474,-27.8635520573759,1.35443625402748e-144
"GM",-0.079317197532829,0.00468340159903688,-16.9358095511477,3.21959232538249e-60
"RW",0.0784965098595978,0.00784428012628605,10.006846848388,4.91636483625009e-23
"GM:RW",-0.0105148432822913,0.00983915425280076,-1.06867348677842,0.28534611156424
