"","Estimate","Std..Error","t.value","Pr...t.."
"GF",-0.964500095820305,0.0252428466297092,-38.2088482320829,2.86937849008202e-240
"GM",-0.00422458086498415,0.0193450081009916,-0.218380930260123,0.827154624662936
