"","Estimate","X95..CI.Lower","X95..CI.Upper","p.value"
"ACME",0.770893302552483,0.721344894666255,0.821148561418408,0
"ADE",0.112832014607577,0.101392127296167,0.123958610460834,0
"Total Effect",0.88372531716006,0.835599214470699,0.934642146150802,0
"Prop. Mediated",0.872234346388581,0.858094376157168,0.886162209804864,0
