"","Estimate","Std..Error","t.value","Pr...t.."
"X",0.798852357815326,0.00320918783729334,248.926643848023,0
"GF",-0.599121556785043,0.0119938295279815,-49.9524822649264,0
"GM",-0.244311492711385,0.00550088001700287,-44.4131651583445,3.73809148021461e-300
"RW",0.242611133179783,0.00892723480443535,27.1765152921983,1.2339005383893e-138
"GM:RW",0.0041189386462848,0.0112818357165475,0.365094719491741,0.715079402460947
