"","Estimate","X95..CI.Lower","X95..CI.Upper","p.value"
"ACME",2.42062756394932,2.36032690766442,2.48024895133715,0
"ADE",0.357275447123468,0.336050718558897,0.378651546227178,0
"Total Effect",2.77790301107278,2.72026048750116,2.83304586997004,0
"Prop. Mediated",0.871383280231748,0.863368982826625,0.879451888135629,0
