"","Estimate","Std..Error","t.value","Pr...t.."
"GF",-3.00279142919102,0.0302037895987437,-99.4177045027461,0
"GM",0.0272292962802541,0.0231468567328958,1.17637122804482,0.239586700137962
