"","Estimate","X95..CI.Lower","X95..CI.Upper","p.value"
"ACME",0.779352451913726,0.728650239483258,0.828908645298271,0
"ADE",0.11501643509372,0.104971803805808,0.125312093750819,0
"Total Effect",0.894368887007446,0.842772339096389,0.945609264683103,0
"Prop. Mediated",0.871338115937649,0.857731726582907,0.883807400677906,0
