"","Estimate","Std..Error","t.value","Pr...t.."
"X",0.801772518273827,0.0032716955313962,245.063304509778,0
"GF",-0.202445881986064,0.00702310185365635,-28.8257078146556,4.76489832628712e-153
"GM",-0.0787283011652616,0.00476349205659845,-16.527434123923,1.31601212631565e-57
"RW",0.0946214500275094,0.00774364948641622,12.2192320550527,3.64267470407542e-33
"GM:RW",-0.0137948962035205,0.00978594571219128,-1.40966408451816,0.158794761362925
