"","Estimate","Std..Error","t.value","Pr...t.."
"GF",-0.983149607528216,0.0257022298754775,-38.2515296256936,1.1174873306094e-240
"GM",-0.0115594754721882,0.019697059228236,-0.58686301027199,0.557362016533765
