"","Estimate","X95..CI.Lower","X95..CI.Upper","p.value"
"ACME",0.748052712862291,0.695618264453525,0.799877659694569,0
"ADE",0.139244626078359,0.128371131555164,0.149855340146911,0
"Total Effect",0.88729733894065,0.835278276249605,0.938725718616009,0
"Prop. Mediated",0.842990493954721,0.828270505585368,0.857417942912289,0
