"","Estimate","Std..Error","t.value","Pr...t.."
"X",0.791430749868039,0.00328432908226368,240.971818001428,0
"GF",-0.231091845827687,0.00699736808075851,-33.0255380538217,3.48347186162426e-191
"GM",-0.0721887974852368,0.00468630424686695,-15.4042063174833,1.1251984567638e-50
"RW",0.101243433321523,0.00784793571896335,12.9006450800666,1.24594095909571e-36
"GM:RW",-0.0317540590929092,0.00984123848323865,-3.22663241491322,0.00127285356657302
