"","Estimate","Std..Error","t.value","Pr...t.."
"GF",-0.96806951381967,0.0256186907045912,-37.7876264241005,3.13117388522704e-236
"GM",-0.022411976060362,0.0196330384796551,-1.14154393796898,0.253780432407138
