"","Estimate","X95..CI.Lower","X95..CI.Upper","p.value"
"ACME",0.846688836206482,0.792100728276103,0.89907594600523,0
"ADE",0.118141227263382,0.106589675623042,0.129928082579797,0
"Total Effect",0.964830063469864,0.907923100115613,1.0154136662323,0
"Prop. Mediated",0.877532185667419,0.863825184881041,0.890205964988926,0
