"","Estimate","Std..Error","t.value","Pr...t.."
"X",0.803735098246142,0.00326415960503813,246.230330467175,0
"GF",-0.199080464413702,0.00703872309922495,-28.283605081101,2.85793663046185e-148
"GM",-0.0770940596189986,0.004704635311849,-16.3868301172741,1.01697211992017e-56
"RW",0.0862970941702386,0.0078361994739301,11.0126209085586,2.01185904870322e-27
"GM:RW",-0.00621453925648337,0.00984295106409805,-0.631369516724589,0.527871273633734
