"","Estimate","Std..Error","t.value","Pr...t.."
"GF",-1.03397214239439,0.0257942849003626,-40.0853191467949,2.47412593972117e-258
"GM",0.0198268818203134,0.0197676061530049,1.00299862648262,0.315982977802205
