"","Estimate","Std..Error","t.value","Pr...t.."
"X",0.799081216769812,0.0032392496404338,246.687136056238,0
"GF",-0.206699358694004,0.00704962240455738,-29.3206283730004,1.92132529318555e-157
"GM",-0.0779042797690954,0.00477735754735032,-16.306981212303,3.22908529751973e-56
"RW",0.0848766060181142,0.0077794180694395,10.91040554197,5.8386012126553e-27
"GM:RW",-0.00708943670899106,0.00982246225105591,-0.721757592728743,0.470528108137899
