"","Estimate","Std..Error","t.value","Pr...t.."
"GF",-1.04356993586024,0.0260397886115407,-40.0759757088711,3.04530651681745e-258
"GM",-0.0261647534013188,0.0199557494060709,-1.3111386031616,0.189961603047701
