"","Estimate","X95..CI.Lower","X95..CI.Upper","p.value"
"ACME",0.814236341684529,0.762134495451241,0.865929596357506,0
"ADE",0.124231178755897,0.112545451440131,0.134964340408448,0
"Total Effect",0.938467520440426,0.887054498615357,0.988817446124756,0
"Prop. Mediated",0.867678816638588,0.854035621208326,0.880439997912943,0
