"","Estimate","Std..Error","t.value","Pr...t.."
"X",0.802919041602077,0.00318917216767228,251.764094062101,0
"GF",-0.207573951332038,0.00709819226634392,-29.2432134187531,9.39620935958391e-157
"GM",-0.0821857666122093,0.00475635130328393,-17.2791624023788,1.88639618813966e-62
"RW",0.0947540274221024,0.0078061091280796,12.1384451418005,9.15782037181023e-33
"GM:RW",-0.0106699670441417,0.00983839875350171,-1.0845227268659,0.278264137441564
