"","Estimate","X95..CI.Lower","X95..CI.Upper","p.value"
"ACME",0.841601373907164,0.789710178898632,0.893751826794069,0
"ADE",0.119029506053584,0.107683410561685,0.130671997823517,0
"Total Effect",0.960630879960748,0.908410177137627,1.01396624652571,0
"Prop. Mediated",0.876232164462381,0.863096080049713,0.888420326005162,0
