"","Estimate","Std..Error","t.value","Pr...t.."
"GF",-1.04385301529417,0.0264618637231716,-39.4474488348342,3.51950496326726e-252
"GM",0.00392803962325117,0.0202792092192014,0.193697869615739,0.846432149358599
