"","Estimate","Std..Error","t.value","Pr...t.."
"GF",-0.994597215824929,0.0256967128829901,-38.7052313015219,4.90428629765745e-245
"GM",0.00724863079149233,0.0196928312476944,0.368084746186051,0.712849035383465
