"","Estimate","Std..Error","t.value","Pr...t.."
"X",0.795163760589771,0.00325271640315431,244.461447613036,0
"GF",-0.209013071079586,0.00705561016376851,-29.6236705583446,3.78655062663179e-160
"GM",-0.0848279176877998,0.00467949122078687,-18.1275941518992,4.17465675950623e-68
"RW",0.0887313195736439,0.00776338418269683,11.4294639406626,2.38739466539254e-29
"GM:RW",0.00504573758377315,0.00975566938396504,0.517210801758678,0.605066349126453
