"","Estimate","X95..CI.Lower","X95..CI.Upper","p.value"
"ACME",0.797485298283796,0.746932212150298,0.851720570683834,0
"ADE",0.127332849738905,0.115854975936031,0.138202416152219,0
"Total Effect",0.924818148022701,0.872577679547559,0.976419114067307,0
"Prop. Mediated",0.862225254222602,0.849665795170578,0.87489038346782,0
