"","Estimate","Std..Error","t.value","Pr...t.."
"GF",-0.981660777869444,0.0260417630722967,-37.6956343218457,2.38009521119738e-235
"GM",8.48620576584108e-06,0.0199572625460065,0.000425218927008564,0.999660766842653
