"","Estimate","Std..Error","t.value","Pr...t.."
"X",0.798683171649838,0.00326445531987311,244.660469631082,0
"GF",-0.205292523948448,0.00699979385136272,-29.3283671359096,1.63926959150867e-157
"GM",-0.0836565072667772,0.00478298681519435,-17.4904323384337,7.68836370187319e-64
"RW",0.0819036870873326,0.00787531199688574,10.4000561653584,1.04727732511314e-24
"GM:RW",0.00192902665826238,0.00991839580362987,0.194489784079438,0.845812196481964
