"","Estimate","X95..CI.Lower","X95..CI.Upper","p.value"
"ACME",0.783692101049788,0.732078127149558,0.835085764685831,0
"ADE",0.12263235568977,0.110821461703664,0.133358744910437,0
"Total Effect",0.906324456739558,0.85211733556281,0.957864259598314,0
"Prop. Mediated",0.864402233046735,0.850822700692776,0.878331482571692,0
