"","Estimate","Std..Error","t.value","Pr...t.."
"GF",-0.981525926570149,0.0255759573527643,-38.3768987816233,6.99636086762525e-242
"GM",0.00736765929560882,0.0196002895171708,0.375895432011573,0.707034542578196
