"","Estimate","Std..Error","t.value","Pr...t.."
"X",0.801768956293356,0.00331617727852342,241.775058735809,0
"GF",-0.212213008933519,0.00686972890893403,-30.8910310358153,1.4169889499166e-171
"GM",-0.0723996878517588,0.00483896003245009,-14.9618280304541,4.75626839371975e-48
"RW",0.0919361301316757,0.00778493431098679,11.8094933700246,3.70402228296157e-31
"GM:RW",-0.016936676545857,0.00986085938956663,-1.71756597237123,0.0860309986453673
