"","Estimate","X95..CI.Lower","X95..CI.Upper","p.value"
"ACME",0.792179630746555,0.736005069274229,0.845735244574955,0
"ADE",0.129166113771459,0.117479983910273,0.140524723809431,0
"Total Effect",0.921345744518014,0.865423167279588,0.975413492685553,0
"Prop. Mediated",0.859645885463899,0.846252810286271,0.872716079495506,0
