"","Estimate","Std..Error","t.value","Pr...t.."
"X",0.799951542746836,0.00305913067290022,261.496362294468,0
"GF",-0.216381273016199,0.00671081957016387,-32.2436433812383,5.93541411707358e-184
"GM",-0.078093128267562,0.00449480558184972,-17.3740836718069,4.49508404064114e-63
"RW",0.0984224738118607,0.00741078710084646,13.2809744056227,1.23828780503264e-38
"GM:RW",-0.0208148317196463,0.00933427082400062,-2.22993655445763,0.0258625366304999
