"","Estimate","Std..Error","t.value","Pr...t.."
"GF",-1.01433108018011,0.0261469555014472,-38.7934679478826,6.95388890715537e-246
"GM",0.0127185142991152,0.0200378773999463,0.634723630914583,0.525681350656847
