"","Estimate","X95..CI.Lower","X95..CI.Upper","p.value"
"ACME",0.822150177366266,0.771428900846838,0.876174483068179,0
"ADE",0.125230748855442,0.114135346638298,0.136324790183723,0
"Total Effect",0.947380926221708,0.897836472194186,1.00333062455143,0
"Prop. Mediated",0.867820021346365,0.855018183766547,0.880504270370154,0
