"","Estimate","X95..CI.Lower","X95..CI.Upper","p.value"
"ACME",0.81516651236177,0.762753333802499,0.865160969900486,0
"ADE",0.120712095572568,0.109649346203549,0.131559213598629,0
"Total Effect",0.935878607934338,0.882313228556793,0.987298605432336,0
"Prop. Mediated",0.870876320341105,0.858522219545744,0.88322359592035,0
