"","Estimate","Std..Error","t.value","Pr...t.."
"X",0.80228375830831,0.00326100722378313,246.023299935402,0
"GF",-0.197182425431138,0.00707710148439492,-27.8620316334204,1.39643209873152e-144
"GM",-0.0787769435275358,0.00475916958592251,-16.5526657760959,9.105285393642e-58
"RW",0.0783608277213262,0.00787850675556925,9.94615225352617,8.80212507541301e-23
"GM:RW",0.00340052236010646,0.00991033392412294,0.343128938554652,0.731537613892197
