"","Estimate","Std..Error","t.value","Pr...t.."
"GF",-1.00022258382876,0.0260279274760511,-38.4288216858251,2.21978376322915e-242
"GM",0.0155046025858244,0.0199466595531911,0.777303214329132,0.437071920417803
