"","Estimate","Std..Error","t.value","Pr...t.."
"X",0.796105196549296,0.00320601995146152,248.315733714126,0
"GF",-0.617990828191436,0.0118878507844007,-51.985076141969,0
"GM",-0.244213700832058,0.00557011756889693,-43.8435450978139,1.25825289580293e-294
"RW",0.248553901686528,0.00907148106564596,27.3994841512497,1.46052869824352e-140
"GM:RW",-0.00111186581885641,0.0114543621319641,-0.0970692043822926,0.922681186989042
