"","Estimate","Std..Error","t.value","Pr...t.."
"GF",-2.98626021590584,0.0306787637725822,-97.3396528635447,0
"GM",-0.0306454491301445,0.0235108560621098,-1.30345951883619,0.192568101974459
