"","Estimate","X95..CI.Lower","X95..CI.Upper","p.value"
"ACME",2.35154899248733,2.29098959383244,2.41700878794979,0
"ADE",0.373780792133465,0.352637056293493,0.396918467960611,0
"Total Effect",2.72532978462079,2.66744185645841,2.78485296048696,0
"Prop. Mediated",0.863029102743066,0.853903757064864,0.870935890790817,0
