"","Estimate","Std..Error","t.value","Pr...t.."
"X",0.799321092452171,0.0033459569719486,238.891623279503,0
"GF",-0.210713278864322,0.00706156600803724,-29.8394546796695,4.41888699765718e-162
"GM",-0.0813093423467686,0.00483532376105911,-16.8156976377853,1.90906921482122e-59
"RW",0.084972840688306,0.00784853619650057,10.8265845453058,1.38977789290521e-26
"GM:RW",-0.00558717740630746,0.00991762578225634,-0.56335836106092,0.573254195757573
