"","Estimate","X95..CI.Lower","X95..CI.Upper","p.value"
"ACME",0.831884890480953,0.781101902204371,0.881440123172664,0
"ADE",0.125738439555171,0.11388652342319,0.136768346558081,0
"Total Effect",0.957623330036124,0.906076181919235,1.00607929887425,0
"Prop. Mediated",0.868582265404568,0.856072804522043,0.881586176654061,0
