"","Estimate","X95..CI.Lower","X95..CI.Upper","p.value"
"ACME",0.766449329774454,0.713996120615651,0.821747353564471,0
"ADE",0.121262381531643,0.110921728868819,0.133142263573159,0
"Total Effect",0.887711711306097,0.835590269855544,0.94603391072069,0
"Prop. Mediated",0.863704891150446,0.847665815596718,0.877079511722338,0
