"","Estimate","Std..Error","t.value","Pr...t.."
"X",0.804350566222265,0.00330678648700672,243.242365173192,0
"GF",-0.209961736150009,0.00705296975798084,-29.7692664728111,1.88203717634146e-161
"GM",-0.0797337573743505,0.00486069468061475,-16.4037781867563,7.95369788510952e-57
"RW",0.0971124159335808,0.00793100329492908,12.2446571161649,2.72239097429009e-33
"GM:RW",-0.0143171789236998,0.0100106213889628,-1.43019882257112,0.152816555334107
