"","Estimate","Std..Error","t.value","Pr...t.."
"GF",-0.959635045783943,0.0259860945443892,-36.9287906708992,5.0709384932147e-228
"GM",-0.00549491709821168,0.0199146006331431,-0.275924041834246,0.782634942844983
