"","Estimate","X95..CI.Lower","X95..CI.Upper","p.value"
"ACME",0.800319531531284,0.752189569749882,0.84966363623003,0
"ADE",0.119214639715534,0.107166767188567,0.130227268374741,0
"Total Effect",0.919534171246819,0.86810100510151,0.969433827504598,0
"Prop. Mediated",0.870180720250402,0.856634142167925,0.885179170216512,0
