"","Estimate","Std..Error","t.value","Pr...t.."
"GF",-0.963579952261985,0.0260376338436771,-37.0072011169317,9.0571149974722e-229
"GM",0.0376526114897798,0.0199540980866938,1.88696133126098,0.0593103852190593
