"","Estimate","Std..Error","t.value","Pr...t.."
"X",0.799299177583174,0.00326860050822652,244.538656703831,0
"GF",-0.201502045950631,0.00676024991750494,-29.8068930009322,8.65635106971792e-162
"GM",-0.0831438223918142,0.00494873176253964,-16.8010363829349,2.37082088332765e-59
"RW",0.0802787573878561,0.00773447824965451,10.3793371442272,1.286936953727e-24
"GM:RW",0.00121910074165783,0.00986400948563671,0.123590791699157,0.901651733547593
