"","Estimate","X95..CI.Lower","X95..CI.Upper","p.value"
"ACME",0.747496766973888,0.696094497667416,0.796335255426105,0
"ADE",0.129761693906079,0.118483763698966,0.141252602018519,0
"Total Effect",0.877258460879967,0.825083103696484,0.928163512321762,0
"Prop. Mediated",0.852611692719767,0.837455420957673,0.865465304188214,0
