"","Estimate","Std..Error","t.value","Pr...t.."
"GF",-0.998431504899657,0.0250655071104981,-39.8328867035563,6.75773785652376e-256
"GM",-0.0608261700573638,0.0192091028884737,-3.16652841158252,0.00156597648964374
