"","Estimate","Std..Error","t.value","Pr...t.."
"X",0.796107629476965,0.00333629023205233,238.620615745183,0
"GF",-0.199906008941602,0.00726027718977129,-27.5342116721441,9.92734083351667e-142
"GM",-0.0767394936263817,0.00463206410995645,-16.5670188936792,7.38268469614938e-58
"RW",0.0708384538782833,0.00783601524668401,9.04011179767169,3.6062906957551e-19
"GM:RW",0.0109373082963315,0.00980583445223271,1.11538781830455,0.264818604200067
