"","Estimate","X95..CI.Lower","X95..CI.Upper","p.value"
"ACME",0.806981326817491,0.756748974005067,0.861756212694631,0
"ADE",0.113564974245522,0.102886081718298,0.12455961848925,0
"Total Effect",0.920546301063013,0.871264650427459,0.976665042073448,0
"Prop. Mediated",0.876805719342393,0.862695212219024,0.889289583079034,0
