"","Estimate","Std..Error","t.value","Pr...t.."
"X",0.801371256255449,0.00317754330170544,252.198374708329,0
"GF",-0.210443672839226,0.00661592582890714,-31.8086505625152,5.93143765572823e-180
"GM",-0.0790709976598646,0.00469783337202318,-16.8313755295692,1.514096397832e-59
"RW",0.0992241936040183,0.00751660496589784,13.2006662654469,3.30912943343266e-38
"GM:RW",-0.0283523375151049,0.00953149402595273,-2.97459531925489,0.00296896731163584
