"","Estimate","Std..Error","t.value","Pr...t.."
"GF",-0.984556209738277,0.0258195167741886,-38.1322477236493,1.55820059413882e-239
"GM",0.0229571442321928,0.0197869427520314,1.16021684197959,0.246099146481751
