"","Estimate","X95..CI.Lower","X95..CI.Upper","p.value"
"ACME",0.808699835399254,0.758406019975092,0.85904469397219,0
"ADE",0.124026057800335,0.112111793719521,0.136472866532811,0
"Total Effect",0.932725893199589,0.880779204031605,0.983222081872593,0
"Prop. Mediated",0.867160375818578,0.852783234595165,0.881022020207181,0
