"","Estimate","Std..Error","t.value","Pr...t.."
"GF",-1.02082273505119,0.025814039856152,-39.5452529220413,4.01595715192344e-253
"GM",-0.0122063807525988,0.0197827454827875,-0.617021573836621,0.537290799922373
