"","Estimate","Std..Error","t.value","Pr...t.."
"X",0.800492785092029,0.00329211577145155,243.154506300694,0
"GF",-0.206572066442553,0.00711031430144611,-29.0524522102406,4.66128112820672e-155
"GM",-0.0729873952617692,0.00478148686577797,-15.2645813552588,7.7009089071596e-50
"RW",0.0884800585077568,0.0078723035151341,11.2394114807259,1.83478069802719e-28
"GM:RW",-0.0149713647362697,0.00991497993925814,-1.50997428416279,0.131208344405583
