"","Estimate","Std..Error","t.value","Pr...t.."
"X",0.803701243994375,0.00314372128757313,255.652830030238,0
"GF",-0.195763878804546,0.00677278580730598,-28.9044839707422,9.563499210691e-154
"GM",-0.0833664792135466,0.00470123123109903,-17.732903385409,1.88655990398031e-65
"RW",0.0765257089308341,0.00758840248513775,10.0845611550934,2.32157793398306e-23
"GM:RW",0.00896411167174556,0.00960301534613517,0.933468431387362,0.350691123591223
