"","Estimate","X95..CI.Lower","X95..CI.Upper","p.value"
"ACME",0.830008575444183,0.776211140558937,0.884926363828987,0
"ADE",0.118026650011721,0.107564562913187,0.128195095290791,0
"Total Effect",0.948035225455904,0.892468511741664,1.00320378034196,0
"Prop. Mediated",0.875588028350125,0.862307728703157,0.887494963174254,0
