"","Estimate","Std..Error","t.value","Pr...t.."
"GF",-1.02080024809433,0.0262614586719385,-38.8706606455606,1.2584630865516e-246
"GM",0.0126793127593337,0.0201256275967935,0.630008316429041,0.528761182999637
