"","Estimate","X95..CI.Lower","X95..CI.Upper","p.value"
"ACME",0.79509170796276,0.742392714583885,0.845414124693425,0
"ADE",0.126730274062385,0.115531414634226,0.137889244049097,0
"Total Effect",0.921821982025145,0.868217902149579,0.973831947516051,0
"Prop. Mediated",0.862459805849343,0.848970323099649,0.875705234445315,0
