"","Estimate","Std..Error","t.value","Pr...t.."
"GF",-0.97503039727404,0.0258042211356577,-37.785693749411,3.2675145121972e-236
"GM",0.019473725176232,0.0197752208469852,0.984753865805796,0.324864218249321
