"","Estimate","Std..Error","t.value","Pr...t.."
"X",0.799526157818038,0.00328668393770801,243.262258547316,0
"GF",-0.212972520378971,0.00704224595743745,-30.242130375189,1.05706040908953e-165
"GM",-0.0861107676727562,0.00476829165338523,-18.0590395748176,1.2155670173545e-67
"RW",0.0871910086267244,0.00784967711081865,11.1075917385895,7.41857325075321e-28
"GM:RW",-0.000325706237447511,0.0098862636964971,-0.0329453317700716,0.973721478510451
