"","Estimate","X95..CI.Lower","X95..CI.Upper","p.value"
"ACME",0.846984300524919,0.794744827413036,0.902320250147224,0
"ADE",0.118078149601367,0.106559083111442,0.130209354162139,0
"Total Effect",0.965062450126286,0.910696966978055,1.01989041935444,0
"Prop. Mediated",0.877708916432367,0.864830806985695,0.891062896793784,0
