"","Estimate","Std..Error","t.value","Pr...t.."
"GF",-1.05292682958519,0.0261302890586873,-40.2952614577042,2.32210498783268e-260
"GM",0.00522107381684469,0.020025104970793,0.260726414391321,0.794330363077241
