"","Estimate","Std..Error","t.value","Pr...t.."
"X",0.800303383865785,0.00329848701653873,242.627416707429,0
"GF",-0.203923712172523,0.00710735471687352,-28.6919283328281,7.25548664593994e-152
"GM",-0.0765154731766888,0.00491320219593883,-15.5734427620209,1.07357170703169e-51
"RW",0.0923173465984053,0.00791696970891461,11.6606921578157,1.91929071853331e-30
"GM:RW",-0.015432089002008,0.010023114624491,-1.5396500569095,0.123804263130786
