"","Estimate","Std..Error","t.value","Pr...t.."
"X",0.801139112616868,0.00321260298887555,249.373830314861,0
"GF",-0.220236512015168,0.00703801679786337,-31.2924106805241,3.13934034721413e-175
"GM",-0.0806965189693191,0.00459360677245852,-17.5671368853651,2.38893706183455e-64
"RW",0.101534869476515,0.00784155617880141,12.9483060710578,7.03371813207095e-37
"GM:RW",-0.0215030703065243,0.00978664177518418,-2.1971857967714,0.0281217885914393
