"","Estimate","X95..CI.Lower","X95..CI.Upper","p.value"
"ACME",0.792771982422637,0.743933681027407,0.848432414273765,0
"ADE",0.125876413128081,0.115163289461858,0.137279483823627,0
"Total Effect",0.918648395550718,0.866579382985092,0.973735392087906,0
"Prop. Mediated",0.863122183699561,0.849742039033846,0.876025941235772,0
