"","Estimate","Std..Error","t.value","Pr...t.."
"GF",-0.987281612472835,0.0259374177440007,-38.06399010947,7.03445770099067e-239
"GM",0.00103254191337957,0.019877296872927,0.0519457912200276,0.958577080073437
