"","Estimate","Std..Error","t.value","Pr...t.."
"X",0.806635369222263,0.00321114441273172,251.198720937019,0
"GF",-0.589322472763332,0.0117178803218145,-50.2925833494156,0
"GM",-0.244454319311599,0.00551391354697908,-44.3340863488019,2.18778856766298e-299
"RW",0.254499520619855,0.00898803524819968,28.3153674403793,1.50368248332215e-148
"GM:RW",-0.0107325600083903,0.011345086971827,-0.946009496008468,0.34425830518939
