"","Estimate","Std..Error","t.value","Pr...t.."
"GF",-2.98054571028229,0.0303480267453657,-98.2121748900011,0
"GM",-0.0142911858963048,0.0232573937420849,-0.614479251406595,0.538968644847852
