"","Estimate","X95..CI.Lower","X95..CI.Upper","p.value"
"ACME",2.39296094904155,2.32773923391506,2.45419696832813,0
"ADE",0.338304003250333,0.317119839887011,0.360238247347512,0
"Total Effect",2.73126495229188,2.66951259375244,2.79309463453827,0
"Prop. Mediated",0.876017424112375,0.867770828838134,0.88433583044892,0
