"","Estimate","Std..Error","t.value","Pr...t.."
"X",0.802742500304033,0.00327716725781185,244.950116107293,0
"GF",-0.208308760899686,0.00717891632046099,-29.0167417477726,9.669784752236e-155
"GM",-0.0858685734623479,0.00470289875530246,-18.2586481083676,5.36817848010731e-69
"RW",0.0936976315799245,0.00785788107892343,11.924032781718,1.03142557804528e-31
"GM:RW",-0.0106274688486073,0.00986123870692449,-1.0777012061522,0.281297412227394
