"","Estimate","Std..Error","t.value","Pr...t.."
"GF",-1.04171493416983,0.0257194569931999,-40.5029909630385,2.28375746577307e-262
"GM",0.0154053351860374,0.0197102613340358,0.781589595640489,0.434548407629918
