"","Estimate","X95..CI.Lower","X95..CI.Upper","p.value"
"ACME",0.848013601958992,0.799896591575235,0.896262782970369,0
"ADE",0.115589853359853,0.103555288455742,0.12800367887416,0
"Total Effect",0.963603455318845,0.913148104543076,1.01441682104026,0
"Prop. Mediated",0.880095450700181,0.866920914869875,0.89273853475473,0
