"","Estimate","Std..Error","t.value","Pr...t.."
"GF",-1.01233172262031,0.025801046329241,-39.2360724329619,3.82700640614887e-250
"GM",-0.00591550154235563,0.0197727878148968,-0.299173874606538,0.764838497162079
