"","Estimate","Std..Error","t.value","Pr...t.."
"X",0.807278621647792,0.00337042532593521,239.518322935635,0
"GF",-0.190290259018735,0.0072510247693787,-26.2432228644889,1.19250265562784e-130
"GM",-0.0777904451970115,0.00489764623415337,-15.8832307353164,1.3825291088755e-53
"RW",0.0714609312447799,0.00804833364383113,8.87897227018579,1.46939355437349e-18
"GM:RW",0.00875782071973968,0.0101418664009699,0.863531461911407,0.387949131747699
