"","Estimate","X95..CI.Lower","X95..CI.Upper","p.value"
"ACME",0.812925680979409,0.7627927230111,0.864586968926068,0
"ADE",0.117889299962109,0.106497233640813,0.12967462224728,0
"Total Effect",0.930814980941518,0.877968974579967,0.981257735101431,0
"Prop. Mediated",0.873479180649132,0.859460256953294,0.886549981720257,0
