"","Estimate","Std..Error","t.value","Pr...t.."
"GF",-1.0155215721265,0.0258382868687902,-39.3029761331869,8.67891198186879e-251
"GM",-0.0341618365960985,0.0198013273274895,-1.72522962885789,0.0846407306127644
