"","Estimate","Std..Error","t.value","Pr...t.."
"X",0.803575325008733,0.00326057496535836,246.452031787717,0
"GF",-0.199613139501032,0.00690881271569013,-28.8925388073849,1.2201749181411e-153
"GM",-0.0763548188177175,0.00477118876330842,-16.0033112512555,2.51372131226674e-54
"RW",0.0910987106125049,0.00777016894036792,11.724160865953,9.5355564175789e-31
"GM:RW",-0.013122423976282,0.00981120035930151,-1.33749424083886,0.181213819561329
