"","Estimate","X95..CI.Lower","X95..CI.Upper","p.value"
"ACME",0.788328411811278,0.73360220406487,0.838969091644511,0
"ADE",0.115037896340653,0.103453113489756,0.126040154079998,0
"Total Effect",0.903366308151931,0.84979855941414,0.953317082110601,0
"Prop. Mediated",0.872581081247098,0.858848525835959,0.886237657540613,0
