"","Estimate","X95..CI.Lower","X95..CI.Upper","p.value"
"ACME",0.757795399780183,0.703997290935367,0.809777621570945,0
"ADE",0.126863762978754,0.115104054987683,0.138210925263656,0
"Total Effect",0.884659162758937,0.831110244284888,0.939987571179463,0
"Prop. Mediated",0.856814159208401,0.841672851955596,0.870771051088474,0
