"","Estimate","Std..Error","t.value","Pr...t.."
"X",0.797968560701082,0.00326649666221335,244.288803332309,0
"GF",-0.214026031990123,0.00712570630088884,-30.0357638881953,7.62433216084371e-164
"GM",-0.0767073103321875,0.00483626800734149,-15.8608477064847,1.89759675192851e-53
"RW",0.0933869812780436,0.00788608980749324,11.84198805209,2.57999781923966e-31
"GM:RW",-0.0167130351800398,0.00995228833990165,-1.67931581252849,0.0932470972929376
