"","Estimate","Std..Error","t.value","Pr...t.."
"GF",-0.984400608242635,0.0261759796724794,-37.6070206563311,1.67799453823582e-234
"GM",-0.0333002317813776,0.0200601202488602,-1.660021543653,0.0970670400013568
