"","Estimate","Std..Error","t.value","Pr...t.."
"GF",-1.00817509764857,0.0261547365991225,-38.5465590076863,1.64222415393633e-243
"GM",-0.0440873957800094,0.0200438404911845,-2.19954832505275,0.0279531269960735
