"","Estimate","Std..Error","t.value","Pr...t.."
"X",0.79770036243691,0.00322306510568894,247.49743994588,0
"GF",-0.214217746595783,0.00684651141836741,-31.2885984563018,3.40113965181482e-175
"GM",-0.0847980015346587,0.00479531233045067,-17.6835200068583,4.02632516498107e-65
"RW",0.0834039299042699,0.00774207799058468,10.7728093162713,2.41680168094154e-26
"GM:RW",0.00273999964955579,0.00979595265635053,0.279707318489285,0.779731058967651
