"","Estimate","X95..CI.Lower","X95..CI.Upper","p.value"
"ACME",0.769473333013664,0.717396999171998,0.820879711654321,0
"ADE",0.130898343218976,0.120174509808572,0.143033199539616,0
"Total Effect",0.90037167623264,0.848351757466126,0.951275211525324,0
"Prop. Mediated",0.854567878304044,0.840686212804444,0.868173056281755,0
