"","Estimate","Std..Error","t.value","Pr...t.."
"X",0.807944272350549,0.00324919296828677,248.659984259587,0
"GF",-0.202534777740958,0.00683490492632166,-29.6324206297272,3.16204631257201e-160
"GM",-0.0741622023277699,0.00474635095311641,-15.625098746454,5.21978762679955e-52
"RW",0.0877792075996309,0.00770562247826737,11.3915790511668,3.59330601324223e-29
"GM:RW",-0.01527819362336,0.00973696045391352,-1.56909270564197,0.116784922540087
