"","Estimate","X95..CI.Lower","X95..CI.Upper","p.value"
"ACME",0.808859914080339,0.755989770323963,0.865777694168777,0
"ADE",0.118772990386638,0.107748479137685,0.13006750622229,0
"Total Effect",0.927632904466977,0.873153462881239,0.984349609128398,0
"Prop. Mediated",0.872253654555744,0.857597880151482,0.884465573387372,0
