"","Estimate","Std..Error","t.value","Pr...t.."
"GF",-1.0127355408481,0.0257491505549709,-39.3308330185902,4.67860152877051e-251
"GM",-0.00860357554332693,0.0197330171745888,-0.435998989267904,0.662884565105002
