"","Estimate","Std..Error","t.value","Pr...t.."
"X",0.800784936074375,0.00316543012146333,252.978238453163,0
"GF",-0.200674459260863,0.00679507336518503,-29.5323462273462,2.48124183928405e-159
"GM",-0.0846495067404593,0.0045958704219817,-18.4186016941616,4.32965691649107e-70
"RW",0.0756517103319907,0.00756311399387106,10.0027198311829,5.11548178959186e-23
"GM:RW",0.0085207957368894,0.00952419863026899,0.894647000516069,0.371083738843882
