"","Estimate","X95..CI.Lower","X95..CI.Upper","p.value"
"ACME",0.842069241398801,0.789915840403893,0.899032172305633,0
"ADE",0.121131660366773,0.109459240974245,0.131986442590977,0
"Total Effect",0.963200901765574,0.908860678401903,1.01917415975492,0
"Prop. Mediated",0.873956310230772,0.861189245685762,0.886700424881633,0
