"","Estimate","Std..Error","t.value","Pr...t.."
"GF",-1.02552900647071,0.0257964297353202,-39.7546876444907,3.83881977368152e-255
"GM",0.0269198024872635,0.0197692498602395,1.36170075635522,0.173445860632922
