"","Estimate","X95..CI.Lower","X95..CI.Upper","p.value"
"ACME",0.801634203603777,0.748640027276874,0.852088113610275,0
"ADE",0.118739835821463,0.10777531010835,0.129521866513863,0
"Total Effect",0.92037403942524,0.86785740668299,0.974067572559173,0
"Prop. Mediated",0.871012385394969,0.857399654919836,0.882691377710521,0
