"","Estimate","Std..Error","t.value","Pr...t.."
"X",0.7970165705133,0.00320930139368119,248.34581509937,0
"GF",-0.205743405738398,0.00666685753836972,-30.8606272976862,2.67621653324097e-171
"GM",-0.0847888420074273,0.00474673027154181,-17.862578481816,2.55847354007892e-66
"RW",0.0848251134156853,0.00755812991455607,11.2230292909258,2.18436447014009e-28
"GM:RW",-0.00334343345806241,0.00959650783821526,-0.34840105530349,0.727575770704969
