"","Estimate","Std..Error","t.value","Pr...t.."
"GF",-1.01045856570868,0.025751756402045,-39.2384329027139,3.63183681835004e-250
"GM",-0.00521182949679736,0.0197350141812457,-0.264090486529784,0.791737430424553
