"","Estimate","X95..CI.Lower","X95..CI.Upper","p.value"
"ACME",0.812167119249171,0.758246861434448,0.860943204102841,0
"ADE",0.121265470569041,0.110213803941678,0.131625424813893,0
"Total Effect",0.933432589818212,0.880095900241678,0.985170381909413,0
"Prop. Mediated",0.870048073117022,0.85592379506631,0.882296021502957,0
