"","Estimate","Std..Error","t.value","Pr...t.."
"X",0.800822671651184,0.00319354457816975,250.762953843012,0
"GF",-0.212626819759609,0.00700668978355796,-30.3462585511582,1.21550237215813e-166
"GM",-0.0755496750195761,0.00470714508607896,-16.0499992326578,1.29214240995385e-54
"RW",0.0968400764023806,0.00779081625582489,12.4300295658978,3.20736581422498e-34
"GM:RW",-0.0248258180612439,0.00979993536080337,-2.53326344993451,0.0113766167128238
