"","Estimate","Std..Error","t.value","Pr...t.."
"GF",-1.02149145045802,0.026278593890809,-38.8716175112888,1.23207377552554e-246
"GM",-0.00940302979456356,0.0201387592753529,-0.466912070698991,0.640613698171446
