"","Estimate","Std..Error","t.value","Pr...t.."
"X",0.800056364361398,0.00316506176887666,252.777488334881,0
"GF",-0.205607704842556,0.00659881231223606,-31.1582895699733,5.24574621110153e-174
"GM",-0.0793047924104819,0.00462761125809689,-17.1373064821992,1.59167409376313e-61
"RW",0.0760827584031334,0.00751374199822469,10.1258145969225,1.55560547099252e-23
"GM:RW",0.00963719693389118,0.00949470754817652,1.0150072432449,0.310225454069539
