"","Estimate","X95..CI.Lower","X95..CI.Upper","p.value"
"ACME",0.809552716707573,0.76137745431214,0.862851567354611,0
"ADE",0.132331219796588,0.121907168923441,0.142645253739608,0
"Total Effect",0.941883936504161,0.892016448050659,0.995959325725089,0
"Prop. Mediated",0.859376558255012,0.846654741038742,0.871931457472063,0
