"","Estimate","Std..Error","t.value","Pr...t.."
"GF",-0.980536655834581,0.0257756668180342,-38.0411751423067,1.16410064932163e-238
"GM",0.0322409510321457,0.0197533380730711,1.63217735214579,0.1027997113621
