"","Estimate","Std..Error","t.value","Pr...t.."
"GF",-3.01950416463835,0.0311306045017837,-96.9947167092544,0
"GM",-0.0332843213883586,0.0238571269361909,-1.39515212696743,0.163125025034351
