"","Estimate","Std..Error","t.value","Pr...t.."
"X",0.798507599154176,0.00315251681232077,253.292098565002,0
"GF",-0.614685997715227,0.0121861589219946,-50.4413245920986,0
"GM",-0.23705792237653,0.00551466279085683,-42.9868391535319,2.56949650820698e-286
"RW",0.248168425536841,0.00909125912974801,27.297475739614,1.11402518251059e-139
"GM:RW",-0.00948964937931189,0.0114460654874932,-0.829075230233565,0.407161021085009
