"","Estimate","X95..CI.Lower","X95..CI.Upper","p.value"
"ACME",2.38410757760395,2.32136486511479,2.44699240411633,0
"ADE",0.37192750511747,0.351231026738736,0.392614915926343,0
"Total Effect",2.75603508272142,2.69290145781818,2.81681866520639,0
"Prop. Mediated",0.864983010656475,0.857087887074945,0.873203403290697,0
