"","Estimate","Std..Error","t.value","Pr...t.."
"X",0.796412641062481,0.00325212463200396,244.889950780186,0
"GF",-0.220607012359937,0.00703776923012446,-31.3461560256411,1.01453276435203e-175
"GM",-0.0764475099763868,0.00470483034809827,-16.2487282899133,7.48116798667034e-56
"RW",0.0986510927750525,0.00780393597823217,12.6411970895487,2.71504015407483e-35
"GM:RW",-0.0252985037442013,0.00981039344616823,-2.57874507103306,0.00998705339192302
