"","Estimate","Std..Error","t.value","Pr...t.."
"GF",-0.984448278711017,0.0258228519810684,-38.1231429987962,1.90524372559381e-239
"GM",-0.0146810376410699,0.0197894987079842,-0.741860006547146,0.458259353235038
