"","Estimate","X95..CI.Lower","X95..CI.Upper","p.value"
"ACME",0.771527245909158,0.721339201439246,0.82364906933609,0
"ADE",0.128500274916127,0.117190618622609,0.139561244041914,0
"Total Effect",0.900027520825285,0.848572319616855,0.954572135425349,0
"Prop. Mediated",0.857330378790172,0.842784479150076,0.870604115300797,0
