"","Estimate","Std..Error","t.value","Pr...t.."
"X",0.797260255067366,0.00322673693556366,247.079409009243,0
"GF",-0.213505012890423,0.00696801600797445,-30.6407179096718,2.64286317424042e-169
"GM",-0.0774933555893746,0.00456906489560589,-16.9604410004989,2.23240134546511e-60
"RW",0.0899742601081975,0.00769372249492314,11.6945029103362,1.32275888177649e-30
"GM:RW",-0.0108308878377837,0.0096352587714394,-1.12408894194812,0.261110532197485
