"","Estimate","Std..Error","t.value","Pr...t.."
"GF",-0.961225884345761,0.0254948072638126,-37.7028103958302,2.03184880300338e-235
"GM",-3.08309304526655e-05,0.0195380996559718,-0.00157799023423663,0.998741104007152
