"","Estimate","X95..CI.Lower","X95..CI.Upper","p.value"
"ACME",0.767931661841334,0.715690984666023,0.817741928822724,0
"ADE",0.129238744449851,0.118832837105308,0.14043975932006,0
"Total Effect",0.897170406291184,0.845125460694999,0.949888402620813,0
"Prop. Mediated",0.85589824391673,0.841356974622099,0.868867212746199,0
