"","Estimate","X95..CI.Lower","X95..CI.Upper","p.value"
"ACME",0.812221227637146,0.760854685912613,0.86056715546093,0
"ADE",0.126905211320544,0.116104048570375,0.137359548198565,0
"Total Effect",0.93912643895769,0.885882134260319,0.990940866473536,0
"Prop. Mediated",0.86459956579525,0.85211344181187,0.877808988273852,0
