"","Estimate","Std..Error","t.value","Pr...t.."
"X",0.801495248019328,0.00314734683624867,254.657427261697,0
"GF",-0.218178773632388,0.00663227951231828,-32.896498591044,5.48300236653888e-190
"GM",-0.0757595026850291,0.00469134851500777,-16.148768833241,3.14624784561771e-55
"RW",0.0930320190225114,0.00750648283697259,12.3935564821769,4.89584174679356e-34
"GM:RW",-0.0246192653026998,0.00951957885250392,-2.58617168723008,0.00977512069773128
