"","Estimate","Std..Error","t.value","Pr...t.."
"GF",-0.987147224890828,0.0260320024509361,-37.9205259661202,1.66909049478466e-237
"GM",0.0242002219349724,0.0199497824348265,1.21305693503333,0.225251448870691
