"","Estimate","X95..CI.Lower","X95..CI.Upper","p.value"
"ACME",0.790818723673171,0.742134860961393,0.840487881022212,0
"ADE",0.125639822591978,0.115228148699757,0.136670571508426,0
"Total Effect",0.916458546265149,0.863203349658716,0.966435918690495,0
"Prop. Mediated",0.863140896663061,0.84972281621732,0.875079820326065,0
