"","Estimate","Std..Error","t.value","Pr...t.."
"GF",-1.00059204268758,0.0255366757793168,-39.1825487128595,1.25394998820838e-249
"GM",-0.00813436211582515,0.0195701858459126,-0.41565073422765,0.677710231434323
