"","Estimate","Std..Error","t.value","Pr...t.."
"X",0.796550099300012,0.00329896998345572,241.454182152217,0
"GF",-0.2170110750256,0.0068591167802877,-31.6383409084483,2.15948769566227e-178
"GM",-0.0858763080720233,0.00477830737208419,-17.9721188665529,4.6933523232658e-67
"RW",0.0941280247872413,0.00775717751097154,12.1343136281346,9.59857755452287e-33
"GM:RW",-0.00891262859209156,0.00980630324720281,-0.908867324150294,0.363529944187243
