"","Estimate","Std..Error","t.value","Pr...t.."
"GF",-0.986098171372104,0.0255412222754996,-38.6081042142613,4.20807818816853e-244
"GM",0.0122581475921128,0.0195736700807447,0.626256984078401,0.53121793382371
