"","Estimate","Std..Error","t.value","Pr...t.."
"X",0.80127843607898,0.0032230401368978,248.609512151535,0
"GF",-0.203725254414507,0.00691843829298828,-29.4467112066286,1.44324662103538e-158
"GM",-0.0777944685425367,0.00462031136078258,-16.837494806705,1.38306484193179e-59
"RW",0.0805265984607715,0.00762091884394426,10.5665209287407,1.97392818342701e-25
"GM:RW",-0.0109294926071445,0.00958829917100746,-1.13987813815743,0.254473907893755
