"","Estimate","X95..CI.Lower","X95..CI.Upper","p.value"
"ACME",0.800485087624878,0.749352404359646,0.851210615663898,0
"ADE",0.119020531721889,0.108146725082421,0.129548059835644,0
"Total Effect",0.919505619346768,0.868840029879565,0.970410979183684,0
"Prop. Mediated",0.870359364532262,0.857027352930148,0.884143773777602,0
