"","Estimate","X95..CI.Lower","X95..CI.Upper","p.value"
"ACME",0.776771971103394,0.722775012031288,0.823163037400545,0
"ADE",0.120583907233662,0.110162941055186,0.130832278592909,0
"Total Effect",0.897355878337056,0.845333769903995,0.944650972355445,0
"Prop. Mediated",0.865451878860228,0.851774422454099,0.878648501056299,0
