"","Estimate","Std..Error","t.value","Pr...t.."
"GF",-0.971982867538502,0.0258329048251713,-37.6257673736874,1.11014058457479e-234
"GM",-0.00167928780628108,0.0197972027658291,-0.0848244990034452,0.932409414597937
