"","Estimate","Std..Error","t.value","Pr...t.."
"X",0.799466587303646,0.00314037463451666,254.576819757905,0
"GF",-0.212411483794428,0.00659492636790173,-32.2083177195517,1.25576574337885e-183
"GM",-0.0748998894568079,0.0045977074261433,-16.2907037170123,4.08450655222043e-56
"RW",0.101538359812247,0.00747300794057575,13.5873480424034,2.78387980782981e-40
"GM:RW",-0.0269935370522598,0.00944476092879487,-2.8580434439545,0.00430684468541229
