"","Estimate","Std..Error","t.value","Pr...t.."
"X",0.801435143576358,0.00308450432509147,259.826234334293,0
"GF",-0.193115589892685,0.00685785026063577,-28.1597851445042,3.4834276676719e-147
"GM",-0.0837681772762749,0.00463684650613917,-18.0657645590308,1.09471711169477e-67
"RW",0.0745868602977726,0.00770226724123345,9.68375388203593,1.05292946513508e-21
"GM:RW",0.00641290260959795,0.00968044179532076,0.662459704338882,0.507753171776851
