"","Estimate","X95..CI.Lower","X95..CI.Upper","p.value"
"ACME",0.789796545918562,0.738219582865607,0.841902271639757,0
"ADE",0.113526076798759,0.101519218090446,0.124008308619178,0
"Total Effect",0.903322622717321,0.84877851488215,0.959879248674733,0
"Prop. Mediated",0.8741199946803,0.861033919500677,0.887597321232825,0
