"","Estimate","Std..Error","t.value","Pr...t.."
"GF",-1.01047037579585,0.0268546823928746,-37.6273441261759,1.07222819613671e-234
"GM",-0.0248066832609502,0.0205802481812131,-1.20536365949149,0.228205679165724
