"","Estimate","Std..Error","t.value","Pr...t.."
"X",0.803913880966829,0.00317079955633972,253.53664483757,0
"GF",-0.197556430029072,0.00650903591473341,-30.3511046208697,1.09903212266197e-166
"GM",-0.0777075289906223,0.00468119840788984,-16.5999221181592,4.56246725605952e-58
"RW",0.0817272322057162,0.00738994478646716,11.0592480143261,1.23389626395623e-27
"GM:RW",-0.00269938602233403,0.0094020448214197,-0.287106270349223,0.774060767292369
