"","Estimate","Std..Error","t.value","Pr...t.."
"GF",-1.00182233793806,0.0255587835590646,-39.1967925868975,9.14374021993067e-250
"GM",-0.0126554383193088,0.019587128276558,-0.646109942234611,0.518282358478618
