"","Estimate","X95..CI.Lower","X95..CI.Upper","p.value"
"ACME",0.794892134620033,0.743157156398304,0.849239088889323,0
"ADE",0.117827597337412,0.107323937871323,0.128970166642832,0
"Total Effect",0.912719731957445,0.858948617237956,0.967938848058606,0
"Prop. Mediated",0.870922916175139,0.857019852503642,0.883251582787991,0
