"","Estimate","X95..CI.Lower","X95..CI.Upper","p.value"
"ACME",0.768639542910639,0.716091715363353,0.824598259256871,0
"ADE",0.119074307571632,0.10807564353454,0.129797426482879,0
"Total Effect",0.88771385048227,0.834376707730346,0.944862274709586,0
"Prop. Mediated",0.865752449968411,0.852528354039435,0.878837218395999,0
