"","Estimate","Std..Error","t.value","Pr...t.."
"GF",-0.98621072688564,0.0263904838210529,-37.3699373445701,3.10766274822972e-232
"GM",-0.0294617027736759,0.0202245067997403,-1.4567328175367,0.145347276630025
