"","Estimate","Std..Error","t.value","Pr...t.."
"X",0.803763965131245,0.00315396833450683,254.842116307082,0
"GF",-0.215771102008742,0.00689933956489275,-31.274167618404,4.60565062207931e-175
"GM",-0.0758232965064673,0.00465290866458474,-16.2958918758906,3.789816360193e-56
"RW",0.105941097506962,0.00774654665579627,13.6759129214942,9.17187307752646e-41
"GM:RW",-0.033076146077493,0.009729156101276,-3.39969322448789,0.000687893378650784
