"","Estimate","X95..CI.Lower","X95..CI.Upper","p.value"
"ACME",0.768610042264978,0.714634254752629,0.821632648566142,0
"ADE",0.116967472388435,0.106283905269036,0.127968641376081,0
"Total Effect",0.885577514653413,0.832840186706004,0.937294344710644,0
"Prop. Mediated",0.868002099549898,0.853077258130973,0.880842924681788,0
