"","Estimate","Std..Error","t.value","Pr...t.."
"GF",-0.981915839178019,0.0262450808340846,-37.4133288209499,1.19561428157394e-232
"GM",-0.0242145581952532,0.0201130763417546,-1.20392115973745,0.228762662361317
