"","Estimate","Std..Error","t.value","Pr...t.."
"X",0.803863058493889,0.00317814306332961,252.93482466825,0
"GF",-0.201608556553056,0.0068138036689662,-29.5882544240734,7.85189678158013e-160
"GM",-0.0793448034044743,0.00467927861246742,-16.9566315613413,2.36253607103209e-60
"RW",0.0914962317528378,0.00773845166818551,11.8235837963554,3.1667709212375e-31
"GM:RW",-0.00832433760772923,0.00973259074887093,-0.855305418929172,0.392484793223903
