"","Estimate","Std..Error","t.value","Pr...t.."
"X",0.79780069357053,0.00334821052224861,238.276741641305,0
"GF",-0.614630099555282,0.0121530620152104,-50.5740939020989,0
"GM",-0.236945015406847,0.00567984543204885,-41.7168069521526,5.20972719951203e-274
"RW",0.247288214950343,0.00910716713309764,27.1531433799691,1.96259973364226e-138
"GM:RW",-0.00314413245072908,0.0115422206325876,-0.272402733478523,0.785340561016866
