"","Estimate","Std..Error","t.value","Pr...t.."
"GF",-2.98391784464864,0.0296702812192135,-100.569247140009,0
"GM",-0.00137252370462746,0.0227379993613262,-0.0603625535746084,0.951872919057438
