"","Estimate","X95..CI.Lower","X95..CI.Upper","p.value"
"ACME",2.37913876888321,2.31743456114876,2.43763177687578,0
"ADE",0.375486731700409,0.353851548317889,0.397767248825892,0
"Total Effect",2.75462550058362,2.69519251534311,2.81473661619567,0
"Prop. Mediated",0.86364817778057,0.855739777370497,0.871938929812043,0
