"","Estimate","Std..Error","t.value","Pr...t.."
"X",0.795470106866399,0.00324526359452235,245.117255870699,0
"GF",-0.19994853230609,0.00706473638497802,-28.3023344977525,1.95709031974275e-148
"GM",-0.079030278096838,0.00460624136467861,-17.1572160119213,1.18085734565898e-61
"RW",0.0797372598342728,0.00771763826503113,10.3318213546708,2.06161701682979e-24
"GM:RW",-0.00100849800750928,0.00967417241841457,-0.10424643720321,0.916984261785533
