"","Estimate","X95..CI.Lower","X95..CI.Upper","p.value"
"ACME",0.776711532406993,0.731551577589652,0.826852167385339,0
"ADE",0.120174251568151,0.108496314309164,0.131648930196552,0
"Total Effect",0.896885783975144,0.849196129396011,0.948542839438673,0
"Prop. Mediated",0.866022470708071,0.852848341384248,0.879842246145544,0
