"","Estimate","Std..Error","t.value","Pr...t.."
"GF",-0.985972459441925,0.0254903175267235,-38.6802737317121,8.52079243660918e-245
"GM",-0.00944748454281913,0.0195346589188143,-0.48362679799441,0.62870374968378
