"","Estimate","Std..Error","t.value","Pr...t.."
"X",0.796983830827324,0.00322009605082421,247.503123586432,0
"GF",-0.207724320350076,0.00711683318569086,-29.1877461407592,2.92700064492274e-156
"GM",-0.0743899631053304,0.00473210970129248,-15.7202532910453,1.37611325071296e-52
"RW",0.0812904229830881,0.00793057403028305,10.250257128006,4.60867920978276e-24
"GM:RW",-0.00780641695183939,0.00995164269380359,-0.784435011588596,0.432878032160383
