"","Estimate","X95..CI.Lower","X95..CI.Upper","p.value"
"ACME",0.769673784626863,0.719504705538026,0.826190983685994,0
"ADE",0.128593084141614,0.117830893581989,0.139351085249235,0
"Total Effect",0.898266868768477,0.847133970826435,0.95354674098884,0
"Prop. Mediated",0.856869233403552,0.842381072067491,0.870474638032752,0
