"","Estimate","Std..Error","t.value","Pr...t.."
"GF",-0.953951305483079,0.0264038320710145,-36.1292748309176,2.06763486361614e-220
"GM",0.0128766216087637,0.020234736311785,0.63636221447888,0.524613254701716
