"","Estimate","Std..Error","t.value","Pr...t.."
"GF",-0.978819733874247,0.0260532022768745,-37.5700354786357,3.79059104328737e-234
"GM",-0.00537402379013023,0.0199660290495817,-0.269158367784846,0.787835607307633
