"","Estimate","Std..Error","t.value","Pr...t.."
"X",0.800302731402077,0.00324108174696907,246.924574534564,0
"GF",-0.201661731978845,0.00673758273213025,-29.9308728362115,6.68040687621522e-163
"GM",-0.0844754038258798,0.00483720482492615,-17.4636813786709,1.15475855366843e-63
"RW",0.0719802968384791,0.00772793043625583,9.31430444828815,3.13581690067913e-20
"GM:RW",0.0137026218235764,0.00980914133397454,1.39692368139467,0.162591884289975
