"","Estimate","X95..CI.Lower","X95..CI.Upper","p.value"
"ACME",0.779440528026084,0.733816257174658,0.826837200480869,0
"ADE",0.125877967871277,0.113806462541544,0.13699367673041,0
"Total Effect",0.905318495897361,0.857781498913453,0.953171159144254,0
"Prop. Mediated",0.861057338954481,0.847340741205369,0.874419341815458,0
