"","Estimate","Std..Error","t.value","Pr...t.."
"GF",-0.95507596478382,0.0251800971057643,-37.9297967268435,1.360302245138e-237
"GM",0.00183464183593259,0.0192969196240121,0.0950743368205591,0.924265315765195
