"","Estimate","Std..Error","t.value","Pr...t.."
"X",0.803471305460559,0.00330837362514089,242.859905348914,0
"GF",-0.212224927170065,0.00675615020225782,-31.4121090882707,2.5344091129626e-176
"GM",-0.0756463903075664,0.00472608699844706,-16.0061358016522,2.41463204162559e-54
"RW",0.0956780375643156,0.0076717513212762,12.4714727521173,1.98101415177439e-34
"GM:RW",-0.0284824223311779,0.0096930529416465,-2.93843668270936,0.00333658385464437
