"","Estimate","X95..CI.Lower","X95..CI.Upper","p.value"
"ACME",0.767946697553218,0.719480144985575,0.815493120327416,0
"ADE",0.118929443999822,0.107925304881666,0.129796071809543,0
"Total Effect",0.88687614155304,0.838400721375996,0.937877206830942,0
"Prop. Mediated",0.865941037442224,0.851197893116853,0.879418669359048,0
