"","Estimate","Std..Error","t.value","Pr...t.."
"GF",-1.01835369323081,0.0254695871661365,-39.9831252304229,2.3986225714334e-257
"GM",0.0098812458887023,0.019518772081669,0.506243212808568,0.612741775604363
