"","Estimate","X95..CI.Lower","X95..CI.Upper","p.value"
"ACME",0.822083025491691,0.770769484948378,0.87288108185248,0
"ADE",0.119211785787425,0.108255862278309,0.130412479054744,0
"Total Effect",0.941294811279115,0.89003592053436,0.993033712128418,0
"Prop. Mediated",0.873227349561775,0.860319186691134,0.886179101800616,0
