"","Estimate","Std..Error","t.value","Pr...t.."
"X",0.798718729019651,0.00330166815372879,241.913690846733,0
"GF",-0.212502432824292,0.00689947472686109,-30.7997987146726,9.54410255515153e-171
"GM",-0.0796679507773049,0.00479147483422433,-16.6270206008923,3.06779042955074e-58
"RW",0.0987663408433509,0.00771950532178577,12.7943872989653,4.42939588998291e-36
"GM:RW",-0.0218025888308133,0.00977691540682692,-2.23000690131667,0.025857858102994
