"","Estimate","Std..Error","t.value","Pr...t.."
"X",0.80259962474927,0.0031331162944846,256.166560482332,0
"GF",-0.202986582041164,0.00668744533904237,-30.3533818596012,1.04822108431895e-166
"GM",-0.086640575477569,0.00479358435050752,-18.0742778560673,9.5876974203472e-68
"RW",0.0866015328765498,0.00762816719305504,11.3528624484522,5.45050449115963e-29
"GM:RW",-0.00325133749162082,0.00968613264970168,-0.335669312945137,0.73715554473565
