"","Estimate","Std..Error","t.value","Pr...t.."
"GF",-0.977443360396566,0.0266259084570658,-36.7102351445658,6.14754863461259e-226
"GM",-0.022206293648239,0.0204049258926281,-1.08828102415514,0.276602318968203
