"","Estimate","X95..CI.Lower","X95..CI.Upper","p.value"
"ACME",0.766308954178498,0.710929999226605,0.817689443026883,0
"ADE",0.114379608188329,0.102774651670279,0.124868822013927,0
"Total Effect",0.880688562366827,0.826596294654259,0.931445213502376,0
"Prop. Mediated",0.870016611591973,0.856753325843667,0.883414265225098,0
