"","Estimate","Std..Error","t.value","Pr...t.."
"X",0.801669818902563,0.00315389881584773,254.183747073409,0
"GF",-0.211044425993817,0.00690328261614407,-30.5716045146792,1.1165393431759e-168
"GM",-0.0808387092115435,0.0046798645968822,-17.2737282325218,2.0474699169926e-62
"RW",0.0928900037893792,0.00774822837628359,11.9885474818611,4.9967360949122e-32
"GM:RW",-0.00869756110279713,0.00974458744839671,-0.892553035093154,0.372204224478599
