"","Estimate","X95..CI.Lower","X95..CI.Upper","p.value"
"ACME",0.801348427007578,0.749771930390157,0.852482539718998,0
"ADE",0.124718114137447,0.113856803901755,0.136523819527596,0
"Total Effect",0.926066541145026,0.874812749336759,0.979117459729804,0
"Prop. Mediated",0.865430712324085,0.851512662688512,0.878097761833759,0
