"","Estimate","Std..Error","t.value","Pr...t.."
"GF",-1.00077406158398,0.0264587200437765,-37.8239786326842,1.40446880497033e-236
"GM",-0.0003704889793268,0.0202768000414944,-0.0182715703941762,0.985424031558576
