"","Estimate","Std..Error","t.value","Pr...t.."
"GF",-0.972341350231153,0.0258724115873482,-37.5821692132725,2.90137619855e-234
"GM",-0.00252448503374035,0.0198274790118314,-0.127322542227075,0.898697931655284
