"","Estimate","X95..CI.Lower","X95..CI.Upper","p.value"
"ACME",0.774235171630324,0.723704414540193,0.819747217415922,0
"ADE",0.124497695945047,0.113777242597374,0.135555877612428,0
"Total Effect",0.89873286757537,0.8466310585165,0.946215429147796,0
"Prop. Mediated",0.861324713156711,0.847296413527109,0.874844287993324,0
