"","Estimate","Std..Error","t.value","Pr...t.."
"X",0.798187787556443,0.00327053838471612,244.053942704521,0
"GF",-0.205081213985435,0.00703957532495802,-29.1326116304691,9.0481880069813e-156
"GM",-0.0808685324257012,0.00474580981250019,-17.0399859287867,6.82395176874447e-61
"RW",0.0822430043818362,0.00785695300539031,10.4675443935344,5.33899359197422e-25
"GM:RW",0.000297967091060647,0.00988193060360034,0.0301527204564751,0.975948270994797
