"","Estimate","X95..CI.Lower","X95..CI.Upper","p.value"
"ACME",0.797868158380048,0.744849483111073,0.849815966981513,0
"ADE",0.131494436178558,0.120670580854402,0.142672269756663,0
"Total Effect",0.929362594558606,0.87628627567778,0.97941667237295,0
"Prop. Mediated",0.858431112346419,0.844893824904662,0.871888432293951,0
