"","Estimate","Std..Error","t.value","Pr...t.."
"X",0.798356425675897,0.00321394359938608,248.403993719242,0
"GF",-0.205988361216559,0.00679492921471702,-30.3150120784794,2.32678331635129e-166
"GM",-0.0830812969510774,0.00473524721234926,-17.5452924050947,3.33376824113736e-64
"RW",0.0768679025334501,0.00762739530767936,10.0778705485552,2.47699489811877e-23
"GM:RW",0.0135012480200624,0.00965810625010407,1.39791877107553,0.162292863958204
