"","Estimate","Std..Error","t.value","Pr...t.."
"GF",-1.00607774727734,0.0258466322399289,-38.9249066546904,3.78457830654336e-247
"GM",-0.00737368472761691,0.0198077228531073,-0.37226312092004,0.709736433689071
