"","Estimate","Std..Error","t.value","Pr...t.."
"X",0.799697116874777,0.00326195102697966,245.159142568502,0
"GF",-0.197269569174538,0.00694693773229921,-28.3966226237137,2.90451553095982e-149
"GM",-0.0775876059150412,0.00454206941002372,-17.0819947717699,3.64315643556902e-61
"RW",0.078036783245616,0.00774129344278308,10.0805871554148,2.41268479224226e-23
"GM:RW",-0.0035418937640758,0.00966697922447507,-0.366390956453941,0.714112218437657
