"","Estimate","Std..Error","t.value","Pr...t.."
"GF",-0.969879686467439,0.0252323572319036,-38.4379341792582,1.81469037115353e-242
"GM",-0.00316844420732794,0.0193369694875776,-0.163854228004207,0.86986247335546
