"","Estimate","X95..CI.Lower","X95..CI.Upper","p.value"
"ACME",0.772469364578621,0.721727976430961,0.822627560064105,0
"ADE",0.117455117999981,0.106870551278179,0.128131003746708,0
"Total Effect",0.889924482578602,0.838111241814207,0.941852021399718,0
"Prop. Mediated",0.868167569728713,0.852971635083829,0.88134280912801,0
