"","Estimate","Std..Error","t.value","Pr...t.."
"X",0.804264630768088,0.00321391877715895,250.244230340831,0
"GF",-0.606385133775372,0.0116818985312155,-51.908097999228,0
"GM",-0.246704993885249,0.00550665242145937,-44.8012649071226,6.40630961318847e-304
"RW",0.258425553326984,0.00906185518008622,28.5179522505374,2.48432078650412e-150
"GM:RW",-0.0110763748705807,0.0114180200951636,-0.970078417997569,0.33212499862995
