"","Estimate","X95..CI.Lower","X95..CI.Upper","p.value"
"ACME",2.37928312556893,2.32094831482702,2.44170458153778,0
"ADE",0.352634323484742,0.331814822056511,0.374031511145692,0
"Total Effect",2.73191744905368,2.67237676613205,2.79222971694674,0
"Prop. Mediated",0.871004858843042,0.862978630472108,0.878603399049734,0
