"","Estimate","Std..Error","t.value","Pr...t.."
"GF",-2.96551772204983,0.0304649679386243,-97.3418953869983,0
"GM",-0.00643327037629818,0.0233470123324172,-0.275550048318844,0.782922174259582
