"","Estimate","Std..Error","t.value","Pr...t.."
"GF",-0.969203093789642,0.0254361286460769,-38.1034043063439,2.94619356720494e-239
"GM",0.0096857123946175,0.0194931309425734,0.496878229728796,0.619329590442785
