"","Estimate","X95..CI.Lower","X95..CI.Upper","p.value"
"ACME",0.784182250043478,0.733932780864661,0.837259503577653,0
"ADE",0.11773693622022,0.106345649489544,0.129045984314831,0
"Total Effect",0.901919186263698,0.849453140209012,0.955207023728179,0
"Prop. Mediated",0.869491671782064,0.855380458727667,0.882229739117145,0
