"","Estimate","Std..Error","t.value","Pr...t.."
"X",0.801610322406638,0.0033310206546486,240.650060601681,0
"GF",-0.205600896999071,0.00731743607361934,-28.0973957176475,1.22578862768492e-146
"GM",-0.079646260282993,0.00467655088193957,-17.0309833665191,7.80514660194574e-61
"RW",0.0901881894597535,0.00795726348267689,11.3340710227951,6.66909433684189e-29
"GM:RW",-0.0134382878575366,0.00994976518820433,-1.35061356759132,0.176972428516497
