"","Estimate","Std..Error","t.value","Pr...t.."
"GF",-1.06534827251324,0.0262436919675076,-40.5944511859173,2.98246476367092e-263
"GM",0.00647356826537145,0.020112011975458,0.321875716525573,0.747580521645236
