"","Estimate","Std..Error","t.value","Pr...t.."
"X",0.801697900535281,0.00322809311002832,248.350302550055,0
"GF",-0.203003977293358,0.00709351213373743,-28.6182603858322,3.2428134381839e-151
"GM",-0.0865217911603454,0.00479692580470379,-18.0369250396793,1.71490863807337e-67
"RW",0.0842437329291528,0.00780993076052517,10.7867451725639,2.09444363196805e-26
"GM:RW",0.000711306120607208,0.00986550628469102,0.0721003159980741,0.942529301950382
