"","Estimate","X95..CI.Lower","X95..CI.Upper","p.value"
"ACME",0.858672030369718,0.804194991203564,0.914103599988124,0
"ADE",0.116888477468533,0.105021722453479,0.12822034245905,0
"Total Effect",0.975560507838251,0.920467733521066,1.0313196322776,0
"Prop. Mediated",0.880294926484506,0.86699875563932,0.893326019336213,0
