"","Estimate","Std..Error","t.value","Pr...t.."
"X",0.801539637762806,0.00331374695091904,241.883176245701,0
"GF",-0.195408723518728,0.00718762223863338,-27.1868382938113,1.00515444264448e-138
"GM",-0.0875597661306918,0.00477170350171074,-18.3497918718755,1.28124519329815e-69
"RW",0.0804085705414104,0.00794404650437129,10.1218655375651,1.61648602170257e-23
"GM:RW",0.0103295226424185,0.0099785387316821,1.03517387867845,0.300713175531116
