"","Estimate","X95..CI.Lower","X95..CI.Upper","p.value"
"ACME",0.787099669299842,0.736031510198066,0.83804502274515,0
"ADE",0.114103480365507,0.102309770084767,0.124919583002004,0
"Total Effect",0.901203149665349,0.851783478947692,0.951946474470354,0
"Prop. Mediated",0.873498157839643,0.860295723136604,0.887315489090423,0
