"","Estimate","Std..Error","t.value","Pr...t.."
"GF",-1.00148105966537,0.0257571469421073,-38.8816766824498,9.86004889376833e-247
"GM",-0.0205355970691094,0.0197391452542068,-1.04034885019821,0.298303729320772
