"","Estimate","X95..CI.Lower","X95..CI.Upper","p.value"
"ACME",0.769226054488214,0.715200151220305,0.819768731689979,0
"ADE",0.118407443956475,0.107422017100375,0.129308945207163,0
"Total Effect",0.887633498444689,0.836302575276243,0.936082517655674,0
"Prop. Mediated",0.866568785351896,0.852291390326809,0.880323050157192,0
