"","Estimate","Std..Error","t.value","Pr...t.."
"GF",-0.997937393046981,0.025091879321014,-39.7713292129229,2.6525807292926e-255
"GM",-0.0356753454030006,0.0192293133914156,-1.85525841078272,0.0637065273104602
