"","Estimate","Std..Error","t.value","Pr...t.."
"X",0.798996332173561,0.00339104517088148,235.619489540998,0
"GF",-0.204724278059354,0.00704474133212328,-29.0605812772475,3.94768193994809e-155
"GM",-0.0802368121642835,0.00484339617340291,-16.566229416643,7.46836564668802e-58
"RW",0.0904051554112047,0.00781833193898669,11.5632280794312,5.58338900576682e-30
"GM:RW",-0.00951322144087737,0.00989030280536312,-0.961873627945822,0.336229653710385
