"","Estimate","Std..Error","t.value","Pr...t.."
"X",0.79740978063772,0.00330977043412287,240.926008769863,0
"GF",-0.219879626404932,0.00696601449898026,-31.5646237080212,1.02151361122959e-177
"GM",-0.0852364678505289,0.00466784595558908,-18.2603429208006,5.22729807086859e-69
"RW",0.0881995147839788,0.00764555555276963,11.5360504773297,7.50963108781256e-30
"GM:RW",-0.00434488137837516,0.00964145707535865,-0.450645721327711,0.652293879083967
