"","Estimate","X95..CI.Lower","X95..CI.Upper","p.value"
"ACME",0.782085002460375,0.734556232708627,0.832841052337969,0
"ADE",0.131875362447407,0.120226021959876,0.142748861103208,0
"Total Effect",0.913960364907782,0.864267162575164,0.964777996580034,0
"Prop. Mediated",0.855484794552517,0.842721389786422,0.8694669014165,0
