"","Estimate","Std..Error","t.value","Pr...t.."
"GF",-1.00386008995245,0.024992184689454,-40.1669602888319,4.02805979635973e-259
"GM",-0.0210513238674025,0.019152911807892,-1.09911871774652,0.271848707219199
