"","Estimate","X95..CI.Lower","X95..CI.Upper","p.value"
"ACME",0.798895685627089,0.746936759634446,0.851705924707944,0
"ADE",0.124198811499475,0.112503325350509,0.135524336805116,0
"Total Effect",0.923094497126564,0.87261304555987,0.975320621146973,0
"Prop. Mediated",0.865290006081371,0.85196298297801,0.878799991206983,0
