"","Estimate","Std..Error","t.value","Pr...t.."
"X",0.8017191332235,0.00314282481101485,255.0950757464,0
"GF",-0.208169048283744,0.00707340727683532,-29.4298122724357,2.04237580768086e-158
"GM",-0.0800375047518824,0.00464862670132029,-17.2174514957612,4.77806386049704e-62
"RW",0.0925733721777212,0.00775706909005714,11.9340657022612,9.21689947577046e-32
"GM:RW",-0.00648902913431351,0.00973458383224926,-0.666595433984173,0.505107666627112
