"","Estimate","Std..Error","t.value","Pr...t.."
"GF",-1.02025654066136,0.0264971603564893,-38.5043728058014,4.17535496414129e-243
"GM",-0.0239837408998446,0.0203062590075032,-1.18110090543918,0.237703212126091
