"","Estimate","X95..CI.Lower","X95..CI.Upper","p.value"
"ACME",0.76904681148844,0.716276706037881,0.82426261451032,0
"ADE",0.123831000095449,0.113000946841077,0.134982319684536,0
"Total Effect",0.89287781158389,0.839765619182414,0.948203359524683,0
"Prop. Mediated",0.861076386616849,0.846933776820521,0.874539639991348,0
