"","Estimate","Std..Error","t.value","Pr...t.."
"GF",-0.94937242368565,0.0260170448960917,-36.4904018683638,7.62226705246438e-224
"GM",0.0126566150633042,0.0199383196222569,0.634788452742815,0.525639075999112
