"","Estimate","Std..Error","t.value","Pr...t.."
"X",0.798751462230128,0.00326744709769921,244.457351059356,0
"GF",-0.215002859277257,0.00689894087232211,-31.1646183459592,4.59345443571261e-174
"GM",-0.0909155811016717,0.0047796290668246,-19.0214721332073,2.85592750840511e-74
"RW",0.0912159238475808,0.00787454734883793,11.5836402788335,4.46733723263996e-30
"GM:RW",-0.000192992396015787,0.0099173357936861,-0.0194601050151651,0.9844760085725
