"","Estimate","Std..Error","t.value","Pr...t.."
"X",0.799941081896682,0.00332192644987075,240.80637966196,0
"GF",-0.206514332788467,0.00726365751390495,-28.4311770472566,1.44258908223178e-149
"GM",-0.0871516628501286,0.00469946974796167,-18.5449992284618,5.85749940528902e-71
"RW",0.0874902311624471,0.00791787370775903,11.0497128890439,1.36383156388556e-27
"GM:RW",0.000712793608843747,0.00991804502949495,0.0718683577987389,0.942713875558573
