"","Estimate","Std..Error","t.value","Pr...t.."
"GF",-0.998883672512149,0.0254805328963434,-39.2018360281427,8.17632795619834e-250
"GM",-0.0153244726277176,0.0195271604081771,-0.784777320787534,0.432677176955998
