"","Estimate","X95..CI.Lower","X95..CI.Upper","p.value"
"ACME",0.786216371277115,0.738017144354456,0.83846206040685,0
"ADE",0.119866219403553,0.109130397693636,0.13038270798971,0
"Total Effect",0.906082590680668,0.859225295335862,0.956542024898598,0
"Prop. Mediated",0.867833365628172,0.854297404096422,0.881128055923045,0
