"","Estimate","Std..Error","t.value","Pr...t.."
"GF",-1.02290165448432,0.0253936766506919,-40.2817468519846,3.13641635155871e-260
"GM",0.0134287514433467,0.0194605975992991,0.690048256474422,0.490243983165617
