"","Estimate","X95..CI.Lower","X95..CI.Upper","p.value"
"ACME",0.826365174338089,0.775520504092681,0.873787468155835,0
"ADE",0.131269867292188,0.120230266581196,0.141422235836107,0
"Total Effect",0.957635041630277,0.908326511869415,1.00848233660137,0
"Prop. Mediated",0.863058279060714,0.849766702609606,0.87516335382987,0
