"","Estimate","Std..Error","t.value","Pr...t.."
"X",0.79716091730697,0.00326280877322182,244.317388088859,0
"GF",-0.205190731018816,0.00678802039091548,-30.2283610245818,1.40677470186576e-165
"GM",-0.0728774635612053,0.00473350795985359,-15.3960792248165,1.25896154323539e-50
"RW",0.0754310316088167,0.00759590710910211,9.93048368356536,1.02250278324042e-22
"GM:RW",-0.00216294768747239,0.00962478727270553,-0.224726804467273,0.82221482507333
