"","Estimate","Std..Error","t.value","Pr...t.."
"GF",-1.00279661177833,0.0258365368031501,-38.8131203271822,4.50032462344101e-246
"GM",-0.0226430427986012,0.0197999861541075,-1.14358881982874,0.252931196960202
