"","Estimate","Std..Error","t.value","Pr...t.."
"X",0.801781627843433,0.00316504934917845,253.323578683395,0
"GF",-0.204324507650906,0.00682742911072015,-29.9270053686949,7.23659137018047e-163
"GM",-0.0847296825755941,0.00461098020493603,-18.3756335550717,8.52757795085173e-70
"RW",0.08678470538621,0.00756391759366093,11.4735128075617,1.48191766100921e-29
"GM:RW",-0.0048954564576613,0.00953362689546088,-0.513493606508988,0.607662943324258
