"","Estimate","X95..CI.Lower","X95..CI.Upper","p.value"
"ACME",0.785599140708645,0.734269273831687,0.838587377283805,0
"ADE",0.116593293275336,0.105895286070591,0.126867621809442,0
"Total Effect",0.902192433983981,0.85006012917273,0.954451965779857,0
"Prop. Mediated",0.870756675011591,0.85814295532477,0.884107900170643,0
