"","Estimate","Std..Error","t.value","Pr...t.."
"X",0.799603374463479,0.00309445671078435,258.398629936175,0
"GF",-0.625262346531049,0.011659790242481,-53.6255227176372,0
"GM",-0.229925508802685,0.00533443341804674,-43.1021423990095,1.95743336367205e-287
"RW",0.264909479744501,0.00889712103387981,29.774741597393,1.68096230759381e-161
"GM:RW",-0.0418241401811793,0.0111698898166628,-3.74436461484047,0.000185975235967697
