"","Estimate","X95..CI.Lower","X95..CI.Upper","p.value"
"ACME",2.36400146044619,2.30025881714587,2.42705555821709,0
"ADE",0.369545065038483,0.34770374537262,0.389871848666764,0
"Total Effect",2.73354652548467,2.6729990375264,2.7951356081053,0
"Prop. Mediated",0.864968703205147,0.857365528008254,0.872663401356863,0
