"","Estimate","Std..Error","t.value","Pr...t.."
"GF",-2.96991524977295,0.0308654379617827,-96.2213869587812,0
"GM",-0.0112542073085394,0.0236539149553997,-0.475786242140449,0.634278687430377
