"","Estimate","X95..CI.Lower","X95..CI.Upper","p.value"
"ACME",2.46129356571649,2.4011064373178,2.52475592536917,0
"ADE",0.363190238784737,0.341363816405933,0.385943694275361,0
"Total Effect",2.82448380450122,2.76582813201545,2.88557007697654,0
"Prop. Mediated",0.871370596543011,0.862933376003969,0.879416076542602,0
