"","Estimate","Std..Error","t.value","Pr...t.."
"GF",-3.05323470857098,0.0299629856951918,-101.900215807296,0
"GM",0.0150234569477033,0.0229623152058131,0.654265774729021,0.51301589173726
