"","Estimate","Std..Error","t.value","Pr...t.."
"X",0.802322465005446,0.00329540069434904,243.467347197344,0
"GF",-0.60528495292586,0.0124210504895449,-48.7305766477114,0
"GM",-0.238251373446709,0.0056152198605673,-42.4295716575271,6.49028004133515e-281
"RW",0.245768006228533,0.00908160968648093,27.0621635054839,1.19303878614605e-137
"GM:RW",-0.00595881772789182,0.0114863868916132,-0.518772159088831,0.60397717145926
