"","Estimate","X95..CI.Lower","X95..CI.Upper","p.value"
"ACME",0.695961068916008,0.645504508505083,0.750135293819002,0
"ADE",0.123116541531994,0.113194979701315,0.133697366331053,0
"Total Effect",0.819077610448002,0.765530050483757,0.874798985100383,0
"Prop. Mediated",0.849715971737083,0.833853305211223,0.864332719118189,0
