"","Estimate","Std..Error","t.value","Pr...t.."
"GF",-0.907395545738407,0.0263077504586404,-34.4915673107422,6.1730119096937e-205
"GM",-0.035204669053221,0.0201611035873543,-1.74616775816293,0.0809354896608393
