"","Estimate","Std..Error","t.value","Pr...t.."
"X",0.798200506889877,0.00316626759790338,252.095087420414,0
"GF",-0.211475311449015,0.00657017026032681,-32.187188926592,1.96569465360848e-183
"GM",-0.0718459819765367,0.0047744658689926,-15.0479622114664,1.48140101016328e-48
"RW",0.0898007916705297,0.0076267954672583,11.7743804794613,5.46974583334723e-31
"GM:RW",-0.0260121871382292,0.00967509144093448,-2.68857274342379,0.00723551582670539
