"","Estimate","Std..Error","t.value","Pr...t.."
"GF",-3.03685270750781,0.0299638870205369,-101.350425778418,0
"GM",-0.00249261449754728,0.0229630059419396,-0.108549137854586,0.913571004022264
