"","Estimate","X95..CI.Lower","X95..CI.Upper","p.value"
"ACME",2.43805397620387,2.37745687264764,2.49960481510569,0
"ADE",0.35618063066172,0.334090950606642,0.379542003933249,0
"Total Effect",2.79423460686559,2.73505410990745,2.85549094100042,0
"Prop. Mediated",0.872704526354029,0.863821261289052,0.88052122949862,0
