"","Estimate","Std..Error","t.value","Pr...t.."
"X",0.796276591356324,0.00322299153828451,247.061334756142,0
"GF",-0.612482354500346,0.0120948848023112,-50.639784050139,0
"GM",-0.241777642088887,0.00549015728032825,-44.0383817336525,1.61931078089992e-296
"RW",0.239492954145715,0.00895757407532797,26.7363632309059,7.47362215709723e-135
"GM:RW",0.0027121285578139,0.0113055012008411,0.239894588451515,0.810436621420697
