"","Estimate","X95..CI.Lower","X95..CI.Upper","p.value"
"ACME",2.42464282737197,2.36663049779836,2.48085446062555,0
"ADE",0.372433215796751,0.350199972122892,0.392323616763723,0
"Total Effect",2.79707604316872,2.74178456070254,2.85478925336728,0
"Prop. Mediated",0.866900986780251,0.859173869459615,0.874696802709792,0
