"","Estimate","Std..Error","t.value","Pr...t.."
"GF",-3.01421364036978,0.0301125051286564,-100.098401892884,0
"GM",0.0293396727884935,0.0230769003274539,1.27138707418123,0.203738961352772
