"","Estimate","Std..Error","t.value","Pr...t.."
"X",0.797865852748423,0.00321486624244793,248.180108464138,0
"GF",-0.611975401247965,0.0119644282877553,-51.1495732624582,0
"GM",-0.237216910838014,0.00557771588608343,-42.5294001492398,6.99379167861655e-282
"RW",0.227421043065617,0.00905421769904739,25.1176910722551,3.34354104171102e-121
"GM:RW",0.0120297316592098,0.011441592874298,1.05140357565361,0.293200609943679
