"","Estimate","X95..CI.Lower","X95..CI.Upper","p.value"
"ACME",2.40856395901545,2.3503527483228,2.47110098885904,0
"ADE",0.381863618024428,0.359848311215406,0.402847211218877,0
"Total Effect",2.79042757703987,2.73013531282438,2.84768777572657,0
"Prop. Mediated",0.863060152695128,0.855773125734834,0.871138606428631,0
