"","Estimate","Std..Error","t.value","Pr...t.."
"GF",-3.03403919369372,0.0305786614716335,-99.2207980231007,0
"GM",-0.015349713011279,0.023434142058686,-0.655014933887436,0.512533539943505
