"","Estimate","X95..CI.Lower","X95..CI.Upper","p.value"
"ACME",2.34269304577896,2.28171702635557,2.40849020809301,0
"ADE",0.38199562761413,0.36026526381519,0.402558465268739,0
"Total Effect",2.72468867339309,2.66357766397603,2.78761863210541,0
"Prop. Mediated",0.859716035481659,0.852151360205362,0.867887946379733,0
