"","Estimate","Std..Error","t.value","Pr...t.."
"GF",-2.98666812678268,0.0310810844767345,-96.0927901025564,0
"GM",-0.0359507615154065,0.023819176965659,-1.50932005615635,0.131375124651947
