"","Estimate","Std..Error","t.value","Pr...t.."
"X",0.792904476290645,0.00318056232268184,249.296946843686,0
"GF",-0.627329718358982,0.0119506590687791,-52.4933156195437,0
"GM",-0.23462513317809,0.0055350290516253,-42.389142132722,1.59985071133698e-280
"RW",0.247524439930097,0.00919163042467184,26.9293290193327,1.65535197357686e-136
"GM:RW",-0.0165954535444483,0.0115524390240591,-1.43653245084321,0.151007682739962
