"","Estimate","Std..Error","t.value","Pr...t.."
"X",0.799586163113252,0.00304444871593719,262.637422311484,0
"GF",-0.606343544883704,0.0115858724480208,-52.3347333231936,0
"GM",-0.243668543328779,0.00529517396669094,-46.0170987509694,1.02450541242324e-315
"RW",0.233557588663249,0.00876472437360171,26.6474538967473,4.30557293365104e-134
"GM:RW",0.00817671588648418,0.011021247211055,0.741904770839584,0.458232366295006
