"","Estimate","Std..Error","t.value","Pr...t.."
"GF",-3.07715340684799,0.0310260401546633,-99.1797016798962,0
"GM",-0.00034373105140211,0.0237769934167114,-0.0144564556745228,0.988467262294337
