"","Estimate","X95..CI.Lower","X95..CI.Upper","p.value"
"ACME",2.46007761861711,2.3940376534692,2.51940513875678,0
"ADE",0.367129606867531,0.345045946489018,0.38782613631346,0
"Total Effect",2.82720722548464,2.76313873134055,2.88916859922651,0
"Prop. Mediated",0.870072483195148,0.862854446312337,0.878483353756745,0
