"","Estimate","Std..Error","t.value","Pr...t.."
"X",0.799812288815809,0.00331000407803725,241.634834870076,0
"GF",-0.604484246587674,0.0125956487144708,-47.9915136005022,0
"GM",-0.237661882691409,0.00547740853402448,-43.3894753723598,3.19760029188683e-290
"RW",0.236503298102351,0.00916659232508634,25.8005690353556,6.55756029835334e-127
"GM:RW",-0.00660323030266339,0.0114989228211239,-0.574247727842214,0.565864915285576
