"","Estimate","X95..CI.Lower","X95..CI.Upper","p.value"
"ACME",2.4005220594634,2.33653063581601,2.46204952236653,0
"ADE",0.362986125501117,0.341621777978145,0.385590456257658,0
"Total Effect",2.76350818496452,2.69875921951981,2.82292489765025,0
"Prop. Mediated",0.868615636963832,0.859989518055523,0.877011735896389,0
