"","Estimate","Std..Error","t.value","Pr...t.."
"GF",-2.99635946273684,0.029704917380313,-100.870822981069,0
"GM",0.00568050081853838,0.0227645429927511,0.249532829204928,0.802974300350705
