"","Estimate","X95..CI.Lower","X95..CI.Upper","p.value"
"ACME",2.39756746414243,2.33830115350585,2.45977500795922,0
"ADE",0.373451440493613,0.351878997327047,0.394928623756874,0
"Total Effect",2.77101890463604,2.71263997274076,2.83341766963104,0
"Prop. Mediated",0.865078746273875,0.857693810070298,0.873107095374069,0
