"","Estimate","Std..Error","t.value","Pr...t.."
"GF",-3.00802651489722,0.0306653180769899,-98.0921348131825,0
"GM",0.0046011219870352,0.0235005518720171,0.19578782711541,0.844796147492831
