"","Estimate","Std..Error","t.value","Pr...t.."
"X",0.795324413718493,0.00316196730178955,251.528348591198,0
"GF",-0.630371076475694,0.0121193273805336,-52.0137014772135,0
"GM",-0.236351990308333,0.00535784131565122,-44.113286748136,3.03752256632855e-297
"RW",0.262471568559756,0.00911058921030885,28.8095053460168,6.62832851308393e-153
"GM:RW",-0.0322679661314599,0.0113835995830156,-2.83460129602626,0.00463449163066725
