"","Estimate","Std..Error","t.value","Pr...t.."
"GF",-3.00544437863083,0.0300134292715584,-100.136653877099,0
"GM",0.00309509099650859,0.0230009729454795,0.134563481459895,0.892970569830649
