"","Estimate","X95..CI.Lower","X95..CI.Upper","p.value"
"ACME",2.39610771863414,2.33795701125933,2.45908944529311,0
"ADE",0.366107709515433,0.344992865975561,0.388123230696873,0
"Total Effect",2.76221542814957,2.7046829992341,2.82174443577155,0
"Prop. Mediated",0.867433455706273,0.85922122619903,0.875681812291893,0
