"","Estimate","Std..Error","t.value","Pr...t.."
"X",0.796124093833557,0.00325692726413809,244.440243600049,0
"GF",-0.611248031736517,0.0122572117029582,-49.8684404373137,0
"GM",-0.246748978059555,0.00545895085573936,-45.2008059021325,8.5051490065216e-308
"RW",0.245664446774242,0.00910477593852575,26.9819321675719,5.84614786164906e-137
"GM:RW",0.00280815692369075,0.0114321184661628,0.245637493348449,0.805988129290144
