"","Estimate","Std..Error","t.value","Pr...t.."
"GF",-2.96785661788568,0.0306893882011702,-96.7062816121084,0
"GM",-0.00180681066840095,0.02351899815718,-0.0768234538021491,0.938771684186951
