"","Estimate","X95..CI.Lower","X95..CI.Upper","p.value"
"ACME",2.37542875811458,2.3112538032592,2.43449504254216,0
"ADE",0.373395835708289,0.352009011447542,0.394083120271655,0
"Total Effect",2.74882459382287,2.68463958225486,2.80669122673069,0
"Prop. Mediated",0.864036118956117,0.856290591092242,0.872277856756038,0
