"","Estimate","Std..Error","t.value","Pr...t.."
"X",0.800416519684818,0.00321505298556399,248.959044618796,0
"GF",-0.621306244882673,0.0120380681889281,-51.6117897931591,0
"GM",-0.235798899628372,0.00553959226960979,-42.5661110334717,3.08232470357656e-282
"RW",0.259266751449818,0.00915329324935008,28.324969427613,1.23827644702452e-148
"GM:RW",-0.0190043190647013,0.011517544260504,-1.65003221475527,0.0990937640696164
