"","Estimate","X95..CI.Lower","X95..CI.Upper","p.value"
"ACME",2.39901614651719,2.33619677464731,2.46458822994957,0
"ADE",0.370447899399659,0.347872197531281,0.392347405627926,0
"Total Effect",2.76946404591684,2.70928048583309,2.83435941833047,0
"Prop. Mediated",0.866276149179314,0.857994281828229,0.87449795983491,0
