"","Estimate","Std..Error","t.value","Pr...t.."
"X",0.797967253069569,0.00318106457792335,250.849120953871,0
"GF",-0.606983981583025,0.0118839694000697,-51.0758620414712,0
"GM",-0.238949569281919,0.00551936525561103,-43.2929437019957,2.76156576313688e-289
"RW",0.235268901607892,0.00910398420679625,25.8424109998192,2.91428691541209e-127
"GM:RW",0.00518631938462662,0.0114597417708006,0.452568608294591,0.650908615436472
