"","Estimate","Std..Error","t.value","Pr...t.."
"GF",-2.99080959494681,0.0308709067085825,-96.8811711032553,0
"GM",0.0135122021507217,0.0236581059625667,0.571144713448386,0.567965786073454
