"","Estimate","X95..CI.Lower","X95..CI.Upper","p.value"
"ACME",2.46699345845706,2.40246645174034,2.52800433872417,0
"ADE",0.335608824737543,0.314924495730029,0.356987268355488,0
"Total Effect",2.8026022831946,2.73839283137976,2.86064063207999,0
"Prop. Mediated",0.880343497971774,0.872291215827903,0.887806459723972,0
