"","Estimate","Std..Error","t.value","Pr...t.."
"GF",-3.01353384189187,0.0294839712303302,-102.209224746219,0
"GM",0.028088033396531,0.022595219575151,1.24309627986181,0.213978208703685
