"","Estimate","Std..Error","t.value","Pr...t.."
"X",0.811267175645456,0.00327176313277409,247.960241228585,0
"GF",-0.569981924873562,0.0122577189740926,-46.4998362320309,2.13436359003419e-320
"GM",-0.237808065467381,0.00537515436657242,-44.2420904125631,1.70880765936585e-298
"RW",0.236132526162289,0.00899949787207681,26.2384112445817,1.31003453534114e-130
"GM:RW",0.00468422891913313,0.0112881233277308,0.414969679470605,0.678208719621576
