"","Estimate","X95..CI.Lower","X95..CI.Upper","p.value"
"ACME",2.3661267448274,2.30664125178592,2.42652199192062,0
"ADE",0.375242836237859,0.353781794311946,0.396774899585337,0
"Total Effect",2.74136958106526,2.68105231638481,2.80163120985417,0
"Prop. Mediated",0.863264512954655,0.854625753774197,0.870885657823982,0
