"","Estimate","Std..Error","t.value","Pr...t.."
"GF",-2.97556905662569,0.0308492455004519,-96.4551647327034,0
"GM",-0.0115836780580771,0.0236415057647795,-0.489972092866189,0.624207441339271
