"","Estimate","Std..Error","t.value","Pr...t.."
"X",0.798642160376809,0.00320537576544556,249.157109436683,0
"GF",-0.618850540768039,0.0119577518155922,-51.7530845523233,0
"GM",-0.226701757485248,0.00566687518626101,-40.0047204206778,1.84201638356703e-257
"RW",0.256340176527569,0.00905027370894615,28.324024750122,1.2621636633419e-148
"GM:RW",-0.0270409428246758,0.0114795654485615,-2.35557198971014,0.0185905225861909
