"","Estimate","Std..Error","t.value","Pr...t.."
"X",0.795153645281427,0.00319868278150756,248.587840556876,0
"GF",-0.630473834117413,0.0115823040954203,-54.4342325087721,0
"GM",-0.238216515444088,0.00546119962785604,-43.6198146335858,1.86367091383104e-292
"RW",0.263415657839368,0.00875694203108273,30.0807812709477,3.00105893589409e-164
"GM:RW",-0.0279155212303484,0.011091299198019,-2.51688469781198,0.0119175910846619
