"","Estimate","X95..CI.Lower","X95..CI.Upper","p.value"
"ACME",2.38838836926165,2.32662628070042,2.45124054350116,0
"ADE",0.374378249864841,0.352018781906333,0.395805146284517,0
"Total Effect",2.76276661912649,2.7014616886083,2.8256235696695,0
"Prop. Mediated",0.86434546348945,0.856483838207796,0.872884404727614,0
