"","Estimate","Std..Error","t.value","Pr...t.."
"GF",-2.99448764390248,0.0298793223079998,-100.219396311433,0
"GM",0.0119056476878745,0.0228981992633155,0.519938164174692,0.603164273819093
