"","Estimate","Std..Error","t.value","Pr...t.."
"GF",-2.94850643518869,0.0295364960345687,-99.8258707376069,0
"GM",0.0179803176248062,0.0226354722763776,0.794342499474618,0.427090405394209
