"","Estimate","Std..Error","t.value","Pr...t.."
"X",0.806231290121619,0.0033030318171594,244.088260347118,0
"GF",-0.603456009109882,0.0119391039121189,-50.5444976065029,0
"GM",-0.245286945797037,0.0055291136592689,-44.3627968084619,1.15188504264432e-299
"RW",0.258595709337354,0.00899106293580736,28.7614168851475,1.76469252446132e-152
"GM:RW",-0.00540048628375828,0.0113591973609989,-0.475428510671055,0.634533625670411
