"","Estimate","X95..CI.Lower","X95..CI.Upper","p.value"
"ACME",2.39038338410271,2.33114428397495,2.45053493520708,0
"ADE",0.354671612679891,0.333428195830765,0.374584652258423,0
"Total Effect",2.7450549967826,2.68729055112322,2.80393821157083,0
"Prop. Mediated",0.870729878816895,0.862889376921441,0.878906405864966,0
