"","Estimate","Std..Error","t.value","Pr...t.."
"GF",-2.97050394443309,0.0302158230273649,-98.3095493292657,0
"GM",-0.0136160559596996,0.0231560786236586,-0.58801216652409,0.556590580441131
