"","Estimate","Std..Error","t.value","Pr...t.."
"X",0.797350097517932,0.00325487213131016,244.971250897338,0
"GF",-0.610118836156922,0.0120539439907394,-50.6157019333798,0
"GM",-0.241137635816119,0.00552713028325726,-43.6279992433996,1.55227044717576e-292
"RW",0.244557028984104,0.00911667594354387,26.8252409648597,1.29453446190679e-135
"GM:RW",-0.00653985202604978,0.0114766022183319,-0.569842179909614,0.568848904674322
