"","Estimate","X95..CI.Lower","X95..CI.Upper","p.value"
"ACME",2.35643286071121,2.29419799999083,2.41646029623757,0
"ADE",0.365174905198206,0.343652982666031,0.3875670416988,0
"Total Effect",2.72160776590941,2.66165249990724,2.78274904403649,0
"Prop. Mediated",0.865846951864906,0.85740431223284,0.873564999520628,0
