"","Estimate","X95..CI.Lower","X95..CI.Upper","p.value"
"ACME",2.41481233190413,2.35259416574156,2.47644744934471,0
"ADE",0.338986288981814,0.319386629197985,0.359500055183557,0
"Total Effect",2.75379862088594,2.69165008610238,2.81434243075154,0
"Prop. Mediated",0.876770043804455,0.86905022171871,0.884165720008529,0
