"","Estimate","Std..Error","t.value","Pr...t.."
"GF",-3.01010701481337,0.0311793251798657,-96.5417627690405,0
"GM",-0.0129985673016414,0.0238944643223424,-0.543999109010664,0.586502783288553
