"","Estimate","Std..Error","t.value","Pr...t.."
"X",0.805587007738249,0.00317953060825541,253.366646525309,0
"GF",-0.583263233598336,0.0117425849887514,-49.6707696096781,0
"GM",-0.245714001728435,0.00574570609773857,-42.7648051516497,3.65355986774715e-284
"RW",0.246309213784985,0.0090254415906598,27.2905443252642,1.27878786125991e-139
"GM:RW",0.00195192937447803,0.0114974980452365,0.169769924447757,0.865208293158903
