"","Estimate","X95..CI.Lower","X95..CI.Upper","p.value"
"ACME",2.40186676855647,2.34161795727972,2.46271639502609,0
"ADE",0.344102200345979,0.322095962363809,0.36610266449719,0
"Total Effect",2.74596896890245,2.68535841377768,2.80458820824272,0
"Prop. Mediated",0.874720845206482,0.866303793529725,0.882901998665048,0
