"","Estimate","Std..Error","t.value","Pr...t.."
"X",0.805710916433833,0.00329073704712391,244.842083975692,0
"GF",-0.585419125458663,0.0120958525951282,-48.3983349544494,0
"GM",-0.245147049457346,0.00559754189653292,-43.7954827295154,3.68197281223607e-294
"RW",0.240225413450421,0.00938152220848312,25.6062297900015,2.81115941635261e-125
"GM:RW",0.0067074382909635,0.0117661571548244,0.570061932940719,0.568699882248537
