"","Estimate","Std..Error","t.value","Pr...t.."
"GF",-2.96449267604688,0.030555007959038,-97.0214990623165,0
"GM",0.0145603737233874,0.0234160150463292,0.621812622454305,0.53413602902121
