"","Estimate","Std..Error","t.value","Pr...t.."
"GF",-3.08013638866684,0.0300644804197401,-102.451010150984,0
"GM",-0.01196433039574,0.0230400963014793,-0.519283002952198,0.603620919984166
