"","Estimate","Std..Error","t.value","Pr...t.."
"X",0.80223739554119,0.00333261901469337,240.722804498252,0
"GF",-0.591626589641284,0.0124048682599044,-47.6930973586851,0
"GM",-0.239824686876282,0.00564430715143425,-42.4896591276648,1.69785729063367e-281
"RW",0.235934053159969,0.00926582150991362,25.4628316450452,4.45889725483015e-124
"GM:RW",-0.000599079252936978,0.0116817781060337,-0.0512832248223881,0.95910496915414
