"","Estimate","X95..CI.Lower","X95..CI.Upper","p.value"
"ACME",2.46044520526579,2.39321900600194,2.52188336281144,0
"ADE",0.350870758329377,0.327377702733596,0.374385546036391,0
"Total Effect",2.81131596359517,2.75114229571726,2.86936231035115,0
"Prop. Mediated",0.875132458237514,0.866849507478747,0.883724083740719,0
