"","Estimate","X95..CI.Lower","X95..CI.Upper","p.value"
"ACME",2.44172002143212,2.38154614482727,2.50382328022244,0
"ADE",0.365269164567736,0.343332794078593,0.386721142969023,0
"Total Effect",2.80698918599986,2.74619675381513,2.8661333921104,0
"Prop. Mediated",0.869798287256773,0.862198132620056,0.878137866508396,0
