"","Estimate","Std..Error","t.value","Pr...t.."
"X",0.799930778338797,0.00318244650634295,251.357179686902,0
"GF",-0.609758794639808,0.0118749768380444,-51.3482091759787,0
"GM",-0.235583934825587,0.00544032755046676,-43.3032630186714,2.19312666663976e-289
"RW",0.245682912313091,0.0090588226117881,27.1208437168631,3.72599774970221e-138
"GM:RW",-0.0141287461816558,0.0113781184764491,-1.24174714922331,0.214475833169989
