"","Estimate","Std..Error","t.value","Pr...t.."
"GF",-3.00865818800418,0.0305831446893743,-98.3763513713975,0
"GM",0.0446657324713739,0.0234375777997015,1.90573159279039,0.0568284279413833
