"","Estimate","X95..CI.Lower","X95..CI.Upper","p.value"
"ACME",2.37780576556059,2.31597545220137,2.44242870815817,0
"ADE",0.369453295925313,0.348935197338343,0.391517649554069,0
"Total Effect",2.74725906148591,2.68395400603224,2.81192903675176,0
"Prop. Mediated",0.865499421685792,0.857643737833337,0.873644736503868,0
