"","Estimate","Std..Error","t.value","Pr...t.."
"GF",-2.97134958428475,0.0300426612112584,-98.9043401778018,0
"GM",0.000439111079479352,0.023023375019168,0.0190724026826551,0.984785251221903
