"","Estimate","Std..Error","t.value","Pr...t.."
"X",0.799813637718986,0.00323845360956699,246.973936991467,0
"GF",-0.607137769070692,0.0118736907746419,-51.1330285244861,0
"GM",-0.239951784015504,0.00561361317878476,-42.744623894347,5.73288900835457e-284
"RW",0.237522986442215,0.00887543349571263,26.7618462306042,4.52208577231369e-135
"GM:RW",0.00381834542624383,0.0112877452702198,0.338273528932095,0.735192664235396
