"","Estimate","Std..Error","t.value","Pr...t.."
"X",0.801607171869671,0.00330692836691573,242.402339249128,0
"GF",-0.602808514518967,0.0123354763478747,-48.8678748610163,0
"GM",-0.238834851201953,0.00554331054924243,-43.0852374371473,2.85516138895623e-287
"RW",0.251175817310233,0.00906039720245876,27.7223847583713,2.29972594724577e-143
"GM:RW",-0.0152063832142427,0.0114323978769744,-1.33011319041557,0.183633016379906
