"","Estimate","Std..Error","t.value","Pr...t.."
"GF",-3.01754563274088,0.0296674594447317,-101.712303285098,0
"GM",-0.00415867675761857,0.022735836877395,-0.182912851637905,0.854884956748805
