"","Estimate","X95..CI.Lower","X95..CI.Upper","p.value"
"ACME",2.41523736814892,2.35104435928996,2.47573298615471,0
"ADE",0.354263460195414,0.331915913505099,0.376869448021354,0
"Total Effect",2.76950082834434,2.70819537459162,2.82592190724266,0
"Prop. Mediated",0.872227329388707,0.863727510775866,0.880377559086393,0
