"","Estimate","X95..CI.Lower","X95..CI.Upper","p.value"
"ACME",2.4470918584773,2.38618485855771,2.50721972082447,0
"ADE",0.356437836514511,0.333865227953959,0.378565942417937,0
"Total Effect",2.80352969499181,2.74729825162512,2.86130712481399,0
"Prop. Mediated",0.872682851819791,0.86522383244919,0.880602378176676,0
