"","Estimate","Std..Error","t.value","Pr...t.."
"GF",-3.01589484076575,0.0305917777542234,-98.5851448384489,0
"GM",0.034423555697963,0.0234441938011332,1.46831902133052,0.142174995275166
