"","Estimate","Std..Error","t.value","Pr...t.."
"X",0.802575088326297,0.00323039619172088,248.444785312464,0
"GF",-0.615513551032356,0.0121177094044983,-50.7945462699301,0
"GM",-0.244494536631807,0.00558319282040517,-43.7911683326143,4.05451988137554e-294
"RW",0.26936174050516,0.00912551993622934,29.5174129679739,3.37347025536509e-159
"GM:RW",-0.0230031469883354,0.0115144778504488,-1.99775858593873,0.0458783987436125
