"","Estimate","X95..CI.Lower","X95..CI.Upper","p.value"
"ACME",2.41458623388157,2.35512436549695,2.47597579905522,0
"ADE",0.363501685567573,0.340751216203396,0.385798662080534,0
"Total Effect",2.77808791944914,2.71997031027901,2.83609523260433,0
"Prop. Mediated",0.869026675471696,0.860904848409786,0.877779770012926,0
