"","Estimate","Std..Error","t.value","Pr...t.."
"X",0.796755501371586,0.00327787974895301,243.070387687674,0
"GF",-0.602749790247547,0.0123358054597349,-48.8618106223364,0
"GM",-0.240298920245008,0.00559632767387031,-42.9386794785056,7.53090527563561e-286
"RW",0.238946570224587,0.00916205155597405,26.0800289940285,2.87753024797223e-129
"GM:RW",0.00184078895667482,0.011554194697307,0.159317806640722,0.873434619053637
