"","Estimate","Std..Error","t.value","Pr...t.."
"GF",-3.02658014261165,0.0302513161486233,-100.047883131504,0
"GM",0.00163906245465501,0.0231832789916813,0.0707001997104528,0.943643437404239
