"","Estimate","Std..Error","t.value","Pr...t.."
"X",0.803085834961496,0.00323820313762782,248.00353802072,0
"GF",-0.588938154240578,0.0121620868370386,-48.4241037029118,0
"GM",-0.239140526379934,0.00558023689326481,-42.8549057959474,4.88813650889727e-285
"RW",0.2375783512702,0.00931974328668903,25.4919415655496,2.5458484066817e-124
"GM:RW",-0.00126135571923092,0.0116965048460441,-0.107840396411884,0.914133141970897
