"","Estimate","Std..Error","t.value","Pr...t.."
"GF",-2.967308592084,0.0308794502816,-96.0933101147892,0
"GM",0.0243257204223988,0.0236646533813923,1.02793478655074,0.304104929470413
