"","Estimate","X95..CI.Lower","X95..CI.Upper","p.value"
"ACME",2.40457291081093,2.34218890766153,2.47106430519501,0
"ADE",0.348656094382505,0.326714282613652,0.370461919717659,0
"Total Effect",2.75322900519344,2.69124841181784,2.81295083525818,0
"Prop. Mediated",0.873380527396358,0.86492208216884,0.88127645622964,0
