"","Estimate","X95..CI.Lower","X95..CI.Upper","p.value"
"ACME",2.40172646545299,2.3368409245745,2.46127934466271,0
"ADE",0.37620207527985,0.355709548496926,0.397097818991157,0
"Total Effect",2.77792854073284,2.71537643984442,2.83660648929597,0
"Prop. Mediated",0.864634177792189,0.856943711137676,0.872050279280647,0
