"","Estimate","Std..Error","t.value","Pr...t.."
"X",0.796924021329245,0.00316944896411777,251.439297603921,0
"GF",-0.631099021079958,0.011871565887934,-53.1605541372932,0
"GM",-0.244060718191613,0.00541198326523152,-45.0963549276925,8.77377046814538e-307
"RW",0.264408261260285,0.00902906724324147,29.2841169676971,4.06267055398706e-157
"GM:RW",-0.0172721096158766,0.0113332409140045,-1.52402209985083,0.12766168587996
