"","Estimate","Std..Error","t.value","Pr...t.."
"GF",-3.01653030105563,0.0305841050107817,-98.6306547140163,0
"GM",-0.00257855631400769,0.023438313747817,-0.110014583034919,0.912408858047602
