"","Estimate","Std..Error","t.value","Pr...t.."
"GF",-2.95160361088244,0.0296714013253761,-99.4763805900235,0
"GM",-0.00757396406382006,0.0227388577614546,-0.333084631746936,0.739105346824831
