"","Estimate","X95..CI.Lower","X95..CI.Upper","p.value"
"ACME",2.35590945194687,2.29508070519934,2.41918634734984,0
"ADE",0.371781138503908,0.350654599855992,0.394707442937659,0
"Total Effect",2.72769059045078,2.66868806655844,2.79000485867697,0
"Prop. Mediated",0.863848035641965,0.854831909932653,0.872294207882264,0
