"","Estimate","Std..Error","t.value","Pr...t.."
"X",0.800265636079916,0.00337857990103422,236.864499145024,0
"GF",-0.621228421828775,0.0125261106537096,-49.5946777896936,0
"GM",-0.233345081681177,0.00569999071692693,-40.9378002999594,1.79442635494706e-266
"RW",0.255587441985441,0.00920794045144854,27.7572865868429,1.14248396794041e-143
"GM:RW",-0.0250844366502501,0.0116604945517603,-2.15123265474733,0.0315775821295449
