"","Estimate","Std..Error","t.value","Pr...t.."
"GF",-3.09042610851176,0.0306472579110265,-100.83858456387,0
"GM",-0.015970400026817,0.0234867113546621,-0.679975999434542,0.49659843359331
