"","Estimate","X95..CI.Lower","X95..CI.Upper","p.value"
"ACME",2.46616607124471,2.40091559865233,2.53165544659805,0
"ADE",0.343311943742958,0.321634074394535,0.366763411226821,0
"Total Effect",2.80947801498767,2.74955427135305,2.87209186986163,0
"Prop. Mediated",0.877895462647142,0.86895583964898,0.885445189598281,0
