"","Estimate","Std..Error","t.value","Pr...t.."
"X",0.802582446434207,0.00324604140842398,247.249602038773,0
"GF",-0.586863732789503,0.0126138577160004,-46.5253173139158,1.20848456972769e-320
"GM",-0.242422086070225,0.00562619549967513,-43.0881020903421,2.67824018409904e-287
"RW",0.244424058133431,0.00917534862536543,26.6392121011856,5.06369951880988e-134
"GM:RW",-0.00251614930533405,0.0115801979482448,-0.217280336362075,0.828012098710898
