"","Estimate","Std..Error","t.value","Pr...t.."
"X",0.798836173379097,0.00316826540038342,252.136760159809,0
"GF",-0.615110838129642,0.0117793094799135,-52.2196007481214,0
"GM",-0.235007789963782,0.00544273679831863,-43.1782389397151,3.57831453036764e-288
"RW",0.249397070346514,0.00877104608959196,28.4341306383576,1.35880287753795e-149
"GM:RW",-0.0133903852463184,0.0111036353380401,-1.20594605628339,0.227981290868913
