"","Estimate","X95..CI.Lower","X95..CI.Upper","p.value"
"ACME",2.43196829922908,2.37062624488746,2.4916231067278,0
"ADE",0.371994148185154,0.350914634558074,0.394235199137414,0
"Total Effect",2.80396244741424,2.74324736817239,2.86053894949644,0
"Prop. Mediated",0.867403782751422,0.859222794057208,0.875208965164846,0
