"","Estimate","Std..Error","t.value","Pr...t.."
"GF",-3.04286439774165,0.0301392819960856,-100.960082530727,0
"GM",0.00102658891880956,0.0230974209416674,0.0444460410277932,0.964553303840581
