"","Estimate","Std..Error","t.value","Pr...t.."
"GF",-3.04324647016319,0.0300127408944247,-101.398485425518,0
"GM",-0.0236340977271149,0.0230004454035022,-1.02754956751908,0.304286137174328
