"","Estimate","Std..Error","t.value","Pr...t.."
"X",0.802193453178304,0.00333338161956534,240.654549863063,0
"GF",-0.601522670843288,0.0126670610010641,-47.4871535546215,0
"GM",-0.25302427997819,0.00559796794394469,-45.1993084833375,8.79450535678213e-308
"RW",0.243794490462352,0.00930368763783453,26.2040708966768,2.5617245723743e-130
"GM:RW",0.0070054533682535,0.0116918576703054,0.59917367845195,0.549125105954601
