"","Estimate","X95..CI.Lower","X95..CI.Upper","p.value"
"ACME",2.4216443112014,2.36392027805499,2.48644533803013,0
"ADE",0.353449061760811,0.331269284077034,0.37665202422257,0
"Total Effect",2.77509337296221,2.71440112888841,2.8359962691274,0
"Prop. Mediated",0.872858656313582,0.864373657091391,0.880640385055076,0
