"","Estimate","Std..Error","t.value","Pr...t.."
"X",0.79545645989948,0.00320583711649564,248.127534554534,0
"GF",-0.635147466802163,0.0124371236445783,-51.0686783337596,0
"GM",-0.236112272775458,0.00560713003806684,-42.1092914151251,8.23496751301846e-278
"RW",0.264635936585225,0.00929441307330007,28.4725818078218,6.23380446029887e-150
"GM:RW",-0.0271875838410116,0.0116868268497383,-2.32634436965414,0.0200999020532571
