"","Estimate","Std..Error","t.value","Pr...t.."
"GF",-3.01126527432361,0.0312256761680312,-96.4355506064761,0
"GM",0.0370985179915703,0.0239299856823026,1.55029419925672,0.121229292363719
