"","Estimate","X95..CI.Lower","X95..CI.Upper","p.value"
"ACME",2.42577675409443,2.36105682907802,2.48895115980873,0
"ADE",0.381350561108895,0.357290248081949,0.403103778927633,0
"Total Effect",2.80712731520332,2.7434316376803,2.87145560043041,0
"Prop. Mediated",0.864197433647784,0.855939942837232,0.87297302821498,0
