"","Estimate","X95..CI.Lower","X95..CI.Upper","p.value"
"ACME",2.37658293151313,2.31264962164264,2.43907908078032,0
"ADE",0.356321757593103,0.335633522754774,0.378403767251079,0
"Total Effect",2.73290468910623,2.66684583804157,2.79454231483707,0
"Prop. Mediated",0.86982607548956,0.861401302967879,0.877707293548136,0
