"","Estimate","Std..Error","t.value","Pr...t.."
"GF",-2.94797271703242,0.030416840550133,-96.9190969119086,0
"GM",0.016725528790141,0.0233101296173294,0.717521912778501,0.473135998549014
