"","Estimate","Std..Error","t.value","Pr...t.."
"X",0.801859305191388,0.003251930171474,246.579496763281,0
"GF",-0.598725389170642,0.0121124846016556,-49.4304355267297,0
"GM",-0.236336831003364,0.00552487613139031,-42.7768560566608,2.79177765056137e-284
"RW",0.246457701593307,0.00921371311631025,26.749009707826,5.82452845172401e-135
"GM:RW",-0.0089343370994785,0.0115680121211262,-0.772331235991885,0.440009751811743
