"","Estimate","X95..CI.Lower","X95..CI.Upper","p.value"
"ACME",2.38576812026556,2.31978318577029,2.44969253966875,0
"ADE",0.36089238780281,0.341536964408999,0.381791891808926,0
"Total Effect",2.74666050806837,2.68300030171406,2.80988798407303,0
"Prop. Mediated",0.868624519836468,0.860318837887173,0.876268370449386,0
