"","Estimate","Std..Error","t.value","Pr...t.."
"X",0.801619942900427,0.00303989319846797,263.700035022423,0
"GF",-0.603612377697679,0.0115313967003753,-52.3451229180272,0
"GM",-0.235138823144835,0.00552810899333479,-42.5351279123369,6.15453315306918e-282
"RW",0.252283772984605,0.00887495682349384,28.4264789116222,1.58662858614017e-149
"GM:RW",-0.0116411723974445,0.0112450162901741,-1.03522948273686,0.300687219769402
