"","Estimate","Std..Error","t.value","Pr...t.."
"GF",-3.00945374845557,0.0318252984134096,-94.5616820104203,0
"GM",-0.0347331322531993,0.0243895098146058,-1.42410128441364,0.154573308054903
