"","Estimate","X95..CI.Lower","X95..CI.Upper","p.value"
"ACME",2.40845949862963,2.34643042940105,2.47403523029289,0
"ADE",0.377830093510275,0.355153125680865,0.399834982826049,0
"Total Effect",2.7862895921399,2.72440993917767,2.84745805092935,0
"Prop. Mediated",0.86446119255629,0.856216590856378,0.87233558350715,0
