"","Estimate","Std..Error","t.value","Pr...t.."
"GF",-3.01065641949866,0.030411545713841,-98.9971521943537,0
"GM",0.0150585169968403,0.0233060718875311,0.646119906842676,0.518275907007147
