"","Estimate","Std..Error","t.value","Pr...t.."
"X",0.795419972678595,0.00328422380460313,242.194204780973,0
"GF",-0.628127157161773,0.0124020489762785,-50.6470469809622,0
"GM",-0.247692361288754,0.00557853713671859,-44.4009522959727,4.91088884401993e-300
"RW",0.25512343036587,0.00929933781369125,27.4345803407912,7.25405337437956e-141
"GM:RW",-0.00378887590778741,0.0116782162631599,-0.324439608105203,0.745639250442754
