"","Estimate","Std..Error","t.value","Pr...t.."
"X",0.801488807439793,0.00324173961639803,247.240340768129,0
"GF",-0.605079313808879,0.0119660059881697,-50.5665227317364,0
"GM",-0.236175483187627,0.00545608236164733,-43.2866418673929,3.17891820077628e-289
"RW",0.249982129604298,0.00893410495015706,27.9806573796633,1.28649974663264e-145
"GM:RW",-0.010892662863766,0.0112706741651315,-0.966460630852507,0.333930878821751
