"","Estimate","X95..CI.Lower","X95..CI.Upper","p.value"
"ACME",2.41733172221956,2.35366792626836,2.47777456848916,0
"ADE",0.362762261419054,0.339751618904124,0.384838194147326,0
"Total Effect",2.78009398363861,2.71787087716946,2.83659878881277,0
"Prop. Mediated",0.86942211219649,0.861470818626252,0.877851065313452,0
