"","Estimate","Std..Error","t.value","Pr...t.."
"GF",-3.01458604830861,0.0298277992646954,-101.066324791743,0
"GM",0.00220172676479615,0.0228587142676361,0.0963189241099798,0.923276941423878
