"","Estimate","Std..Error","t.value","Pr...t.."
"X",0.799651585885441,0.00317444400927329,251.902879228449,0
"GF",-0.605519032404684,0.0117947841998983,-51.3378644443452,0
"GM",-0.242571513303416,0.00542691636414691,-44.6978536293599,6.45786574420016e-303
"RW",0.245748872524369,0.00887015886372989,27.7051264018773,3.24975419194978e-143
"GM:RW",-0.00143385790811671,0.0111913915750788,-0.128121502897785,0.898065732765535
