"","Estimate","Std..Error","t.value","Pr...t.."
"GF",-2.99240243335418,0.0302572106438027,-98.898820138501,0
"GM",-0.0241502855522347,0.0231877962736928,-1.04150844121543,0.297765644760423
