"","Estimate","X95..CI.Lower","X95..CI.Upper","p.value"
"ACME",2.37364091515939,2.31007910774753,2.43802212055345,0
"ADE",0.362450472743016,0.341213838182201,0.384518760208922,0
"Total Effect",2.7360913879024,2.67085397886392,2.79767924871805,0
"Prop. Mediated",0.867552848903938,0.859542695660301,0.875692191541472,0
