"","Estimate","X95..CI.Lower","X95..CI.Upper","p.value"
"ACME",2.37021690825514,2.30820104665154,2.43299515970101,0
"ADE",0.357974726485946,0.337233101846232,0.379753197611948,0
"Total Effect",2.72819163474109,2.66546955198831,2.79113018885033,0
"Prop. Mediated",0.868622402975603,0.860211271693011,0.876832475688279,0
