"","Estimate","Std..Error","t.value","Pr...t.."
"X",0.803140078009492,0.00320045591795789,250.945521074995,0
"GF",-0.603854113179247,0.0119045493922276,-50.7246509954842,0
"GM",-0.237196296720419,0.00542738047675109,-43.7036426203177,2.8648928099385e-293
"RW",0.254207729458953,0.00908076421362511,27.9940898671866,9.81799346276573e-146
"GM:RW",-0.0135480539284701,0.0113957863978619,-1.18886520468759,0.234634203950313
