"","Estimate","Std..Error","t.value","Pr...t.."
"GF",-2.97128088972971,0.0304284215912331,-97.6482096128765,0
"GM",-0.0175263601954599,0.0233190048181809,-0.751591259237415,0.452385421547939
