"","Estimate","X95..CI.Lower","X95..CI.Upper","p.value"
"ACME",2.32410094998729,2.26027537782474,2.38642769758547,0
"ADE",0.349109531768321,0.328060778335341,0.370329956117385,0
"Total Effect",2.67321048175561,2.61040653098756,2.73372054180056,0
"Prop. Mediated",0.869393151589257,0.860796381554296,0.877315811987194,0
