"","Estimate","Std..Error","t.value","Pr...t.."
"GF",-2.93074265406584,0.0300505119010714,-97.5272123055364,0
"GM",-0.0400409257432815,0.0230293914427615,-1.73868796502075,0.082243698583506
