"","Estimate","Std..Error","t.value","Pr...t.."
"X",0.803484894169311,0.00325021489493727,247.209775396965,0
"GF",-0.596874294376723,0.0118118846561827,-50.5316731199452,0
"GM",-0.240951494265544,0.00552676401495936,-43.5972105219903,3.08786331484098e-292
"RW",0.251291977160365,0.00901432994739888,27.8769446677372,1.03498378382455e-144
"GM:RW",-0.0112706107559253,0.0113783080338503,-0.990534860050844,0.322032879212146
