"","Estimate","Std..Error","t.value","Pr...t.."
"GF",-2.98976327851059,0.030643147720858,-97.5671071962213,0
"GM",-0.0121002339483205,0.0234835614855814,-0.515264005238298,0.606425550029253
