"","Estimate","X95..CI.Lower","X95..CI.Upper","p.value"
"ACME",2.37837240340168,2.31749775663164,2.43964753034854,0
"ADE",0.361938011411453,0.341521691564111,0.383767630156908,0
"Total Effect",2.74031041481313,2.68171341442113,2.79984054379802,0
"Prop. Mediated",0.867751237870652,0.860086297020952,0.875401283805117,0
