"","Estimate","Std..Error","t.value","Pr...t.."
"X",0.798578711550592,0.00315286474298397,253.286701666368,0
"GF",-0.605613562455329,0.0119204592862672,-50.804549381165,0
"GM",-0.235604281528234,0.00548484251130848,-42.9555235255111,5.17028564021766e-286
"RW",0.24448836818519,0.00889052126459475,27.4998912784598,1.97028861805526e-141
"GM:RW",-0.0137202690241852,0.0112337868449459,-1.22133962603696,0.222101764958513
