"","Estimate","Std..Error","t.value","Pr...t.."
"GF",-3.00539648625797,0.0300452740867908,-100.028925599959,0
"GM",-0.0128368724355563,0.0230253774121264,-0.557509751340524,0.5772416510976
