"","Estimate","Std..Error","t.value","Pr...t.."
"X",0.804340954000041,0.00319628976836989,251.648321112718,0
"GF",-0.591246616379992,0.011966748279883,-49.4074582795331,0
"GM",-0.239355676466757,0.00532325114688342,-44.9641900902781,1.68127023586308e-305
"RW",0.237668199817829,0.00899894386774876,26.4106769983983,4.5027296975711e-132
"GM:RW",0.00359817626365091,0.0112604674997099,0.319540575357428,0.749350084922106
