"","Estimate","X95..CI.Lower","X95..CI.Upper","p.value"
"ACME",2.40748588319237,2.34541851527013,2.47187000689599,0
"ADE",0.354432115462244,0.332530079642917,0.376787231158518,0
"Total Effect",2.76191799865461,2.70174387844989,2.82354503055521,0
"Prop. Mediated",0.871641321696673,0.863315235846534,0.879780793419123,0
