"","Estimate","Std..Error","t.value","Pr...t.."
"X",0.796075305542261,0.00327308400366045,243.218721136388,0
"GF",-0.635488584115995,0.0119851877289893,-53.0228310549446,0
"GM",-0.23398189689345,0.00568338853251182,-41.1694353738014,1.0326286270688e-268
"RW",0.253170294167509,0.00923910497173617,27.4020367710937,1.38806747880302e-140
"GM:RW",-0.0221956681242546,0.0116715826775124,-1.90168452193025,0.0573563383539893
