"","Estimate","X95..CI.Lower","X95..CI.Upper","p.value"
"ACME",2.34033999487476,2.27809388072242,2.40156834256391,0
"ADE",0.387340653596447,0.366487700221464,0.409960342372082,0
"Total Effect",2.72768064847121,2.66597239693697,2.78926057391763,0
"Prop. Mediated",0.858122906250414,0.849313477787756,0.865604982094297,0
