"","Estimate","Std..Error","t.value","Pr...t.."
"GF",-2.92287200775717,0.0306268344767364,-95.4350019417558,0
"GM",0.0176643927319135,0.0234710597323396,0.752603117769522,0.451777101610565
