"","Estimate","Std..Error","t.value","Pr...t.."
"X",0.796749980808454,0.00316795516468498,251.502922039518,0
"GF",-0.629847810762421,0.0120370131174962,-52.3259221049544,0
"GM",-0.227073419598121,0.00537566484333115,-42.2409927359627,4.3619284511484e-279
"RW",0.248426853995797,0.00900171498559726,27.597724921671,2.78919401785454e-142
"GM:RW",-0.0207958006457548,0.0112895966046543,-1.84203221549842,0.0656187712999652
