"","Estimate","X95..CI.Lower","X95..CI.Upper","p.value"
"ACME",2.40090650854483,2.33899465706429,2.46425914362043,0
"ADE",0.389635211230564,0.368402465702517,0.412583347245815,0
"Total Effect",2.7905417197754,2.73150792043102,2.85170805508538,0
"Prop. Mediated",0.860380420677799,0.852298480891424,0.868183668124258,0
