"","Estimate","Std..Error","t.value","Pr...t.."
"GF",-3.00550491870314,0.0304538828750137,-98.6903683526361,0
"GM",0.00932703513418055,0.0233385172269129,0.399641290125538,0.689463456265697
