"","Estimate","Std..Error","t.value","Pr...t.."
"X",0.799335758853195,0.00327757895995521,243.879939619858,0
"GF",-0.605522184847376,0.0122037231903428,-49.61782362669,0
"GM",-0.24717946846549,0.00542876999770858,-45.5313945092205,5.27415030002456e-311
"RW",0.238562882366532,0.0092497139136673,25.7913795597542,7.83534116288935e-127
"GM:RW",0.0143818898241635,0.0115548974729066,1.2446575019714,0.2134038677682
