"","Estimate","X95..CI.Lower","X95..CI.Upper","p.value"
"ACME",2.38056943838204,2.31998948621586,2.44783713495854,0
"ADE",0.367091401653792,0.34483746856015,0.388803548135081,0
"Total Effect",2.74766084003583,2.68657170659497,2.81217118723639,0
"Prop. Mediated",0.86644122803594,0.85829250354398,0.874596119822528,0
