"","Estimate","Std..Error","t.value","Pr...t.."
"GF",-3.00380121352554,0.0300082675004926,-100.099121466317,0
"GM",-0.025647557244275,0.0229970171910219,-1.11525581910196,0.264874933587893
