"","Estimate","X95..CI.Lower","X95..CI.Upper","p.value"
"ACME",2.41088785837721,2.3471618458121,2.47043637029786,0
"ADE",0.364455997196384,0.343334815961017,0.386828177899961,0
"Total Effect",2.7753438555736,2.71506756322719,2.83482152865955,0
"Prop. Mediated",0.86878006997184,0.85991630836603,0.876338503838185,0
