"","Estimate","Std..Error","t.value","Pr...t.."
"GF",-3.01038833538778,0.029919061827297,-100.617738375781,0
"GM",0.0164078226553013,0.0229286538841438,0.715603399057285,0.474319891022179
