"","Estimate","Std..Error","t.value","Pr...t.."
"X",0.796790809561894,0.0031601777012229,252.134811676431,0
"GF",-0.608131687244963,0.011708444007386,-51.9395819684781,0
"GM",-0.246109532569637,0.00529009188728654,-46.5227330287215,1.28061815402051e-320
"RW",0.238515902565793,0.00879316799048268,27.1251388377831,3.42159834881906e-138
"GM:RW",0.0036132309576115,0.0110490561965608,0.327017158147515,0.743689214570113
