"","Estimate","X95..CI.Lower","X95..CI.Upper","p.value"
"ACME",2.37244864688734,2.31289403907474,2.43005928579374,0
"ADE",0.368713888083594,0.346309573090786,0.390124373712169,0
"Total Effect",2.74116253497093,2.68561280863772,2.7991808779011,0
"Prop. Mediated",0.865483621417839,0.857127893908978,0.873600975909709,0
