"","Estimate","Std..Error","t.value","Pr...t.."
"GF",-2.97811780768501,0.0299226604800223,-99.5271730491122,0
"GM",-0.008911228860423,0.0229314117334127,-0.388603587254888,0.697610817335692
