"","Estimate","Std..Error","t.value","Pr...t.."
"X",0.798766489655062,0.00328520082080795,243.140840765593,0
"GF",-0.617909579732471,0.012339621075912,-50.0752475243087,0
"GM",-0.232669185198154,0.0055538354726713,-41.8934241648041,1.01526480671867e-275
"RW",0.256037180152919,0.00907050522250113,28.227444213115,8.88913700761674e-148
"GM:RW",-0.0268803813900175,0.0114513355056929,-2.34735777120968,0.0190043565157705
