"","Estimate","Std..Error","t.value","Pr...t.."
"X",0.80298296912309,0.00324320548637793,247.589297839982,0
"GF",-0.597380687161532,0.0124217789863731,-48.0913955897034,0
"GM",-0.238233698182466,0.00548609286247303,-43.4250210768535,1.44552467224044e-290
"RW",0.246217148803436,0.00920550326804866,26.746734169117,6.09177885124514e-135
"GM:RW",-0.00541924738684771,0.0115387336824867,-0.46965702961608,0.638651400541863
