"","Estimate","Std..Error","t.value","Pr...t.."
"GF",-3.03008719943788,0.0303949985767903,-99.6903221358155,0
"GM",0.024003643510973,0.0232933908890294,1.03049159417482,0.302904020870674
