"","Estimate","X95..CI.Lower","X95..CI.Upper","p.value"
"ACME",2.45319037565002,2.38913539970183,2.52570254240989,0
"ADE",0.355648580723495,0.333937742369846,0.376966776103231,0
"Total Effect",2.80883895637352,2.74775053915158,2.87700877012192,0
"Prop. Mediated",0.873323463519058,0.865334389823178,0.881389548572719,0
