"","Estimate","Std..Error","t.value","Pr...t.."
"X",0.797324802565974,0.00316180967009236,252.173560637723,0
"GF",-0.620083509294305,0.01179471046228,-52.573016631257,0
"GM",-0.239128228751511,0.00551394805230971,-43.367878420861,5.17981213402852e-290
"RW",0.239324668785585,0.00893289021122538,26.7914038039828,2.52427579781039e-135
"GM:RW",0.00564823787255589,0.0112958410864525,0.500028092580909,0.617110444106163
