"","Estimate","X95..CI.Lower","X95..CI.Upper","p.value"
"ACME",2.3598828846891,2.29993072996698,2.42563533293797,0
"ADE",0.384709045490108,0.363078269130575,0.405428329639484,0
"Total Effect",2.74459193017921,2.68433751945538,2.80582032899491,0
"Prop. Mediated",0.859847893788074,0.851590240030793,0.868263048007644,0
