"","Estimate","Std..Error","t.value","Pr...t.."
"GF",-2.97144022703813,0.0306992572413175,-96.7919257355493,0
"GM",-0.0113499778021856,0.0235265613557527,-0.482432499614324,0.629551585703987
