"","Estimate","Std..Error","t.value","Pr...t.."
"GF",-3.01966590226304,0.0298402878672612,-101.194261787803,0
"GM",-0.0113943906963784,0.0228682849837025,-0.498261706310673,0.618354435752874
