"","Estimate","X95..CI.Lower","X95..CI.Upper","p.value"
"ACME",2.38915684852036,2.3281807452754,2.45113255169818,0
"ADE",0.380764977805594,0.359550568024101,0.402663766982922,0
"Total Effect",2.76992182632595,2.71006686872466,2.83069567716179,0
"Prop. Mediated",0.862648054990095,0.854139705220635,0.870182858251971,0
