"","Estimate","Std..Error","t.value","Pr...t.."
"X",0.794125512468426,0.00309629437854133,256.476101875862,0
"GF",-0.613540163414689,0.0115733970003716,-53.0129713337399,0
"GM",-0.23767369334393,0.00522467665525356,-45.4906033476622,1.31191565259421e-310
"RW",0.230104273830126,0.00852324994564961,26.9972458038233,4.31720333852853e-137
"GM:RW",0.00757019968254115,0.0107619110431498,0.703425223660414,0.481872874767514
