"","Estimate","Std..Error","t.value","Pr...t.."
"X",0.795971449533983,0.00330103171091522,241.128083351037,0
"GF",-0.638087189696647,0.0122814590352368,-51.9553245152638,0
"GM",-0.241998444105303,0.00569561470052314,-42.4885559908179,1.74017550382608e-281
"RW",0.267037016543071,0.00922759168104146,28.9389719195868,4.73191689491969e-154
"GM:RW",-0.0190871561000817,0.0116682223028516,-1.63582383028621,0.102034205633058
