"","Estimate","Std..Error","t.value","Pr...t.."
"GF",-2.97319563682894,0.0303737597727213,-97.8869807056015,0
"GM",-0.0188603276560286,0.0232771144031481,-0.810251963769094,0.417891869821148
