"","Estimate","X95..CI.Lower","X95..CI.Upper","p.value"
"ACME",2.35149585392291,2.29068293905733,2.4141625144315,0
"ADE",0.383710783760292,0.361382717131682,0.406382869934409,0
"Total Effect",2.7352066376832,2.67727542376607,2.79494337816984,0
"Prop. Mediated",0.859606798822171,0.850857470041786,0.868599239183661,0
