"","Estimate","Std..Error","t.value","Pr...t.."
"GF",-3.01117755559388,0.0296667729896559,-101.500003274499,0
"GM",-0.0324688147823291,0.0227353108083984,-1.42812275829258,0.153412816754167
