"","Estimate","X95..CI.Lower","X95..CI.Upper","p.value"
"ACME",2.35999561648205,2.30022907443571,2.41900626461308,0
"ADE",0.38951435259068,0.368175079743309,0.411081074068273,0
"Total Effect",2.74950996907273,2.69359845843429,2.80626195476923,0
"Prop. Mediated",0.858472974780427,0.84988128211138,0.866439948306128,0
