"","Estimate","Std..Error","t.value","Pr...t.."
"X",0.792456681842899,0.00321758921447673,246.288953940248,0
"GF",-0.636777009272015,0.0120635013092384,-52.7854221547074,0
"GM",-0.247423268058258,0.00534261838091996,-46.3112373778891,1.43844248392804e-318
"RW",0.244164474955052,0.00887740457256924,27.5040382534225,1.81370892110161e-141
"GM:RW",-0.001531681887581,0.0111556009847572,-0.1373016020987,0.890806259012863
