"","Estimate","Std..Error","t.value","Pr...t.."
"GF",-3.009271558144,0.0315294932539204,-95.4430676671223,0
"GM",-0.0340489524369965,0.0241628177425675,-1.40914659870204,0.158947437505329
