"","Estimate","X95..CI.Lower","X95..CI.Upper","p.value"
"ACME",2.40161690662799,2.33503717283311,2.47229987748859,0
"ADE",0.352675326154062,0.331503447652062,0.373487611669829,0
"Total Effect",2.75429223278205,2.69225255914415,2.81739576459113,0
"Prop. Mediated",0.871885361463216,0.863725883504233,0.88001709636281,0
