"","Estimate","Std..Error","t.value","Pr...t.."
"X",0.806850790338155,0.00307136494469104,262.701048187981,0
"GF",-0.610157511982607,0.0118417308148138,-51.5260413806494,0
"GM",-0.240850476879344,0.0054309825249507,-44.347496198495,1.62136583570517e-299
"RW",0.274188638452878,0.00898776744632608,30.506868373075,4.30107789851762e-168
"GM:RW",-0.027058638090846,0.0112984817045775,-2.39489152599003,0.0167170217065716
