"","Estimate","X95..CI.Lower","X95..CI.Upper","p.value"
"ACME",2.40350483689519,2.34259739387199,2.46330650660648,0
"ADE",0.358408963101384,0.337147636598423,0.380316115822641,0
"Total Effect",2.76191379999658,2.70351263320858,2.82011109333581,0
"Prop. Mediated",0.870184628845674,0.862075523758267,0.878049708976079,0
