"","Estimate","Std..Error","t.value","Pr...t.."
"X",0.799836064459123,0.00326885791706699,244.683643263633,0
"GF",-0.610645506755573,0.0121093800187571,-50.4274790129387,0
"GM",-0.24390305845148,0.00548401953070629,-44.4752351967039,9.33980028548667e-301
"RW",0.256119781106288,0.00897969009806524,28.5221180585588,2.28301617533439e-150
"GM:RW",-0.0131798025295609,0.0113240766223719,-1.16387436866356,0.244614100951528
