"","Estimate","Std..Error","t.value","Pr...t.."
"GF",-3.01079278065533,0.0297226242850248,-101.296330760816,0
"GM",-0.00629714607360303,0.0227781127862105,-0.276456005495557,0.782226439596269
