"","Estimate","X95..CI.Lower","X95..CI.Upper","p.value"
"ACME",2.38161848376751,2.31664897186579,2.44342344297275,0
"ADE",0.366253523965935,0.345376296824078,0.387847756399667,0
"Total Effect",2.74787200773344,2.68527555830191,2.80852704884476,0
"Prop. Mediated",0.866761204627916,0.858687221030082,0.874478340020965,0
