"","Estimate","Std..Error","t.value","Pr...t.."
"X",0.798632260425994,0.00325260269840429,245.536370248294,0
"GF",-0.608150650928006,0.0122480762292334,-49.6527486885235,0
"GM",-0.234116855060101,0.00559269707247829,-41.8611721725805,2.08410447552375e-275
"RW",0.2442622507637,0.00916044873956136,26.6648782945317,3.05550296622385e-134
"GM:RW",-0.0121557691774679,0.0115533529990483,-1.05214210787719,0.292861775664139
