"","Estimate","Std..Error","t.value","Pr...t.."
"GF",-2.98937615204623,0.0304729231127474,-98.0994222636853,0
"GM",-0.00826661801859529,0.0233531088281933,-0.353983620742405,0.72338850894784
