"","Estimate","Std..Error","t.value","Pr...t.."
"X",0.799245567584485,0.00311850286048426,256.291433210478,0
"GF",-0.59982693842705,0.0119568095281467,-50.1661364609883,0
"GM",-0.240733337531189,0.00535281969247379,-44.9731826143269,1.37523914695028e-305
"RW",0.236709069025577,0.00888049409593442,26.6549435727844,3.71546266138976e-134
"GM:RW",0.00785173749910495,0.0111633699793224,0.70334831808392,0.481920778428709
