"","Estimate","Std..Error","t.value","Pr...t.."
"GF",-3.04704838649039,0.0306441892890752,-99.4331537945655,0
"GM",0.00433174464662878,0.0234843596976807,0.184452320710135,0.853677346895203
