"","Estimate","X95..CI.Lower","X95..CI.Upper","p.value"
"ACME",2.437012209873,2.36942817962009,2.49941031449371,0
"ADE",0.364175263362123,0.34300320641446,0.387020239291968,0
"Total Effect",2.80118747323512,2.73789362330594,2.85794920481847,0
"Prop. Mediated",0.869986625293394,0.861460415451633,0.877815473218818,0
