"","Estimate","Std..Error","t.value","Pr...t.."
"GF",-2.92511177654478,0.0306940240959193,-95.2990643196135,0
"GM",0.00457714071524152,0.0235225509031438,0.194585218843326,0.845737458187112
