"","Estimate","X95..CI.Lower","X95..CI.Upper","p.value"
"ACME",2.34208516011491,2.27587509909573,2.4090695014281,0
"ADE",0.359145552318154,0.336696320303652,0.381943398507934,0
"Total Effect",2.70123071243307,2.63838767116664,2.7623824490493,0
"Prop. Mediated",0.86692759637152,0.85861463312113,0.875712479598365,0
