"","Estimate","Std..Error","t.value","Pr...t.."
"X",0.799091307437248,0.00321331351922424,248.681400883088,0
"GF",-0.605952253811131,0.0119368403496342,-50.7632033320863,0
"GM",-0.235956989714951,0.00550271433897609,-42.8801088298646,2.78466727239094e-285
"RW",0.259617504282666,0.00919500234436675,28.2346316574589,7.68800502018225e-148
"GM:RW",-0.0170324136206345,0.0115389825658222,-1.47607586054281,0.140081341353536
