"","Estimate","X95..CI.Lower","X95..CI.Upper","p.value"
"ACME",2.32300758401649,2.25855266303747,2.38596340765183,0
"ADE",0.379382067528332,0.358801797001513,0.400958046493072,0
"Total Effect",2.70238965154482,2.63979423372871,2.76219441091961,0
"Prop. Mediated",0.859544397595591,0.851532272303089,0.867777328523556,0
