"","Estimate","Std..Error","t.value","Pr...t.."
"GF",-2.95413871920346,0.0308428001472564,-95.7804967479984,0
"GM",-0.0338082075056089,0.0236365663293979,-1.43033497482078,0.152777262650637
