"","Estimate","Std..Error","t.value","Pr...t.."
"X",0.795706473816323,0.00315069508401329,252.549501807953,0
"GF",-0.624525851183663,0.0118889009302826,-52.5301585778139,0
"GM",-0.237395978240155,0.00547677223348676,-43.3459651268021,8.4502455051187e-290
"RW",0.255494664852507,0.00898869581850257,28.4239972084259,1.66842739708159e-149
"GM:RW",-0.0127445588654001,0.0113275429112649,-1.12509473283266,0.26068423238289
