"","Estimate","X95..CI.Lower","X95..CI.Upper","p.value"
"ACME",0.818772643071184,0.763499766423644,0.877269893328139,0
"ADE",0.12438253948161,0.112148072306584,0.136851317604206,0
"Total Effect",0.943155182552794,0.886548026457883,1.00395471596776,0
"Prop. Mediated",0.868205381606319,0.853129954877416,0.882285078957255,0
