"","Estimate","Std..Error","t.value","Pr...t.."
"GF",-1.01940205504374,0.030401321127959,-33.5315051195664,6.01358159091454e-196
"GM",0.00901466391270868,0.0232982362143355,0.386924736695815,0.69885313344847
