"","Estimate","Std..Error","t.value","Pr...t.."
"GF",-0.974907890525811,0.0299725832566857,-32.5266555163659,1.2899562654694e-186
"GM",0.00347995479912851,0.0229696703550786,0.151502165478796,0.879594897673082
