"","Estimate","X95..CI.Lower","X95..CI.Upper","p.value"
"ACME",0.784266034696148,0.725521302011293,0.842688756981153,0
"ADE",0.116655064942886,0.102256639485003,0.128908246795446,0
"Total Effect",0.900921099639034,0.839388148441361,0.96239754302287,0
"Prop. Mediated",0.87053661984617,0.854779642499152,0.886247555098414,0
