"","Estimate","Std..Error","t.value","Pr...t.."
"X",0.802479004472917,0.00335546780513394,239.155626301974,0
"GF",-0.193872765284719,0.00810966765342408,-23.9063761389608,2.81800845190277e-111
"GM",-0.0829514218778739,0.005658638400747,-14.6592547540983,2.74517217122494e-46
"RW",0.0751831414093341,0.0093165700644933,8.0698305158319,1.20329568751088e-15
"GM:RW",0.00927380499652541,0.0117332973242053,0.790383533313686,0.429397756067698
