"","Estimate","X95..CI.Lower","X95..CI.Upper","p.value"
"ACME",0.760661738546359,0.699166944264115,0.825244001341921,0
"ADE",0.12252829653144,0.110345723530822,0.134831822511484,0
"Total Effect",0.883190035077799,0.81918150689094,0.94677984169258,0
"Prop. Mediated",0.861268917699834,0.845232728132936,0.876640551563575,0
