"","Estimate","Std..Error","t.value","Pr...t.."
"GF",-0.982727645226539,0.0310513222443532,-31.6484959156692,1.56313167715747e-178
"GM",-0.0299825615467878,0.0237963684989687,-1.25996374396737,0.207829585876181
