"","Estimate","Std..Error","t.value","Pr...t.."
"X",0.797893993877283,0.00317601876511204,251.224584263165,0
"GF",-0.200287734830412,0.00783277662143492,-25.5704642823991,5.60512774896232e-125
"GM",-0.0730415590798078,0.00554023492921961,-13.1838378720334,4.06346376411183e-38
"RW",0.0736938554963187,0.00914277550307011,8.06033741849754,1.2973394770829e-15
"GM:RW",-0.00769990264037107,0.0115061186402221,-0.669200699309183,0.503444893229008
