"","Estimate","Std..Error","t.value","Pr...t.."
"X",0.801609318190304,0.00317298493134471,252.6357154336,0
"GF",-0.209135154213064,0.00764277441185804,-27.3637743237041,2.97559291770417e-140
"GM",-0.0803970664769623,0.0054162772692695,-14.8436024376214,2.33809273753563e-47
"RW",0.0922950343636853,0.00876472229850206,10.5302862110599,2.84410049332633e-25
"GM:RW",-0.0105968770509651,0.0110865366262731,-0.955832953805644,0.339272442731412
