"","Estimate","Std..Error","t.value","Pr...t.."
"GF",-0.981867370637006,0.030034618793885,-32.6911880378822,3.87620312352997e-188
"GM",-0.0230757339515428,0.0230172116639996,-1.0025425446139,0.316203028140004
