"","Estimate","X95..CI.Lower","X95..CI.Upper","p.value"
"ACME",0.769241618897382,0.710553630229078,0.822901121665083,0
"ADE",0.122340794145203,0.109571117081997,0.134438205871363,0
"Total Effect",0.891582413042586,0.832634156041676,0.947051332714097,0
"Prop. Mediated",0.862655571031214,0.847124127172185,0.878253690510913,0
