"","Estimate","Std..Error","t.value","Pr...t.."
"GF",-0.996065811189634,0.0298766105711043,-33.3393176852864,3.71702832231118e-194
"GM",0.0171952814432606,0.0228961211073538,0.75101286207548,0.452733356488744
