"","Estimate","Std..Error","t.value","Pr...t.."
"X",0.798697646776702,0.0031899611706034,250.378485524206,0
"GF",-0.208357491114408,0.00779274050232817,-26.7373834727538,7.32482790816276e-135
"GM",-0.0805543826935513,0.00528781221329013,-15.2339719045033,1.17184350634863e-49
"RW",0.0859759617735492,0.00892356195068504,9.63471338560596,1.6633822543512e-21
"GM:RW",-0.00638517059679452,0.011170760710244,-0.571596757142876,0.567659583749483
