"","Estimate","X95..CI.Lower","X95..CI.Upper","p.value"
"ACME",0.809213259809623,0.747715787457034,0.870762980608146,0
"ADE",0.123557581790228,0.110950802264773,0.136533303312427,0
"Total Effect",0.932770841599851,0.869595504185996,0.99450244612529,0
"Prop. Mediated",0.867451925392496,0.852762078310092,0.88200779324911,0
