"","Estimate","X95..CI.Lower","X95..CI.Upper","p.value"
"ACME",0.852894346830239,0.792326054887726,0.907669731357884,0
"ADE",0.113218257256368,0.100142871962676,0.125732004126855,0
"Total Effect",0.966112604086607,0.903875000104853,1.02313808047645,0
"Prop. Mediated",0.882894985725423,0.868132298805856,0.896620870616747,0
