"","Estimate","Std..Error","t.value","Pr...t.."
"GF",-1.03516140506333,0.0296571634460729,-34.9042620662496,8.06703660015251e-209
"GM",0.0239443003850421,0.0227279464765864,1.05351798543299,0.292231041354811
