"","Estimate","Std..Error","t.value","Pr...t.."
"X",0.805439159204557,0.00327654834372092,245.819403442674,0
"GF",-0.209916389270096,0.00764876099916755,-27.4444958200344,5.95226191966701e-141
"GM",-0.0782349826472909,0.00559532245160687,-13.9822116283617,1.88416354479681e-42
"RW",0.0987524134667719,0.00887616855994587,11.1255676139812,6.13687222385628e-28
"GM:RW",-0.0296893578818051,0.0112792458901386,-2.63221124629992,0.0085485209570864
