"","Estimate","Std..Error","t.value","Pr...t.."
"GF",-1.04205065112241,0.0305437398984409,-34.1166685738965,2.03457346304685e-201
"GM",0.00149365516992521,0.0234073796999781,0.0638112932361501,0.94912686904146
