"","Estimate","X95..CI.Lower","X95..CI.Upper","p.value"
"ACME",0.831698460520054,0.769780899248531,0.891886324631779,0
"ADE",0.123248544127802,0.110948874385708,0.135712751618441,0
"Total Effect",0.954947004647856,0.892049239901815,1.0153050537229,0
"Prop. Mediated",0.870764641633788,0.856154375037802,0.885004371561498,0
