"","Estimate","Std..Error","t.value","Pr...t.."
"X",0.799033121407574,0.00327004048863077,244.349611017247,0
"GF",-0.207251098725066,0.00807775087715745,-25.6570302645923,1.05399195653275e-125
"GM",-0.0760217193034758,0.00557260159006464,-13.6420517553263,1.40319646359882e-40
"RW",0.0927049554818008,0.00930123108050397,9.96695541476407,7.21181135193209e-23
"GM:RW",-0.0127712563427651,0.0116689234010907,-1.09446740747063,0.273882154969539
