"","Estimate","X95..CI.Lower","X95..CI.Upper","p.value"
"ACME",0.808669965986056,0.749232080766586,0.867312282429492,0
"ADE",0.126013247567699,0.113881509645345,0.138081498241648,0
"Total Effect",0.934683213553755,0.874656907684123,0.996378720283136,0
"Prop. Mediated",0.865103643932801,0.850139868741559,0.878681239446653,0
