"","Estimate","Std..Error","t.value","Pr...t.."
"GF",-1.02395722346184,0.0308098638358416,-33.2347208321854,3.49741368076456e-193
"GM",-0.00689282151704322,0.0236113253880538,-0.291928614923525,0.77037151158239
