"","Estimate","Std..Error","t.value","Pr...t.."
"X",0.795589176517567,0.00313537721199703,253.74592041856,0
"GF",-0.212395434106756,0.00793889909603634,-26.7537641601716,5.30334929115923e-135
"GM",-0.0823764079421178,0.0053725683831659,-15.3327797930374,3.01497417378424e-50
"RW",0.0902540209553639,0.00902784324695488,9.99729597496134,5.3893640751127e-23
"GM:RW",-0.00667117235177363,0.0113139377994458,-0.589641950488753,0.555497490118204
