"","Estimate","Std..Error","t.value","Pr...t.."
"GF",-1.02303732522881,0.0307363292055801,-33.2843040034552,1.20879509601246e-193
"GM",-0.0174236928645188,0.0235549716796555,-0.739703409601961,0.45956687886776
