"","Estimate","X95..CI.Lower","X95..CI.Upper","p.value"
"ACME",0.804365215831446,0.745263686847404,0.866581540921685,0
"ADE",0.126146279473531,0.113460340190052,0.138678475983561,0
"Total Effect",0.930511495304977,0.870983799647491,0.991262348894025,0
"Prop. Mediated",0.864415130222746,0.84873624907802,0.880063119391933,0
