"","Estimate","Std..Error","t.value","Pr...t.."
"X",0.800949514444414,0.00323510709393181,247.580525524728,0
"GF",-0.215958224856806,0.00796189024699933,-27.1239891730731,3.50055271420352e-138
"GM",-0.0826455214572088,0.00564315157731704,-14.6452776121427,3.3055256796913e-46
"RW",0.0974280536923513,0.00915807662813373,10.6384842198253,9.52585415725453e-26
"GM:RW",-0.0117981253293286,0.0115746067468465,-1.01931111677232,0.308178879900728
