"","Estimate","X95..CI.Lower","X95..CI.Upper","p.value"
"ACME",0.849926095439191,0.795491682781592,0.908311484817586,0
"ADE",0.122773760693177,0.109727460616285,0.13655328403474,0
"Total Effect",0.972699856132368,0.916645819692638,1.03459939514838,0
"Prop. Mediated",0.873921943281271,0.859237588780744,0.887098591819329,0
