"","Estimate","Std..Error","t.value","Pr...t.."
"X",0.802988958539208,0.00324223262565955,247.665436521804,0
"GF",-0.219583905683705,0.00808637792593412,-27.1547913905272,1.89942627371578e-138
"GM",-0.0976288100578066,0.00544127414538995,-17.9422700362417,7.45576635030869e-67
"RW",0.0961357026269293,0.00917697803032241,10.4757472786008,4.91792150519903e-25
"GM:RW",0.00141273629425684,0.0114898605411729,0.122955042769616,0.902155083245156
