"","Estimate","Std..Error","t.value","Pr...t.."
"GF",-1.01135725660161,0.0302300936161208,-33.4553134186222,3.08699574010353e-195
"GM",0.0480949550337553,0.0231670149756135,2.07601001183717,0.0380206319910692
