"","Estimate","X95..CI.Lower","X95..CI.Upper","p.value"
"ACME",0.818935953744562,0.755587580101597,0.879250319847776,0
"ADE",0.121144697629932,0.108296165886962,0.133796623388039,0
"Total Effect",0.940080651374494,0.875216578311602,1.00127589550064,0
"Prop. Mediated",0.871123302433248,0.855257118673786,0.886193958341802,0
