"","Estimate","Std..Error","t.value","Pr...t.."
"GF",-1.02092290187014,0.0302459732892951,-33.7540105621754,5.03457319052026e-198
"GM",0.00484087300965629,0.0231791844591391,0.208845700252738,0.834589983067605
