"","Estimate","Std..Error","t.value","Pr...t.."
"X",0.798302354734714,0.00327441472092064,243.800013979372,0
"GF",-0.200422930561212,0.00783069070334391,-25.5945405270095,3.52257127137331e-125
"GM",-0.0813276216338093,0.00567040845164653,-14.342462686298,1.78591691753565e-44
"RW",0.0837433416731888,0.00907356618457307,9.22937464384948,6.72878169666281e-20
"GM:RW",0.00340903927130742,0.0115070307557903,0.296257074796816,0.767064600348686
