"","Estimate","X95..CI.Lower","X95..CI.Upper","p.value"
"ACME",0.772450963054615,0.710559525324323,0.840329734641385,0
"ADE",0.125174891530942,0.11296579047217,0.137559929571096,0
"Total Effect",0.897625854585557,0.836800556680495,0.962697132462004,0
"Prop. Mediated",0.860241947562113,0.844520246620989,0.874850016539765,0
