"","Estimate","Std..Error","t.value","Pr...t.."
"GF",-0.985015205555642,0.0309321530886654,-31.8443789778276,2.49487969347883e-180
"GM",-0.0194071605164247,0.0237050424961615,-0.818693344235397,0.413059028305614
