"","Estimate","Std..Error","t.value","Pr...t.."
"X",0.799306322603009,0.00305859658170744,261.331071702435,0
"GF",-0.21244754207444,0.00760188732895748,-27.9466838800905,2.54798062507177e-145
"GM",-0.083634907403482,0.00531828360775171,-15.7259209120738,1.27081417094877e-52
"RW",0.0924791531995656,0.00877091106829747,10.5438480084278,2.48105041456412e-25
"GM:RW",-0.00596642014061032,0.0110415028584287,-0.540363048138485,0.589007003282896
