"","Estimate","X95..CI.Lower","X95..CI.Upper","p.value"
"ACME",0.815223885037273,0.759013356766388,0.876363476655906,0
"ADE",0.121822126720135,0.109304897694762,0.133538139934555,0
"Total Effect",0.937046011757408,0.879457153639546,0.997754740905949,0
"Prop. Mediated",0.869953340082795,0.855531376220073,0.884129724390856,0
