"","Estimate","Std..Error","t.value","Pr...t.."
"GF",-1.01629116339035,0.0305179159856299,-33.3014601609394,8.36875906640998e-194
"GM",0.00214750834583266,0.0233875893882967,0.0918225606828588,0.926848223915514
