"","Estimate","Std..Error","t.value","Pr...t.."
"X",0.799189976327512,0.0031885781580318,250.641488688119,0
"GF",-0.204204616409002,0.0077000715390483,-26.5198336630312,5.2912178552331e-133
"GM",-0.0761080611745806,0.00543218666224219,-14.010575465602,1.31017980317719e-42
"RW",0.0797203935185321,0.00903754644502223,8.82102172348349,2.42172756684159e-18
"GM:RW",-0.0100675428775782,0.0113652113954982,-0.885820995953141,0.375820752493432
