"","Estimate","X95..CI.Lower","X95..CI.Upper","p.value"
"ACME",0.788172396155123,0.727148426377924,0.848494728901135,0
"ADE",0.12636252673278,0.112669842349456,0.139765033442726,0
"Total Effect",0.914534922887904,0.853224549474907,0.974257396391688,0
"Prop. Mediated",0.861908395875568,0.845541990662791,0.877781185587905,0
