"","Estimate","Std..Error","t.value","Pr...t.."
"GF",-0.964802206549808,0.0303783300871554,-31.7595537273376,1.49845949818262e-179
"GM",0.0202066874630969,0.0232806168912411,0.86796185674527,0.385519450019849
