"","Estimate","Std..Error","t.value","Pr...t.."
"X",0.800367284025029,0.00323655248297051,247.290068131523,0
"GF",-0.231478800154295,0.00786604135357189,-29.4276103759845,2.13688647832914e-158
"GM",-0.0826347945438099,0.00558130965806702,-14.8056279988645,3.89118969805398e-47
"RW",0.118754924032654,0.00904913923745185,13.1233392388483,8.48656384009462e-38
"GM:RW",-0.0355675017292113,0.0114363211707586,-3.11004747052342,0.00189701732441055
