"","Estimate","X95..CI.Lower","X95..CI.Upper","p.value"
"ACME",0.825453181453201,0.769090460858479,0.885440849597973,0
"ADE",0.119402260037112,0.107055885487631,0.131065590832627,0
"Total Effect",0.944855441490313,0.885796951620127,1.00426532531353,0
"Prop. Mediated",0.873430262258706,0.858789269648408,0.887285435746595,0
