"","Estimate","Std..Error","t.value","Pr...t.."
"GF",-1.02061956254018,0.0301072252908033,-33.8994893312851,2.19706646072838e-199
"GM",0.00901197807663059,0.0230728540918001,0.390587919499452,0.69614349629897
