"","Estimate","Std..Error","t.value","Pr...t.."
"X",0.802429707658555,0.00322853728632631,248.542803286507,0
"GF",-0.205661234024043,0.00779268720270885,-26.3915679757493,6.54755976808529e-132
"GM",-0.0719493576508263,0.00548568485493395,-13.1158386880561,9.29607656829039e-38
"RW",0.0877865150824385,0.00898414591737329,9.77126995596536,4.63200435883108e-22
"GM:RW",-0.0228164438842889,0.01133019451041,-2.01377336137747,0.044167366240892
