"","Estimate","X95..CI.Lower","X95..CI.Upper","p.value"
"ACME",0.760393609933042,0.700467888653831,0.822031894523774,0
"ADE",0.114566506543767,0.101603069519383,0.127899691516304,0
"Total Effect",0.874960116476808,0.814950147983219,0.937475544243063,0
"Prop. Mediated",0.868930831131986,0.852486919087549,0.884104871055164,0
