"","Estimate","Std..Error","t.value","Pr...t.."
"GF",-0.95517845193901,0.0301809302592625,-31.6484098976991,1.56597150562535e-178
"GM",-0.00334203374280938,0.0231293383399058,-0.144493270568111,0.885125542863545
