"","Estimate","Std..Error","t.value","Pr...t.."
"X",0.797957761647363,0.00322129337330178,247.713470701201,0
"GF",-0.212830034990086,0.00768687056026347,-27.6874748080564,4.62811321222046e-143
"GM",-0.0907907668188159,0.00549879899235681,-16.5110175776588,1.67201715544664e-57
"RW",0.100374721000472,0.00897150483559821,11.1881699714626,3.16354634675114e-28
"GM:RW",-0.0120963343539417,0.0113259830398787,-1.06801628709408,0.285642380632013
