"","Estimate","X95..CI.Lower","X95..CI.Upper","p.value"
"ACME",0.837964297980025,0.781446881912226,0.894829034332809,0
"ADE",0.121713669075046,0.108570132970243,0.133978844644982,0
"Total Effect",0.959677967055071,0.901705013182956,1.01679547128025,0
"Prop. Mediated",0.873211441525638,0.85890118067486,0.887089759749025,0
