"","Estimate","Std..Error","t.value","Pr...t.."
"GF",-1.0082089173835,0.0303141017576417,-33.2587429257851,2.09042624738784e-193
"GM",0.0378348022185999,0.0232313951226751,1.62860654811347,0.103553988673665
