"","Estimate","Std..Error","t.value","Pr...t.."
"X",0.801210523649419,0.00328011736973852,244.262760546672,0
"GF",-0.201271265820569,0.00781848417875752,-25.7430035309676,1.99914149349073e-126
"GM",-0.0821854851176465,0.00568026211193012,-14.4686078737519,3.41676871318978e-45
"RW",0.0818397145394554,0.00912148803445319,8.97218899266599,6.53763307947367e-19
"GM:RW",0.00433059310191713,0.0115577372702464,0.374692121879736,0.707929276435736
