"","Estimate","X95..CI.Lower","X95..CI.Upper","p.value"
"ACME",0.765909824090022,0.708451226747629,0.827315583364967,0
"ADE",0.120538963145035,0.107400903825039,0.133418379477478,0
"Total Effect",0.886448787235057,0.828153535193157,0.945123293158575,0
"Prop. Mediated",0.864047471707183,0.846470847288082,0.879315279035363,0
