"","Estimate","Std..Error","t.value","Pr...t.."
"GF",-0.998081637913691,0.0302247780017356,-33.0219675345962,3.3209690692695e-191
"GM",-0.0396222174561508,0.0231629413223979,-1.71058661785053,0.0873126862719225
