"","Estimate","Std..Error","t.value","Pr...t.."
"X",0.797305982411957,0.00323515367716794,246.450729076314,0
"GF",-0.211807295146831,0.0076907722663263,-27.5404455901289,8.76479559696767e-142
"GM",-0.0867748195935437,0.00562426061085739,-15.4286626451891,8.02246189799649e-51
"RW",0.0920378142961327,0.00893712838167056,10.2983654665738,2.86950205879183e-24
"GM:RW",-0.00752792632218115,0.011352605791656,-0.663101182260204,0.507342360787992
