"","Estimate","X95..CI.Lower","X95..CI.Upper","p.value"
"ACME",0.879138808950973,0.820234665565734,0.937346119326451,0
"ADE",0.130892958381129,0.117557555998381,0.144069903915367,0
"Total Effect",1.0100317673321,0.951073926686106,1.06762805532686,0
"Prop. Mediated",0.870369012805149,0.855462792329691,0.88418500752787,0
