"","Estimate","Std..Error","t.value","Pr...t.."
"GF",-1.0940625325977,0.0294635115886599,-37.1327948912509,5.7294711440921e-230
"GM",0.0127724780240967,0.0225795402050838,0.565665992668044,0.571684374744498
