"","Estimate","Std..Error","t.value","Pr...t.."
"X",0.79399403110893,0.00333533160404189,238.055499533161,0
"GF",-0.211266554564518,0.00826637207246039,-25.5573488239607,7.21829737693816e-125
"GM",-0.0815409724328134,0.0054530653580184,-14.9532358552997,5.34164370959127e-48
"RW",0.0867559550486563,0.00919935996027529,9.43065120000589,1.09067958486523e-20
"GM:RW",0.00202236122016159,0.0115183453935068,0.175577407263864,0.860643771435933
