"","Estimate","X95..CI.Lower","X95..CI.Upper","p.value"
"ACME",0.810439137028459,0.744771690116739,0.871230250465355,0
"ADE",0.115441188002042,0.102859956574854,0.1282699047881,0
"Total Effect",0.925880325030501,0.856492919353043,0.991094654770788,0
"Prop. Mediated",0.875280596760464,0.859512890275942,0.889608854838877,0
