"","Estimate","Std..Error","t.value","Pr...t.."
"GF",-1.00490288741666,0.0307228480777129,-32.7086500859155,2.67128698127875e-188
"GM",0.00664127150371551,0.0235446403358246,0.282071478221326,0.777917916350931
