"","Estimate","Std..Error","t.value","Pr...t.."
"X",0.799036156152895,0.0031499360216717,253.667423927182,0
"GF",-0.200209054674238,0.00765671000740574,-26.1481830290806,7.62318610036725e-130
"GM",-0.0806162177155552,0.00549134869280037,-14.6805861775359,2.06697059778433e-46
"RW",0.0809010273208763,0.00891286564308174,9.07688173036385,2.60896260448962e-19
"GM:RW",-0.00645416073400677,0.0112648432670358,-0.572947228914716,0.566744993359801
