"","Estimate","Std..Error","t.value","Pr...t.."
"GF",-0.998677491116074,0.00118867328216439,-840.161469178175,0
"GM",-0.000138051289557011,0.000910946955001451,-0.15154701247867,0.879559528002639
