"","Estimate","X95..CI.Lower","X95..CI.Upper","p.value"
"ACME",0.798616046056312,0.792181922180616,0.806337347956434,0
"ADE",0.120269995051917,0.113214842793883,0.126621531040359,0
"Total Effect",0.918886041108229,0.916505100134935,0.921254354528841,0
"Prop. Mediated",0.868979778462787,0.862191218040198,0.876815321340624,0
