"","Estimate","Std..Error","t.value","Pr...t.."
"X",0.799925181338944,0.00326545751036189,244.965729549576,0
"GF",-0.199956506087853,0.00327183371192635,-61.1145075493843,0
"GM",-0.0799065242487532,0.000217679925431566,-367.082651697591,0
"RW",0.0797476615975855,0.000360359950652553,221.300012537952,0
"GM:RW",0.000171891967902987,0.000453230508624952,0.379259481945484,0.704535546822014
