"","Estimate","Std..Error","t.value","Pr...t.."
"GF",-0.999244073823108,0.00116835217849843,-855.259306408224,0
"GM",-0.000822246480012833,0.000895373754371363,-0.918327654790516,0.358558196019107
