"","Estimate","Std..Error","t.value","Pr...t.."
"X",0.801902709509839,0.00320790619780481,249.976981888868,0
"GF",-0.198204519441817,0.00322539712856039,-61.4511985785398,0
"GM",-0.0801145099086228,0.00020989727765693,-381.684368672791,0
"RW",0.0799894653892768,0.000348223722416716,229.707111376962,0
"GM:RW",0.000192256332916902,0.000437562973972108,0.439379802115425,0.660433945724577
