"","Estimate","X95..CI.Lower","X95..CI.Upper","p.value"
"ACME",0.800591885099164,0.794023308837347,0.807033218326168,0
"ADE",0.118237655653418,0.112417279893333,0.124194092153742,0
"Total Effect",0.918829540752583,0.916201615670703,0.921349239204616,0
"Prop. Mediated",0.871376018489718,0.86476803151616,0.877776378459885,0
