"","Estimate","X95..CI.Lower","X95..CI.Upper","p.value"
"ACME",0.801855823925965,0.795243278522443,0.808880154702978,0
"ADE",0.117796241916272,0.111189665359564,0.123827471473314,0
"Total Effect",0.919652065842237,0.917427926193899,0.922018189056346,0
"Prop. Mediated",0.871809762094373,0.865288719124661,0.87915065078414,0
