"","Estimate","Std..Error","t.value","Pr...t.."
"GF",-1.00015640806106,0.00114592583215203,-872.793316983512,0
"GM",-0.000708464546895087,0.000878187188287484,-0.806735234063975,0.419915056414395
