"","Estimate","Std..Error","t.value","Pr...t.."
"X",0.802231188488158,0.00331294111372136,242.150753952589,0
"GF",-0.197568334378621,0.00332046808362468,-59.5001455827733,0
"GM",-0.0796577900792285,0.000216164668809002,-368.505133230687,0
"RW",0.0798379964779982,0.000348818276660585,228.881345445336,0
"GM:RW",-5.96135101795983e-05,0.000441567399952837,-0.135004328186287,0.892622071220162
