"","Estimate","X95..CI.Lower","X95..CI.Upper","p.value"
"ACME",0.798451230946005,0.791843317490384,0.805036901150894,0
"ADE",0.121256355949443,0.11486039898626,0.127442130332376,0
"Total Effect",0.919707586895448,0.917453968828306,0.922131769974064,0
"Prop. Mediated",0.868116275643805,0.861392016273111,0.875050726427937,0
