"","Estimate","Std..Error","t.value","Pr...t.."
"GF",-1.00034141550528,0.00116178312909252,-861.039715980946,0
"GM",-0.000339126402553643,0.000890339523650981,-0.380895594933269,0.703321215437305
