"","Estimate","Std..Error","t.value","Pr...t.."
"X",0.798418771968624,0.00318831583546771,250.420225965945,0
"GF",-0.201024067030031,0.00320552663560842,-62.7117132008717,0
"GM",-0.0800124079803688,0.000207490308303863,-385.619977310907,0
"RW",0.0794000666540609,0.000344209385052036,230.673741339324,0
"GM:RW",0.000442086240718092,0.000432729025327967,1.02162372949915,0.307082888524076
