"","Estimate","Std..Error","t.value","Pr...t.."
"X",0.79604247956396,0.00314802999733537,252.870042610066,0
"GF",-0.204324737219741,0.00316366937755533,-64.5847314733087,0
"GM",-0.0800869406591356,0.000209338359460002,-382.571741107189,0
"RW",0.0804919481217537,0.000339042571281937,237.409561334465,0
"GM:RW",-0.000259927091206242,0.000428663062603024,-0.60636689717993,0.544340133925979
