"","Estimate","X95..CI.Lower","X95..CI.Upper","p.value"
"ACME",0.795691487320936,0.788730418356578,0.802599779306826,0
"ADE",0.124094199507356,0.11755959311546,0.130477837080698,0
"Total Effect",0.919785686828292,0.917398578375468,0.922096926883695,0
"Prop. Mediated",0.865004952969566,0.857951573362866,0.872218854995452,0
