"","Estimate","Std..Error","t.value","Pr...t.."
"GF",-1.00067512981029,0.00117019466446927,-855.135611359271,0
"GM",-0.00106294261121323,0.000896785754632458,-1.18528043707482,0.236047538716176
