"","Estimate","Std..Error","t.value","Pr...t.."
"GF",-0.999352782100266,0.00118681896155068,-842.043154412136,0
"GM",0.000239615373297355,0.000909525885190259,0.263450856318654,0.792230262960126
