"","Estimate","Std..Error","t.value","Pr...t.."
"X",0.800725639320038,0.00307702578049663,260.227146745193,0
"GF",-0.199716807035043,0.00309009643727803,-64.6312537776224,0
"GM",-0.0800556040236624,0.000206774311664329,-387.164166473551,0
"RW",0.0801616012265488,0.00033679857042204,238.010515086507,0
"GM:RW",4.01483722748373e-05,0.000425244309883269,0.0944124855800145,0.92479097912621
