"","Estimate","X95..CI.Lower","X95..CI.Upper","p.value"
"ACME",0.800415991479247,0.793900386386787,0.806748334807782,0
"ADE",0.119641233990183,0.113847500169608,0.12565211723497,0
"Total Effect",0.920057225469429,0.917803569810027,0.922331049073943,0
"Prop. Mediated",0.869980927155774,0.863459809010787,0.876383929313522,0
