"","Estimate","Std..Error","t.value","Pr...t.."
"X",0.800307993214421,0.00324837122013646,246.372085879027,0
"GF",-0.199746691993597,0.00326071589642144,-61.2585390259897,0
"GM",-0.0802437187331689,0.000211008880132701,-380.285979825611,0
"RW",0.0801623319176722,0.000350621977430801,228.628942501167,0
"GM:RW",-0.000111415753583574,0.000440599617923909,-0.252873014526345,0.80039239539624
