"","Estimate","X95..CI.Lower","X95..CI.Upper","p.value"
"ACME",0.800582483482568,0.793888943532664,0.807438632955374,0
"ADE",0.11939731976819,0.112833926426092,0.125779591449022,0
"Total Effect",0.919979803250758,0.917732282218292,0.922376180507188,0
"Prop. Mediated",0.8703443553879,0.8631954169481,0.877397149782638,0
