"","Estimate","Std..Error","t.value","Pr...t.."
"GF",-1.00009405140871,0.00116060922675479,-861.697484695259,0
"GM",0.000232889575426984,0.000889439896498537,0.261838462996546,0.793472973926307
