"","Estimate","X95..CI.Lower","X95..CI.Upper","p.value"
"ACME",0.801259269397423,0.794563428934576,0.808152162913859,0
"ADE",0.117929332721191,0.111276296722705,0.124217218029048,0
"Total Effect",0.919188602118613,0.916809119736597,0.921570758836959,0
"Prop. Mediated",0.871658767409034,0.864873757792834,0.878994861788118,0
