"","Estimate","Std..Error","t.value","Pr...t.."
"GF",-0.999311659879857,0.00116161714000492,-860.276269576757,0
"GM",-0.000554762775048376,0.000890212316910343,-0.623180295880189,0.533237174927707
