"","Estimate","Std..Error","t.value","Pr...t.."
"X",0.802351025015007,0.00318799204100036,251.679117982753,0
"GF",-0.197965792193847,0.00320238379931303,-61.8182593342853,0
"GM",-0.079861738106343,0.000210121251836424,-380.074539859081,0
"RW",0.0799868560625879,0.000341074933183396,234.51402692082,0
"GM:RW",-0.000408313612778254,0.000431011369046604,-0.947338381540706,0.34358111000782
