"","Estimate","X95..CI.Lower","X95..CI.Upper","p.value"
"ACME",0.799744813369351,0.793343700956273,0.806157590152127,0
"ADE",0.120588899432912,0.11432457343051,0.127069758168582,0
"Total Effect",0.920333712802263,0.917874060003631,0.922750543963661,0
"Prop. Mediated",0.86903143441994,0.862024463504539,0.875630139811884,0
