"","Estimate","Std..Error","t.value","Pr...t.."
"GF",-1.00000470877922,0.00116014172302079,-861.967713888779,0
"GM",8.54200803047884e-05,0.000889081622186049,0.0960767585036342,0.923469245147926
