"","Estimate","Std..Error","t.value","Pr...t.."
"X",0.799728368311193,0.00313250533036194,255.299922576282,0
"GF",-0.200374237741417,0.00313984013081404,-63.8167006577714,0
"GM",-0.0800681671422848,0.00020576011777435,-389.133560032721,0
"RW",0.0796691171239455,0.000335130705602696,237.725507666238,0
"GM:RW",0.000429262346199455,0.000423251889326431,1.01420066164995,0.310609995919251
