"","Estimate","Std..Error","t.value","Pr...t.."
"GF",-1.0014721926832,0.00114129829879719,-877.485048158442,0
"GM",0.000269100020889345,0.000874640850128783,0.307669165977924,0.758366151693875
