"","Estimate","Std..Error","t.value","Pr...t.."
"X",0.806273963324105,0.00320017579838304,251.946772340286,0
"GF",-0.19393169984044,0.00321327321410826,-60.3533179155011,0
"GM",-0.0801205105938288,0.000206366345018495,-388.244074326402,0
"RW",0.0802180307837422,0.000337323205186174,237.807626485313,0
"GM:RW",-1.09368113797483e-05,0.000425611604157613,-0.0256966945283244,0.979501830356488
