"","Estimate","X95..CI.Lower","X95..CI.Upper","p.value"
"ACME",0.807829576311394,0.801710135500013,0.814211460424243,0
"ADE",0.113672074515004,0.10740333782108,0.119902187677916,0
"Total Effect",0.921501650826397,0.919256764973384,0.923936447326089,0
"Prop. Mediated",0.876646707753601,0.869943955412808,0.883488941380042,0
