"","Estimate","X95..CI.Lower","X95..CI.Upper","p.value"
"ACME",0.803270854234077,0.796687882616924,0.810092908014001,0
"ADE",0.116658245166935,0.110572492664392,0.122808714350674,0
"Total Effect",0.919929099401013,0.917603489979105,0.92219358560611,0
"Prop. Mediated",0.873192515862638,0.866639873458293,0.8798147065101,0
