"","Estimate","Std..Error","t.value","Pr...t.."
"GF",-0.999845328267128,0.00118278248456917,-845.333221713478,0
"GM",0.000126534941661596,0.000906432506656048,0.139596650310348,0.888992756986927
