"","Estimate","Std..Error","t.value","Pr...t.."
"X",0.803415237566144,0.00309029869793729,259.979800044057,0
"GF",-0.19688557181908,0.00310805318795914,-63.3469120096886,0
"GM",-0.0798014392640415,0.000207545934214568,-384.500132782848,0
"RW",0.0804529392521822,0.000336374657557315,239.176577202382,0
"GM:RW",-0.000900372422938102,0.000425134054929005,-2.11785532704139,0.0343106989690164
