"","Estimate","Std..Error","t.value","Pr...t.."
"X",0.798195584549528,0.00319377290159072,249.922461347196,0
"GF",-0.202473578218302,0.00320841559696146,-63.1070296535321,0
"GM",-0.0801123514346093,0.00020999427111078,-381.497795205789,0
"RW",0.0805067437208316,0.000341105403310889,236.017204475229,0
"GM:RW",-0.000511339540672356,0.00043093861945868,-1.18657163127935,0.23553791353551
