"","Estimate","Std..Error","t.value","Pr...t.."
"GF",-1.00187208916274,0.00115885954287923,-864.532803236494,0
"GM",-0.00230818275201569,0.000888099015684126,-2.59901509995216,0.00941795645458813
