"","Estimate","X95..CI.Lower","X95..CI.Upper","p.value"
"ACME",0.797838536563149,0.790882524599541,0.804551269486872,0
"ADE",0.122046383210365,0.115993830581972,0.128659142051486,0
"Total Effect",0.919884919773514,0.917301748563065,0.922226112034307,0
"Prop. Mediated",0.867413647661497,0.860043441713937,0.873867451266615,0
