"","Estimate","X95..CI.Lower","X95..CI.Upper","p.value"
"ACME",0.801525054691501,0.794441542540347,0.807995902987862,0
"ADE",0.118472223480539,0.112017713174558,0.125187451222469,0
"Total Effect",0.91999727817204,0.917747800756895,0.922335794175178,0
"Prop. Mediated",0.871147392789499,0.863946817333665,0.878069994199178,0
