"","Estimate","Std..Error","t.value","Pr...t.."
"GF",-0.999775551610744,0.0011609958877704,-861.136169509383,0
"GM",0.000197712558213685,0.000889736216505104,0.222214803158517,0.824169382091344
