"","Estimate","Std..Error","t.value","Pr...t.."
"X",0.801425141504396,0.00324443925352612,247.014993618202,0
"GF",-0.198798730686937,0.00325021494622634,-61.1647949369478,0
"GM",-0.0798594575538606,0.000211207214116859,-378.109516229285,0
"RW",0.0803164087652977,0.000349747057187387,229.641414029871,0
"GM:RW",-0.00062277031187937,0.000439807932923549,-1.41600518148822,0.156930089909814
