"","Estimate","X95..CI.Lower","X95..CI.Upper","p.value"
"ACME",0.798579389327,0.791783911863366,0.805357338727739,0
"ADE",0.12066378142982,0.114440721335617,0.12735197681287,0
"Total Effect",0.91924317075682,0.916875292576293,0.921390367239819,0
"Prop. Mediated",0.868811118077136,0.861493385474456,0.875588090082179,0
