"","Estimate","Std..Error","t.value","Pr...t.."
"GF",-0.998771701241568,0.00117025746515763,-853.463217264786,0
"GM",0.000467722994942348,0.000896833882319598,0.521526900536602,0.602057573873154
