"","Estimate","Std..Error","t.value","Pr...t.."
"X",0.799254531272368,0.00322327045716401,247.963843522951,0
"GF",-0.200603427133365,0.00323389347191556,-62.0315507840584,0
"GM",-0.0805183933321954,0.00021035309746448,-382.777312541317,0
"RW",0.0796508453252954,0.000351459145099478,226.629030531417,0
"GM:RW",0.000769357668255056,0.000441063187659676,1.74432527987054,0.0812563887807067
