"","Estimate","X95..CI.Lower","X95..CI.Upper","p.value"
"ACME",0.796916155381498,0.790582496700786,0.803475935718333,0
"ADE",0.12181328770229,0.116047857721138,0.12768185887208,0
"Total Effect",0.918729443083788,0.916422773530091,0.921122879394032,0
"Prop. Mediated",0.867426652580455,0.86091140495783,0.873688698835265,0
