"","Estimate","Std..Error","t.value","Pr...t.."
"GF",-0.999174855657234,0.00119756035028111,-834.341964830995,0
"GM",-0.00123938373156523,0.000917757613372671,-1.35044778000872,0.177025330801663
