"","Estimate","Std..Error","t.value","Pr...t.."
"X",0.798453748566391,0.00302756202713329,263.72828745062,0
"GF",-0.201744668340238,0.00302857161329725,-66.6138015209736,0
"GM",-0.0795504792188236,0.000207969582097614,-382.510165267753,0
"RW",0.0799195592024375,0.00033176578096487,240.891507767946,0
"GM:RW",-0.000439368530628527,0.000421054873655691,-1.04349470370413,0.296845658878401
