"","Estimate","X95..CI.Lower","X95..CI.Upper","p.value"
"ACME",0.799966173739975,0.793775847593494,0.806879883727134,0
"ADE",0.119815163680652,0.11326717341059,0.125717472198955,0
"Total Effect",0.919781337420626,0.917640607449555,0.922011068828655,0
"Prop. Mediated",0.869740058617356,0.863363070102386,0.876879181324801,0
