"","Estimate","Std..Error","t.value","Pr...t.."
"GF",-0.999973543052065,0.00115364769707681,-866.792822094531,0
"GM",-9.174211260183e-05,0.000884104886149214,-0.103768358301264,0.917363591718728
