"","Estimate","Std..Error","t.value","Pr...t.."
"X",0.800191420035262,0.00317080932598175,252.361885490388,0
"GF",-0.199805619464716,0.00318181463229685,-62.7961218848511,0
"GM",-0.0798122792132487,0.000205760173968465,-387.889831515601,0
"RW",0.0801446559041799,0.000338620470304471,236.679890711031,0
"GM:RW",-0.00053257713425431,0.000426575241177465,-1.24849518407175,0.211996263603607
