"","Estimate","X95..CI.Lower","X95..CI.Upper","p.value"
"ACME",0.80238961111419,0.796055145434549,0.809086712699964,0
"ADE",0.115357093460217,0.108930117502381,0.121365272114621,0
"Total Effect",0.917746704574406,0.915483795839182,0.92000242339257,0
"Prop. Mediated",0.874442184247515,0.867711069579656,0.881319568792153,0
