"","Estimate","Std..Error","t.value","Pr...t.."
"GF",-0.999265722825737,0.00115221018880055,-867.259925783135,0
"GM",-0.00168639455521174,0.000883003242992342,-1.90983959412974,0.0562969297110531
