"","Estimate","Std..Error","t.value","Pr...t.."
"X",0.804379937846419,0.003277107375174,245.454251496325,0
"GF",-0.195231738094566,0.00328633051295291,-59.4072134026294,0
"GM",-0.0798017303589491,0.000208367099985127,-382.986231341921,0
"RW",0.0797450958725264,0.000355471507804879,224.33611167593,0
"GM:RW",-0.000131201407333949,0.000443818259003817,-0.295619670151563,0.76755131463027
