"","Estimate","X95..CI.Lower","X95..CI.Upper","p.value"
"ACME",0.801179755170867,0.794302894546463,0.807511910751103,0
"ADE",0.118740678839148,0.112794531771958,0.124927253060422,0
"Total Effect",0.919920434010015,0.917553166608034,0.922302549376417,0
"Prop. Mediated",0.870821891951078,0.864227133913214,0.877340337252905,0
