"","Estimate","Std..Error","t.value","Pr...t.."
"GF",-0.999995491856052,0.00117164428984444,-853.497516715436,0
"GM",0.000208415449512717,0.000897896683801316,0.232115179031928,0.816472326817722
