"","Estimate","Std..Error","t.value","Pr...t.."
"X",0.801175811494571,0.00317754423027367,252.13679289228,0
"GF",-0.198526843767916,0.00318543332443287,-62.3233398875997,0
"GM",-0.0799220249527088,0.000212634582936195,-375.865599325821,0
"RW",0.0795484982358588,0.000341439275314074,232.979929337906,0
"GM:RW",3.61636852060272e-05,0.000432736241037284,0.0835698094509987,0.933406855780207
