"","Estimate","X95..CI.Lower","X95..CI.Upper","p.value"
"ACME",0.800877684968814,0.794110014569558,0.806980497197293,0
"ADE",0.119049372390182,0.113147738801199,0.124967898425996,0
"Total Effect",0.919927057358996,0.917426869043374,0.922115637376852,0
"Prop. Mediated",0.870653016841183,0.863991054613494,0.876810360143895,0
