"","Estimate","Std..Error","t.value","Pr...t.."
"GF",-1.00076546802355,0.001188388231451,-842.119975221931,0
"GM",-0.000924607373379021,0.000910728504664195,-1.01523930418752,0.310114691314557
