"","Estimate","Std..Error","t.value","Pr...t.."
"X",0.801181512648496,0.00315282828031306,254.115175777649,0
"GF",-0.19889603832775,0.00316512943961844,-62.8397802118727,0
"GM",-0.080244438758507,0.000213361178538171,-376.096716883063,0
"RW",0.0799965111714913,0.00034438681128841,232.286802366823,0
"GM:RW",0.000417109143665606,0.00043581073153776,0.957087821572991,0.338638894463175
