"","Estimate","X95..CI.Lower","X95..CI.Upper","p.value"
"ACME",0.799518332914223,0.792957842815806,0.805814811778352,0
"ADE",0.119549942908941,0.113439464267731,0.125595169872381,0
"Total Effect",0.919068275823164,0.9168268276872,0.921517796543115,0
"Prop. Mediated",0.87009933952649,0.863389317263054,0.8764909773243,0
