"","Estimate","Std..Error","t.value","Pr...t.."
"GF",-0.999984916044054,0.0011672868770197,-856.67451226489,0
"GM",-0.000682990096101219,0.00089455735414367,-0.763495032417482,0.445258365637963
