"","Estimate","Std..Error","t.value","Pr...t.."
"X",0.80007359879799,0.0031822041681783,251.421202573562,0
"GF",-0.199767855489742,0.00319145494568679,-62.5946030539223,0
"GM",-0.0800372066061037,0.000207030998409454,-386.595279069324,0
"RW",0.0801023674032007,0.000346418287236799,231.230192961626,0
"GM:RW",-0.000271867857411922,0.000434681597007784,-0.625441378892914,0.531752947469852
