"","Estimate","Std..Error","t.value","Pr...t.."
"GF",-1.00074936269383,0.00116652769795916,-857.887356163631,0
"GM",0.000411400375977104,0.00089397555268159,0.460191975880166,0.645428505724279
