"","Estimate","X95..CI.Lower","X95..CI.Upper","p.value"
"ACME",0.796902436009174,0.790223826877797,0.803223245787642,0
"ADE",0.123904121698644,0.117980985182107,0.129840517228547,0
"Total Effect",0.920806557707818,0.918494025132799,0.923095392062193,0
"Prop. Mediated",0.865516536893413,0.858998429373468,0.871845668484098,0
