"","Estimate","Std..Error","t.value","Pr...t.."
"X",0.795912316426453,0.00319300854079518,249.267205601724,0
"GF",-0.204398020316376,0.00320391773764949,-63.7962760137312,0
"GM",-0.080099252342974,0.000208444504169338,-384.271356360167,0
"RW",0.0803681095979328,0.000346406324326719,232.005318477189,0
"GM:RW",-0.000495392778914965,0.00043528592133346,-1.13808592154181,0.255221260858289
