"","Estimate","Std..Error","t.value","Pr...t.."
"X",0.805853486291868,0.00316954323992598,254.249090575804,0
"GF",-0.194345015945412,0.00319048679122828,-60.9139070814311,0
"GM",-0.0804336789522236,0.000214257501097903,-375.406595055312,0
"RW",0.0803920096326906,0.000341075489009873,235.701515421308,0
"GM:RW",0.000354332192569091,0.000432973373180595,0.818369476086229,0.413243981976797
