"","Estimate","X95..CI.Lower","X95..CI.Upper","p.value"
"ACME",0.809713514686865,0.803308102612199,0.816301405677157,0
"ADE",0.113943057345026,0.107575435484856,0.120237000189112,0
"Total Effect",0.92365657203189,0.921398623899054,0.926060117213465,0
"Prop. Mediated",0.876456054813057,0.869857611404728,0.883484835572745,0
