"","Estimate","Std..Error","t.value","Pr...t.."
"GF",-1.00161712275594,0.00117698709564543,-851.000938295485,0
"GM",0.00288572519290337,0.000901991175322754,3.19928317687896,0.00139928955903757
