"","Estimate","X95..CI.Lower","X95..CI.Upper","p.value"
"ACME",0.797624832379784,0.790928101616023,0.804289776531323,0
"ADE",0.120605245074461,0.114246620503337,0.126814742734444,0
"Total Effect",0.918230077454245,0.915899916255343,0.92061553840529,0
"Prop. Mediated",0.868686847166087,0.861893393290901,0.875537498353434,0
