"","Estimate","Std..Error","t.value","Pr...t.."
"GF",-0.997405583920402,0.00115975251716694,-860.015881971853,0
"GM",0.000212328247697618,0.000888783351927303,0.238897642757585,0.811209454219454
