"","Estimate","Std..Error","t.value","Pr...t.."
"X",0.799550437962073,0.0031175602298994,256.466717240576,0
"GF",-0.20049948137308,0.00312176725023821,-64.2262748312771,0
"GM",-0.0799968172486232,0.000204018863507219,-392.105003789478,0
"RW",0.0801652842799078,0.000333945455354168,240.055023940625,0
"GM:RW",0.000144186126015845,0.000421213327255649,0.342311405375674,0.732152611594054
