"","Estimate","X95..CI.Lower","X95..CI.Upper","p.value"
"ACME",0.803408584137673,0.796880817304804,0.810167536955326,0
"ADE",0.117451536632203,0.11119103045436,0.123768169020932,0
"Total Effect",0.920860120769876,0.918572164490661,0.923355588743503,0
"Prop. Mediated",0.872391831421553,0.865671960709587,0.8792665168243,0
