"","Estimate","Std..Error","t.value","Pr...t.."
"GF",-1.00038388012424,0.00117126396727941,-854.106254500355,0
"GM",0.000687018081648018,0.000897605221304655,0.765390023745014,0.444129731656352
