"","Estimate","Std..Error","t.value","Pr...t.."
"X",0.802542880886232,0.00319330482035606,251.320473939831,0
"GF",-0.197076945932546,0.0032036330804164,-61.5167033756969,0
"GM",-0.0800293873500684,0.000210645387809574,-379.924707501385,0
"RW",0.0794752422784298,0.000346198811179337,229.56532406248,0
"GM:RW",0.000640639483143271,0.000436238239943212,1.46855416257563,0.142111406070905
