"","Estimate","Std..Error","t.value","Pr...t.."
"GF",-1.00013771189537,0.00116918213241209,-855.416520805042,0
"GM",0.00163851130726576,0.000896009794569948,1.82867566537282,0.0675972126212612
