"","Estimate","X95..CI.Lower","X95..CI.Upper","p.value"
"ACME",0.808095974234653,0.80141097608397,0.815167173373809,0
"ADE",0.113557328925754,0.106900230332333,0.119734086525293,0
"Total Effect",0.921653303160407,0.919270183912727,0.923981853068069,0
"Prop. Mediated",0.876687640832902,0.870038807149687,0.883984038238908,0
