"","Estimate","Std..Error","t.value","Pr...t.."
"X",0.806520871077839,0.00323901342298944,249.002015661133,0
"GF",-0.193787872844853,0.00324842768652703,-59.6558986517063,0
"GM",-0.0802726321588126,0.000209764764536559,-382.679294762216,0
"RW",0.0803102629557529,0.000355211922912588,226.091124130188,0
"GM:RW",0.000253189568951785,0.000444314608765637,0.569842998534705,0.56884834950059
