"","Estimate","Std..Error","t.value","Pr...t.."
"GF",-0.999679163458348,0.00118525197037101,-843.431766787465,0
"GM",0.00155199951442529,0.000908325012027679,1.70863897159533,0.0876731566231416
