"","Estimate","X95..CI.Lower","X95..CI.Upper","p.value"
"ACME",0.803075366744608,0.796698953559067,0.809204620967903,0
"ADE",0.117820468766156,0.11203240284755,0.124020403795661,0
"Total Effect",0.920895835510763,0.918463960298346,0.923141390927369,0
"Prop. Mediated",0.872112458350219,0.865355098025563,0.878248991390076,0
