"","Estimate","Std..Error","t.value","Pr...t.."
"X",0.802095694971766,0.0031078552438705,258.086568399125,0
"GF",-0.197975940209521,0.0031160949951965,-63.5333455862878,0
"GM",-0.0799810012692823,0.000210300692792359,-380.317345641138,0
"RW",0.080120937376133,0.00033810643613524,236.969571747771,0
"GM:RW",-0.000184710771231721,0.000428212883338253,-0.431352671577176,0.666258563612798
