"","Estimate","X95..CI.Lower","X95..CI.Upper","p.value"
"ACME",0.80162187551602,0.7957780168399,0.807596946005292,0
"ADE",0.117872991799649,0.112410039463482,0.123674325833328,0
"Total Effect",0.919494867315668,0.917108474633952,0.921818749449061,0
"Prop. Mediated",0.871882052545623,0.865533521486519,0.877540904527189,0
