"","Estimate","Std..Error","t.value","Pr...t.."
"X",0.802338175457782,0.00314317202980678,255.263844246891,0
"GF",-0.19782922449505,0.00314855502525804,-62.8317507262993,0
"GM",-0.0799800592171939,0.000205732821779987,-388.75692524514,0
"RW",0.0800385448391925,0.000343940349840396,232.710540872375,0
"GM:RW",-6.72479185406698e-05,0.000431536904646548,-0.155833528526951,0.87618000737816
