"","Estimate","Std..Error","t.value","Pr...t.."
"GF",-1.00101700317119,0.00117373347394733,-852.848645276102,0
"GM",-0.00179247057497922,0.000899497742667133,-1.99274605144011,0.0464250879773606
