"","Estimate","Std..Error","t.value","Pr...t.."
"GF",-0.999323966934461,0.00115742538634663,-863.402495506675,0
"GM",-0.000980196514443786,0.000886999941156273,-1.10506942443088,0.269262561034214
