"","Estimate","Std..Error","t.value","Pr...t.."
"X",0.804739813059545,0.00319023519620091,252.2509356106,0
"GF",-0.195624057248977,0.00320187694778766,-61.0966818647242,0
"GM",-0.0800910392141789,0.000210954520450547,-379.660217961313,0
"RW",0.0802024266387458,0.0003387311305828,236.773120028131,0
"GM:RW",-0.000329346868027359,0.000429191322977193,-0.76736609152012,0.442954688506255
