"","Estimate","X95..CI.Lower","X95..CI.Upper","p.value"
"ACME",0.803594680906771,0.796578982123659,0.810287995496361,0
"ADE",0.115205026679978,0.108908003704797,0.121716563811045,0
"Total Effect",0.918799707586749,0.916534751283081,0.920970901177194,0
"Prop. Mediated",0.874624973461463,0.867415523293578,0.881384346895032,0
