"","Estimate","Std..Error","t.value","Pr...t.."
"GF",-0.999773064136251,0.00118425221169636,-844.223092228084,0
"GM",-0.000371978905142954,0.000907558840924085,-0.409867535160808,0.681947061289774
