"","Estimate","Std..Error","t.value","Pr...t.."
"X",0.798504262640923,0.00312853119851914,255.232955010609,0
"GF",-0.201390085479906,0.00313297996434457,-64.2806809401468,0
"GM",-0.0799480828699962,0.000210101106011977,-380.52195149053,0
"RW",0.079774436698229,0.000341011143419459,233.93498493421,0
"GM:RW",0.000103801028629788,0.000430793862850413,0.240952895528672,0.809616384482621
