"","Estimate","X95..CI.Lower","X95..CI.Upper","p.value"
"ACME",0.798069953636598,0.791833879539469,0.804533639698412,0
"ADE",0.121473912347449,0.115076445867514,0.127224971445729,0
"Total Effect",0.919543865984047,0.917299301804615,0.921885982719685,0
"Prop. Mediated",0.867822419530141,0.861572001818071,0.874769966153412,0
