"","Estimate","Std..Error","t.value","Pr...t.."
"X",0.795887267173069,0.00304702493040497,261.201429378292,0
"GF",-0.204540008659815,0.00305415610472408,-66.9710393464953,0
"GM",-0.0800875540723719,0.000204806519676582,-391.040061609569,0
"RW",0.0804303863274343,0.000342730498591459,234.675310945434,0
"GM:RW",-0.000218618638776395,0.000429842060364571,-0.508602249372651,0.611087289302661
