"","Estimate","X95..CI.Lower","X95..CI.Upper","p.value"
"ACME",0.796329490066496,0.790329645963906,0.802766082184725,0
"ADE",0.124172839638033,0.1185065288487,0.129806105782598,0
"Total Effect",0.920502329704528,0.918080870161293,0.9228538118939,0
"Prop. Mediated",0.86510794653114,0.858856025607174,0.871332966434586,0
