"","Estimate","Std..Error","t.value","Pr...t.."
"GF",-0.999483097044381,0.00120593718195337,-828.801957516086,0
"GM",0.000858418793005788,0.000924177248960432,0.928846489103023,0.353080846600191
