"","Estimate","X95..CI.Lower","X95..CI.Upper","p.value"
"ACME",0.796656449070777,0.790518500128274,0.803505447757111,0
"ADE",0.122767668007829,0.116557441782223,0.128692599024396,0
"Total Effect",0.919424117078605,0.917043831488427,0.921776244257153,0
"Prop. Mediated",0.866483174617918,0.860105355925689,0.873229079973118,0
