"","Estimate","Std..Error","t.value","Pr...t.."
"GF",-0.969216616146535,0.0301271734648688,-32.1708446123144,2.4788450522726e-183
"GM",0.0368157275220301,0.0230881414955765,1.59457302048689,0.110965909803697
## Effect of each gender
