"","Estimate","Std..Error","t.value","Pr...t.."
"GF",-1.00003013854556,0.00116474166285067,-858.585358832289,0
"GM",-0.00100102972992044,0.000892606813880094,-1.12146772168256,0.262223587728751
