"","Estimate","Std..Error","t.value","Pr...t.."
"X",0.79724126025185,0.00317578519214432,251.037526789885,0
"GF",-0.203037527157511,0.00318260060441788,-63.796106516057,0
"GM",-0.0798508038441482,0.000208540334324239,-382.903403808665,0
"RW",0.0803241127990987,0.000342148902896447,234.763613500199,0
"GM:RW",-0.000347815053065609,0.000431240729174896,-0.806544998036462,0.420024808168239
