"","Estimate","X95..CI.Lower","X95..CI.Upper","p.value"
"ACME",0.801085697483382,0.794395504727197,0.807931447693216,0
"ADE",0.117072738575205,0.110560124646631,0.123001460005171,0
"Total Effect",0.918158436058587,0.915905561446349,0.92041303009789,0
"Prop. Mediated",0.872216459898635,0.865975943114885,0.879678936263352,0
