"","Estimate","Std..Error","t.value","Pr...t.."
"X",0.803380734029695,0.00315287342721454,254.809066261646,0
"GF",-0.197259453055898,0.00316716754967482,-62.2826073966787,0
"GM",-0.0802799105228879,0.000208645473627287,-384.767084218159,0
"RW",0.0801691809468758,0.000347880157205688,230.450571227823,0
"GM:RW",0.000195167418651058,0.000436642177389376,0.446973354287343,0.654942817367405
