"","Estimate","Std..Error","t.value","Pr...t.."
"GF",-0.998814296556228,0.00118458667739847,-843.175358640515,0
"GM",-0.00172381523170274,0.000907815160736647,-1.89886147120957,0.0577266268035728
