"","Estimate","X95..CI.Lower","X95..CI.Upper","p.value"
"ACME",0.80067053848768,0.79384294888781,0.807467361093574,0
"ADE",0.119094931786785,0.112664889112522,0.125507517237898,0
"Total Effect",0.919765470274465,0.917512991547943,0.92209444352875,0
"Prop. Mediated",0.870506299298652,0.863499905912371,0.877536795358763,0
