"","Estimate","Std..Error","t.value","Pr...t.."
"GF",-0.999597755176814,0.00112620169482905,-887.583245316055,0
"GM",-0.000153350503403279,0.000863071476422841,-0.177679957677281,0.85899233726841
