"","Estimate","Std..Error","t.value","Pr...t.."
"X",0.801087047144016,0.00326688593307896,245.214269354367,0
"GF",-0.198770643135786,0.00328201053448057,-60.5636822452321,0
"GM",-0.0799367287222613,0.000206080618343164,-387.89057100533,0
"RW",0.0795926264852699,0.000341884175586785,232.805821880065,0
"GM:RW",0.00053178226936223,0.000429734822057901,1.23746608854188,0.216059721877551
