"","Estimate","X95..CI.Lower","X95..CI.Upper","p.value"
"ACME",0.796432116641158,0.78967024502092,0.802764556651682,0
"ADE",0.12287848782151,0.116786917326132,0.129414702415256,0
"Total Effect",0.919310604462668,0.917087477605126,0.921441729544992,0
"Prop. Mediated",0.866277189104995,0.859223146277143,0.872866031405047,0
