"","Estimate","Std..Error","t.value","Pr...t.."
"GF",-0.999434308021901,0.00113202668195654,-882.871688408021,0
"GM",-0.000363442053495567,0.000867535490518493,-0.418936236577884,0.675307764723499
