"","Estimate","Std..Error","t.value","Pr...t.."
"X",0.797141306546227,0.00324053414864929,245.990713252779,0
"GF",-0.203105759731928,0.00324494728401606,-62.5913896143661,0
"GM",-0.0801240647417958,0.000206336990582692,-388.316532656247,0
"RW",0.0803847038810476,0.000339800724349646,236.564251105992,0
"GM:RW",-3.96051913722994e-05,0.000427863862982834,-0.0925649366510962,0.9262584945749
