"","Estimate","X95..CI.Lower","X95..CI.Upper","p.value"
"ACME",0.803534124361042,0.796886301714266,0.810508331194704,0
"ADE",0.11730437868325,0.110715049726695,0.123726403447475,0
"Total Effect",0.920838503044292,0.918686954268986,0.923034554662587,0
"Prop. Mediated",0.872523868720522,0.865670342733583,0.879729096283355,0
