"","Estimate","Std..Error","t.value","Pr...t.."
"GF",-1.00087591784137,0.00114354231550133,-875.241697901302,0
"GM",0.000114041394511804,0.00087636056589449,0.13013067788531,0.896476138465859
