"","Estimate","Std..Error","t.value","Pr...t.."
"X",0.802647473498313,0.00327055418118907,245.416351184402,0
"GF",-0.197229719350978,0.0032880372531966,-59.9840282099094,0
"GM",-0.0800911224516862,0.00021154515362852,-378.600601705718,0
"RW",0.0795400659595044,0.000345139989900606,230.457403624571,0
"GM:RW",0.000465021082108037,0.000435699399256859,1.06729796483812,0.285966442004547
