"","Estimate","X95..CI.Lower","X95..CI.Upper","p.value"
"ACME",0.797915662681976,0.791428159590846,0.804312597384913,0
"ADE",0.122865915720155,0.116707972788811,0.12897701764747,0
"Total Effect",0.920781578402131,0.91839195502567,0.923047549402355,0
"Prop. Mediated",0.866567520776066,0.859957509464614,0.873273539839491,0
