"","Estimate","Std..Error","t.value","Pr...t.."
"GF",-1.00070915642599,0.00119348447099047,-838.476897479445,0
"GM",0.000249417231543725,0.000914634038640677,0.272696205265231,0.785114931776574
