"","Estimate","Std..Error","t.value","Pr...t.."
"X",0.797337943101089,0.00312415594899381,255.217074985609,0
"GF",-0.203227530884066,0.00314035727186579,-64.7147802910086,0
"GM",-0.0799407674049038,0.000208462389020019,-383.478131382381,0
"RW",0.0806764087183727,0.000347041713584123,232.468909530141,0
"GM:RW",-0.000899040617618349,0.000435912953791216,-2.0624315239986,0.0392958671386952
