"","Estimate","X95..CI.Lower","X95..CI.Upper","p.value"
"ACME",0.800939211855384,0.794658806703118,0.807412757610589,0
"ADE",0.119100785296636,0.11317212983488,0.125185778849615,0
"Total Effect",0.92003999715202,0.917768908569228,0.922511696269328,0
"Prop. Mediated",0.870501464449764,0.863884163189007,0.87705687772501,0
