"","Estimate","Std..Error","t.value","Pr...t.."
"GF",-0.999714768123453,0.0011851547778639,-843.530977384507,0
"GM",0.000815009542271821,0.000908250527962347,0.897340014874847,0.369645621504354
