"","Estimate","Std..Error","t.value","Pr...t.."
"X",0.800532358488361,0.00310311012995266,257.977424249707,0
"GF",-0.199336014328322,0.00312192780869539,-63.8502958886873,0
"GM",-0.0802575723325844,0.00020420813707286,-393.018483411114,0
"RW",0.0801535430699141,0.000344033812523252,232.981585391397,0
"GM:RW",-2.64018805448653e-05,0.000430803851709674,-0.061285154345969,0.95113825241104
