"","Estimate","X95..CI.Lower","X95..CI.Upper","p.value"
"ACME",0.799574500099928,0.792385639993525,0.806467757099565,0
"ADE",0.121310667546774,0.1147550830197,0.127947964681395,0
"Total Effect",0.920885167646702,0.918613483341431,0.923119342185802,0
"Prop. Mediated",0.868225555532982,0.860940107721521,0.875493361371879,0
