"","Estimate","Std..Error","t.value","Pr...t.."
"GF",-1.00019996165726,0.00115969111080441,-862.471008304515,0
"GM",0.000253102249255764,0.000888736292790193,0.284788920300698,0.775835375667608
