"","Estimate","Std..Error","t.value","Pr...t.."
"X",0.799299039455611,0.00322451217858257,247.882158660962,0
"GF",-0.20104775753009,0.00323995540621893,-62.0526310776342,0
"GM",-0.0799471352048712,0.000208398212722408,-383.626779522159,0
"RW",0.0797721704314328,0.00034890994042821,228.632552954869,0
"GM:RW",0.000147202374364608,0.000437667490532621,0.336333809453085,0.736654528894763
