"","Estimate","X95..CI.Lower","X95..CI.Upper","p.value"
"ACME",0.806641058953106,0.799643771364781,0.813907895429277,0
"ADE",0.114244724981508,0.107607020777959,0.120590949012376,0
"Total Effect",0.920885783934613,0.9185803551134,0.923233499872618,0
"Prop. Mediated",0.875910281500982,0.869132429230461,0.883184584120984,0
