"","Estimate","Std..Error","t.value","Pr...t.."
"GF",-1.00067753057226,0.00117106859035387,-854.499504823945,0
"GM",3.01181090679003e-05,0.000897455493016773,0.0335594459026142,0.973231813615693
