"","Estimate","Std..Error","t.value","Pr...t.."
"X",0.805966555893071,0.00320075127706975,251.805431327024,0
"GF",-0.194220628540738,0.00320554342475047,-60.5889868910002,0
"GM",-0.080061419365859,0.000207818871855314,-385.246145603171,0
"RW",0.0796976389837825,0.000350873792329471,227.140472517669,0
"GM:RW",0.000262417302635179,0.000438991880809796,0.597772565066819,0.550059545593191
