"","Estimate","X95..CI.Lower","X95..CI.Upper","p.value"
"ACME",0.796921592041672,0.790148264514368,0.803928507919562,0
"ADE",0.124216237350002,0.118130951264741,0.130724920383386,0
"Total Effect",0.921137829391674,0.918801710501827,0.923508543109073,0
"Prop. Mediated",0.865152418997205,0.858122016304678,0.871878372024922,0
