"","Estimate","Std..Error","t.value","Pr...t.."
"GF",-1.00015937399332,0.00117264029091306,-852.912339567113,0
"GM",0.00111412645064009,0.000898659975240813,1.23976418371314,0.215208218772771
