"","Estimate","Std..Error","t.value","Pr...t.."
"X",0.795985038071597,0.00319985516972808,248.756582985985,0
"GF",-0.20425555877793,0.00319939864697415,-63.8418594604037,0
"GM",-0.0799017290257054,0.000211985249117524,-376.921174271933,0
"RW",0.0803697026332453,0.000345786108116047,232.42605977182,0
"GM:RW",-0.000286800882517507,0.000437008930599017,-0.656281513799691,0.511718694981694
