"","Estimate","Std..Error","t.value","Pr...t.."
"X",0.798605757123256,0.00351397615170881,227.265559766221,0
"GRFB",-0.28107541479723,0.00280975997046356,-100.035383004925,0
"GRFW",-0.121257510855143,0.00316081134412759,-38.3627802021227,1.15845210778927e-241
"GRMB",-0.159854426855764,0.000358605726570294,-445.766520196462,0
"GRMW",8.49423362649894e-06,5.12555526502037e-05,0.165723188753193,0.868391588142511
