"","Estimate","X95..CI.Lower","X95..CI.Upper","p.value"
"ACME",0.71842354775135,0.712124320717219,0.724367823927579,0
"ADE",0.121183171958931,0.115312364356423,0.127597671163769,0
"Total Effect",0.839606719710282,0.838498577471899,0.840715445463011,0
"Prop. Mediated",0.855642402329786,0.847993272768583,0.862699108809668,0
