"","Estimate","Std..Error","t.value","Pr...t.."
"GRFB",-0.799195429937431,0.00056617865019572,-1411.56052009584,0
"GRFW",-0.899305565246226,0.000415461545713099,-2164.59399076912,0
"GRMB",0.100349067792899,0.000415461545713097,241.536355959635,0
"GRMW",-0.000163244744560508,0.000326463507171176,-0.500039793038533,0.617102179451534
