"","Estimate","X95..CI.Lower","X95..CI.Upper","p.value"
"ACME",-0.0799106213147925,-0.0812044366231053,-0.0785907826525139,0
"ADE",0.159809598402172,0.159156129012099,0.160525844476822,0
"Total Effect",0.079898977087379,0.0787615052733508,0.081090294636281,0
"Prop. Mediated",-1.00006170483427,-1.03079512461358,-0.971277425630057,0
