"","Estimate","X95..CI.Lower","X95..CI.Upper","p.value"
"ACME",0.638244402013887,0.632417644463057,0.644036069615973,0
"ADE",0.280940667003018,0.2755241707496,0.286722509026256,0
"Total Effect",0.919185069016905,0.918212991116439,0.920192946301418,0
"Prop. Mediated",0.694423288352352,0.688063926696761,0.700396397758619,0
