"","Estimate","X95..CI.Lower","X95..CI.Upper","p.value"
"ACME",0.646639267369169,0.640928969246504,0.652763710980829,0
"ADE",0.273828273650013,0.267911615255041,0.279430942302278,0
"Total Effect",0.920467541019183,0.919504733441644,0.921521622287952,0
"Prop. Mediated",0.702505104845618,0.696481345045462,0.709039513758838,0
