"","Estimate","X95..CI.Lower","X95..CI.Upper","p.value"
"ACME",-0.07961537215846,-0.0809351833624078,-0.0783152272306244,0
"ADE",0.16074513196237,0.159995356420585,0.161523679610131,0
"Total Effect",0.0811297598039102,0.0800230360878388,0.0821892066931965,0
"Prop. Mediated",-0.981103553882891,-1.01141072549979,-0.953644933449598,0
