"","Estimate","Std..Error","t.value","Pr...t.."
"X",0.807447509531016,0.00365406485799055,220.972407691485,0
"GRFB",-0.27392842034997,0.00292718092880069,-93.5809664700849,0
"GRFW",-0.113182767714474,0.00328691399616776,-34.434356313075,2.44945903359172e-204
"GRMB",-0.160634691397545,0.000371387817669648,-432.525472713354,0
"GRMW",-5.45705912925683e-05,5.13380981343438e-05,-1.06296480149626,0.287926562250176
