"","Estimate","Std..Error","t.value","Pr...t.."
"GRFB",-0.800723176105434,0.000531547552865237,-1506.39989176743,0
"GRFW",-0.89933178938081,0.000414707818223359,-2168.59135483295,0
"GRMB",0.0999338873422136,0.000414707818223359,240.974206298638,0
"GRMW",8.03954410594239e-05,0.000314467773126209,0.255655580411917,0.798243139231799
