"","Estimate","X95..CI.Lower","X95..CI.Upper","p.value"
"ACME",0.727250688648349,0.720610196510896,0.73378131889138,0
"ADE",0.113275995696938,0.106745680021438,0.119716806277901,0
"Total Effect",0.840526684345287,0.83944954338073,0.841731410623106,0
"Prop. Mediated",0.865236332257691,0.857589413636728,0.872984110269836,0
