"","Estimate","Std..Error","t.value","Pr...t.."
"GRFB",-0.799542450083515,0.000546479919131183,-1463.07745645011,0
"GRFW",-0.899943925917965,0.000436215641900619,-2063.07119569773,0
"GRMB",0.0990688485190095,0.000436215641900619,227.109803049153,0
"GRMW",0.000401563371998816,0.000326260705943084,1.23080519561209,0.218540747767245
