"","Estimate","Std..Error","t.value","Pr...t.."
"X",0.796794921125476,0.0035007722172897,227.605474355128,0
"GRFB",-0.282410793362059,0.00280032066400584,-100.849448062163,0
"GRFW",-0.122865543123394,0.00315123732903343,-38.9896190906955,1.10335805457566e-247
"GRMB",-0.159587952857139,0.000353464352801407,-451.496598150036,0
"GRMW",9.58347103416672e-05,5.1047401169238e-05,1.87736707739431,0.060613604111764
