"","Estimate","X95..CI.Lower","X95..CI.Upper","p.value"
"ACME",0.716078345385219,0.710169018802366,0.722461344158899,0
"ADE",0.122758561160918,0.116591654878637,0.128904461621194,0
"Total Effect",0.838836906546138,0.83770314409158,0.8399226067951,0
"Prop. Mediated",0.853703433015777,0.846379736083599,0.861017960062571,0
