"","Estimate","X95..CI.Lower","X95..CI.Upper","p.value"
"ACME",-0.0799867994508785,-0.081318390459996,-0.0787161308683358,0
"ADE",0.159542577106977,0.158843899825747,0.160276439304935,0
"Total Effect",0.0795557776560987,0.0784044054399858,0.0806944736272903,0
"Prop. Mediated",-1.00575435692605,-1.03442849545134,-0.977269005120194,0
