"","Estimate","X95..CI.Lower","X95..CI.Upper","p.value"
"ACME",0.637288042741158,0.632056325997349,0.642616501333719,0
"ADE",0.282599780368169,0.27734832286722,0.287918489818859,0
"Total Effect",0.919887823109328,0.918821789121647,0.920854420322987,0
"Prop. Mediated",0.692750587265819,0.687145123205571,0.698575890123189,0
