"","Estimate","X95..CI.Lower","X95..CI.Upper","p.value"
"ACME",0.635408067223632,0.630036571411402,0.641071926585532,0
"ADE",0.284436550220101,0.278894619461296,0.289738633615027,0
"Total Effect",0.919844617443733,0.918897417787498,0.920887133191819,0
"Prop. Mediated",0.690723074220843,0.684991406822803,0.696866093604681,0
