"","Estimate","Std..Error","t.value","Pr...t.."
"GRFB",-0.79986714605356,0.000537717306449428,-1487.52353041251,0
"GRFW",-0.900198497098592,0.000419521395172559,-2145.77494129547,0
"GRMB",0.100164412002604,0.000419521395172559,238.758769290905,0
"GRMW",-5.58585475794181e-05,0.000318117848570823,-0.175590737301816,0.860633290762192
