"","Estimate","X95..CI.Lower","X95..CI.Upper","p.value"
"ACME",-0.0797097409199506,-0.0810154612250598,-0.0784622531782918,0
"ADE",0.159399938411039,0.158699535250336,0.160113508206037,0
"Total Effect",0.0796901974910879,0.0785201005290866,0.080750850082681,0
"Prop. Mediated",-0.999613172715401,-1.02945722213589,-0.971854145744929,0
