"","Estimate","Std..Error","t.value","Pr...t.."
"X",0.794426519367223,0.00351285883584036,226.14814784528,0
"GRFB",-0.284454280412483,0.00281108739160869,-101.190123530702,0
"GRFW",-0.125056459506409,0.00316295559723827,-39.5378485918681,5.83386010715948e-253
"GRMB",-0.159412542459933,0.000357970516669465,-445.323106335956,0
"GRMW",-1.0386488114438e-05,4.99266420500224e-05,-0.208034982685829,0.835222887406679
