"","Estimate","X95..CI.Lower","X95..CI.Upper","p.value"
"ACME",0.715057480765794,0.708670148233948,0.72116302260356,0
"ADE",0.125009416494341,0.118670565598972,0.13122380645157,0
"Total Effect",0.840066897260135,0.83896578877179,0.841197559666957,0
"Prop. Mediated",0.851198018259451,0.843746485874213,0.858733250339619,0
