"","Estimate","Std..Error","t.value","Pr...t.."
"X",0.805403598043102,0.00359192000638204,224.22648517007,0
"GRFB",-0.275712485322214,0.00287333964962373,-95.9554104083447,0
"GRFW",-0.11522874738093,0.0032344698931191,-35.6252341770327,1.45576298149399e-215
"GRMB",-0.160488146883563,0.000364005856531967,-440.894408712539,0
"GRMW",1.12108795558896e-05,5.15043896034889e-05,0.21766842869506,0.827709723857372
