"","Estimate","X95..CI.Lower","X95..CI.Upper","p.value"
"ACME",0.723959743019614,0.718033719657409,0.730127530319551,0
"ADE",0.115405548455006,0.109261654338014,0.121307310967921,0
"Total Effect",0.83936529147462,0.838312820825761,0.840564972859066,0
"Prop. Mediated",0.862496545429384,0.855408879837758,0.869832899146262,0
