"","Estimate","X95..CI.Lower","X95..CI.Upper","p.value"
"ACME",-0.0810920086170969,-0.0823946858100338,-0.0797808245239977,0
"ADE",0.160469179911937,0.159706648156441,0.161195786177871,0
"Total Effect",0.0793771712948403,0.0782401953199755,0.080469081381026,0
"Prop. Mediated",-1.02180613176789,-1.05156640140085,-0.992271159424706,0
