"","Estimate","X95..CI.Lower","X95..CI.Upper","p.value"
"ACME",0.64369740233217,0.638061042271528,0.649400284612045,0
"ADE",0.275735209340452,0.270127109305777,0.281406717684054,0
"Total Effect",0.919432611672622,0.91842962931724,0.920498124974911,0
"Prop. Mediated",0.70012197091218,0.693994148030288,0.706195643556739,0
