"","Estimate","Std..Error","t.value","Pr...t.."
"GRFB",-0.799583282088705,0.000538643260741214,-1484.43940612645,0
"GRFW",-0.900282357167958,0.000427519886004214,-2105.82568587016,0
"GRMB",0.0995239605893848,0.000427519886004214,232.793757314025,0
"GRMW",-0.000337864447906248,0.000320860847427123,-1.05299369061533,0.292471337270323
