"","Estimate","Std..Error","t.value","Pr...t.."
"X",0.797588835475834,0.00352650053748244,226.170059241004,0
"GRFB",-0.282036935161702,0.00282403377204275,-99.8702416216832,0
"GRFW",-0.12217468683308,0.00317352060769904,-38.4981545532368,5.81716116837983e-243
"GRMB",-0.159768616489816,0.000359907706423722,-443.915519557448,0
"GRMW",3.85472605374471e-05,5.02894147423501e-05,0.766508433930637,0.443464523856113
