"","Estimate","X95..CI.Lower","X95..CI.Upper","p.value"
"ACME",0.718611011269323,0.712047581079497,0.724827736397969,0
"ADE",0.122174617000209,0.115872655712973,0.128275948660111,0
"Total Effect",0.840785628269532,0.839697912441046,0.841889576761787,0
"Prop. Mediated",0.854652162474467,0.847352317899049,0.862185595992831,0
