"","Estimate","X95..CI.Lower","X95..CI.Upper","p.value"
"ACME",0.638865995025476,0.633428097553268,0.644726996825234,0
"ADE",0.28201744400229,0.276001062345033,0.287261596625219,0
"Total Effect",0.920883439027765,0.919843539462815,0.921938567492978,0
"Prop. Mediated",0.693707490237516,0.687975471785636,0.700140189404116,0
