"","Estimate","Std..Error","t.value","Pr...t.."
"GRFB",-0.800419964659184,0.000554646271766666,-1443.11790307303,0
"GRFW",-0.899724908417573,0.000404584363836506,-2223.82521134988,0
"GRMB",0.100444610280751,0.000404584363836506,248.266169577778,0
"GRMW",0.000512101230214231,0.000318986387560226,1.60540151613067,0.108563659751108
