"","Estimate","X95..CI.Lower","X95..CI.Upper","p.value"
"ACME",-0.0791925951129299,-0.0804975638102754,-0.0779144672432223,0
"ADE",0.159846086925083,0.159093083474779,0.160568570660647,0
"Total Effect",0.0806534918121527,0.0795458093480882,0.0816656566941435,0
"Prop. Mediated",-0.981633605223282,-1.01090478323431,-0.955154041710882,0
