"","Estimate","Std..Error","t.value","Pr...t.."
"GRFB",-0.800787597527631,0.000543316562716928,-1473.88769729968,0
"GRFW",-0.899299763946989,0.000423889876106864,-2121.54102902017,0
"GRMB",0.0988606187137457,0.000423889876106864,233.222410550854,0
"GRMW",8.28890991391038e-05,0.000321430413251278,0.257875719664104,0.796529408248903
