"","Estimate","X95..CI.Lower","X95..CI.Upper","p.value"
"ACME",-0.0788013162454104,-0.0801193520764885,-0.077488196126206,0
"ADE",0.159973188779315,0.159279752809833,0.160675444517147,0
"Total Effect",0.0811718725339045,0.0800283905067128,0.0822934106003974,0
"Prop. Mediated",-0.970789289483579,-0.999909384001149,-0.94478244558483,0
