"","Estimate","Std..Error","t.value","Pr...t.."
"X",0.799815518773279,0.00349086676852481,229.116598199842,0
"GRFB",-0.280119025107076,0.00279672677624498,-100.159596384734,0
"GRFW",-0.120148116576536,0.00314003167379684,-38.2633454239192,1.04160416373284e-240
"GRMB",-0.159937740386237,0.000351384282626781,-455.164753501832,0
"GRMW",3.14059046787502e-05,5.01311587960606e-05,0.62647474012147,0.531075274584
