"","Estimate","X95..CI.Lower","X95..CI.Upper","p.value"
"ACME",0.719606553707895,0.713298469118925,0.726072271512135,0
"ADE",0.120179593264342,0.113640306656314,0.12643783946779,0
"Total Effect",0.839786146972237,0.838708079599171,0.84085930743685,0
"Prop. Mediated",0.856915888394605,0.849466885515582,0.864585516771278,0
