"","Estimate","X95..CI.Lower","X95..CI.Upper","p.value"
"ACME",0.640598970257463,0.63494397026314,0.64598115673504,0
"ADE",0.280108443000858,0.274578774783697,0.285824132402769,0
"Total Effect",0.920707413258321,0.919721190246539,0.921668085310743,0
"Prop. Mediated",0.695821293858894,0.689555523917639,0.701594110670948,0
