"","Estimate","X95..CI.Lower","X95..CI.Upper","p.value"
"ACME",0.638932321097268,0.633496144019643,0.644535168218856,0
"ADE",0.282062566153628,0.276542817029473,0.287225069424452,0
"Total Effect",0.920994887250896,0.919986737164485,0.9218839175498,0
"Prop. Mediated",0.693742423934565,0.688090284842367,0.699675134643693,0
