"","Estimate","X95..CI.Lower","X95..CI.Upper","p.value"
"ACME",-0.0795434945987287,-0.0808227675573475,-0.0782717212154762,0
"ADE",0.159595508583963,0.158904869960276,0.160376400810629,0
"Total Effect",0.0800520139852342,0.0789735344278126,0.0811124286580931,0
"Prop. Mediated",-0.993961136447976,-1.02190636614714,-0.965729296875399,0
