"","Estimate","X95..CI.Lower","X95..CI.Upper","p.value"
"ACME",0.718327678045509,0.712122115885046,0.724916040656276,0
"ADE",0.122248343381666,0.11580630587327,0.12850310457392,0
"Total Effect",0.840576021427174,0.839494966735311,0.841622634566606,0
"Prop. Mediated",0.854735770550394,0.847075295506691,0.862153111367094,0
