"","Estimate","Std..Error","t.value","Pr...t.."
"GRFB",-0.80126016340948,0.000523212889670378,-1531.42282850537,0
"GRFW",-0.900991802496679,0.000411730985979029,-2188.30215159606,0
"GRMB",0.0996891086611133,0.000411730985979029,242.121948689553,0
"GRMW",0.000164331852218849,0.000310608888627427,0.529063585221359,0.59682017023588
