"","Estimate","Std..Error","t.value","Pr...t.."
"X",0.797259603256292,0.00358411078227977,222.442790328365,0
"GRFB",-0.282042737943134,0.00287302699893044,-98.16919160458,0
"GRFW",-0.122467326449263,0.00322992736886618,-37.9164335488613,2.20010936618949e-237
"GRMB",-0.159763998500977,0.000363328526334774,-439.723244724717,0
"GRMW",8.72295636790342e-06,4.9740027667556e-05,0.175370959304736,0.860805954951522
