"","Estimate","X95..CI.Lower","X95..CI.Upper","p.value"
"ACME",0.637792775959659,0.632324535467319,0.643518961501466,0
"ADE",0.281846754013662,0.276345761574011,0.287235911958935,0
"Total Effect",0.919639529973321,0.918608125779684,0.920643900937566,0
"Prop. Mediated",0.69348905603094,0.687645485207367,0.699512469855675,0
