"","Estimate","X95..CI.Lower","X95..CI.Upper","p.value"
"ACME",-0.0805152910838514,-0.0817649462298908,-0.0793139058245871,0
"ADE",0.159770435243997,0.158986639479612,0.160466096918646,0
"Total Effect",0.0792551441601458,0.0781979336024404,0.0803150559724753,0
"Prop. Mediated",-1.01599110055958,-1.04497300115193,-0.989544890437034,0
