"","Estimate","X95..CI.Lower","X95..CI.Upper","p.value"
"ACME",0.717547982497527,0.711371738529538,0.723132842342853,0
"ADE",0.122102590009962,0.116712342875135,0.128214405545354,0
"Total Effect",0.839650572507489,0.838627855440032,0.840727023131869,0
"Prop. Mediated",0.854567066158185,0.847293619451081,0.860898974958001,0
