"","Estimate","Std..Error","t.value","Pr...t.."
"X",0.797707879544363,0.0034618168910137,230.430408267716,0
"GRFB",-0.281904015264363,0.00276869137056838,-101.818504677353,0
"GRFW",-0.122127540360264,0.00311760259653811,-39.1735433168673,1.87705783553282e-249
"GRMB",-0.159736672925235,0.000352036596478703,-453.750191096675,0
"GRMW",3.12598522791702e-07,4.93615774040512e-05,0.00633283090272652,0.99494779893481
