"","Estimate","Std..Error","t.value","Pr...t.."
"GRFB",-0.799401345386591,0.000550681266637228,-1451.65887023575,0
"GRFW",-0.900383003723913,0.000408901767105727,-2201.95429845405,0
"GRMB",0.100036914464599,0.000408901767105726,244.64779199336,0
"GRMW",8.30835595606269e-05,0.000319151798324833,0.260326151996375,0.79463905307362
