"","Estimate","Std..Error","t.value","Pr...t.."
"X",0.803950889243895,0.00360532778311228,222.989680164362,0
"GRFB",-0.276666902205149,0.00288692205926214,-95.8345589267004,0
"GRFW",-0.116424047868269,0.00324411790607284,-35.88773627812,4.75212312345513e-218
"GRMB",-0.160417094754519,0.000366826007401956,-437.311127121744,0
"GRMW",-3.38292239154761e-05,5.10494479816843e-05,-0.662675606749234,0.507614885498093
