"","Estimate","Std..Error","t.value","Pr...t.."
"GRFB",-0.800367745934493,0.000544795249441423,-1469.11660253115,0
"GRFW",-0.899627441247882,0.000408117257325406,-2204.33570279186,0
"GRMB",0.100098456150431,0.000408117257325406,245.26886416523,0
"GRMW",-5.40936166549005e-05,0.000316929639919777,-0.17068020734379,0.864492525656634
