"","Estimate","X95..CI.Lower","X95..CI.Upper","p.value"
"ACME",0.724074387803272,0.717639026534141,0.731073879750513,0
"ADE",0.116115638249508,0.109320381283927,0.122291447880472,0
"Total Effect",0.84019002605278,0.839184640722601,0.841237727327527,0
"Prop. Mediated",0.861677182259036,0.854434984960065,0.869876997238921,0
