"","Estimate","X95..CI.Lower","X95..CI.Upper","p.value"
"ACME",0.643537943159856,0.638044695228802,0.649453204075557,0
"ADE",0.276524654055199,0.27071051957153,0.282004032543751,0
"Total Effect",0.920062597215055,0.919105462141115,0.921084786372805,0
"Prop. Mediated",0.699303026989319,0.693578760685583,0.705778454522413,0
