"","Estimate","X95..CI.Lower","X95..CI.Upper","p.value"
"ACME",-0.0798138607081821,-0.0810283806905247,-0.0785116122183769,0
"ADE",0.160249679550236,0.159528897612724,0.161002900050097,0
"Total Effect",0.0804358188420542,0.0793710331593665,0.0814533363790074,0
"Prop. Mediated",-0.992461806247427,-1.02018683051949,-0.965608703884602,0
