"","Estimate","X95..CI.Lower","X95..CI.Upper","p.value"
"ACME",-0.0793687457070204,-0.0806574802033576,-0.0780268966510736,0
"ADE",0.159823008222067,0.159041706006733,0.160547771336366,0
"Total Effect",0.0804542625150468,0.0793145159107371,0.0815746418689853,0
"Prop. Mediated",-0.986211617259672,-1.01589175096968,-0.958113109255608,0
## change relative to FB!
