"","Estimate","X95..CI.Lower","X95..CI.Upper","p.value"
"ACME",0.638388976081379,0.632452039096721,0.644149564953823,0
"ADE",0.282057217529062,0.276461435935161,0.287908113294204,0
"Total Effect",0.920446193610441,0.919389051118881,0.921423696122784,0
"Prop. Mediated",0.693506750955417,0.687259241086101,0.69969773734807,0
