"","Estimate","X95..CI.Lower","X95..CI.Upper","p.value"
"ACME",0.718260291165839,0.711466799859437,0.724809428441676,0
"ADE",0.122263876170569,0.115822103376793,0.128969368691532,0
"Total Effect",0.840524167336408,0.839454427272235,0.841649484794208,0
"Prop. Mediated",0.854464036057032,0.846641217579632,0.86217637939515,0
