"","Estimate","Std..Error","t.value","Pr...t.."
"GRFB",-0.80043971251979,0.000549648549981341,-1456.27549194292,0
"GRFW",-0.89994695424018,0.000410545426812972,-2192.07643165432,0
"GRMB",0.100143645933547,0.000410545426812972,243.928294880676,0
"GRMW",4.5354522749258e-05,0.000319354614014703,0.142019312572606,0.88707908390796
