"","Estimate","Std..Error","t.value","Pr...t.."
"X",0.797483264266008,0.00359817576208611,221.635438899086,0
"GRFB",-0.282014469285559,0.00288147781320503,-97.871469977372,0
"GRFW",-0.122192130154321,0.0032388397885821,-37.7271301239059,1.42774407974947e-235
"GRMB",-0.159669870523468,0.000366328412259236,-435.865374292826,0
"GRMW",5.10448956356876e-05,5.13378919604513e-05,0.994292786213556,0.320200926018454
