"","Estimate","Std..Error","t.value","Pr...t.."
"GRFB",-0.799446774725543,0.000532373649436192,-1501.66480924102,0
"GRFW",-0.900108676340054,0.00041893984632089,-2148.53918586347,0
"GRMB",0.0997277303934054,0.00041893984632089,238.047851664647,0
"GRMW",0.000364360760293947,0.00031604723593503,1.15286804903065,0.249102592479205
