"","Estimate","X95..CI.Lower","X95..CI.Upper","p.value"
"ACME",0.718227495691604,0.711820707251222,0.725469184451696,0
"ADE",0.121160795479856,0.114463680091147,0.127688779505573,0
"Total Effect",0.83938829117146,0.838342077631453,0.840544751822008,0
"Prop. Mediated",0.855633194705102,0.847918911265114,0.863701348771266,0
