"","Estimate","X95..CI.Lower","X95..CI.Upper","p.value"
"ACME",0.638710395730629,0.632714071567285,0.644597471242922,0
"ADE",0.28112245988129,0.275451475030468,0.287056614069623,0
"Total Effect",0.919832855611918,0.918815034030529,0.92091366045143,0
"Prop. Mediated",0.69444803231783,0.687903362508102,0.700549864331067,0
