"","Estimate","Std..Error","t.value","Pr...t.."
"X",0.798549078074398,0.0036462933491824,219.002971402028,0
"GRFB",-0.281166241599603,0.00291630727923992,-96.4117339764291,0
"GRFW",-0.121371030144104,0.00328276976570152,-36.9721420649698,2.32631544525054e-228
"GRMB",-0.159824582668759,0.000369985405575036,-431.975370542947,0
"GRMW",-2.73850863922688e-05,5.15025125972549e-05,-0.53172330846104,0.59497684707191
