"","Estimate","X95..CI.Lower","X95..CI.Upper","p.value"
"ACME",-0.0803767689711454,-0.0815649974801069,-0.079050286277956,0
"ADE",0.159791487443786,0.159076051204389,0.160508222662715,0
"Total Effect",0.0794147184726405,0.0783568092536436,0.0805011524211447,0
"Prop. Mediated",-1.01218734488778,-1.03909518484831,-0.983762390949367,0
