"","Estimate","X95..CI.Lower","X95..CI.Upper","p.value"
"ACME",-0.080936942877039,-0.0823013868137034,-0.0796494583192257,0
"ADE",0.160153052464297,0.159409179772261,0.160895130073308,0
"Total Effect",0.0792161095872585,0.0780939080040683,0.0803813264335362,0
"Prop. Mediated",-1.02156252223028,-1.05148493491912,-0.992505362043371,0
