"","Estimate","X95..CI.Lower","X95..CI.Upper","p.value"
"ACME",0.720470661079543,0.713875798532695,0.727009997820313,0
"ADE",0.118029358513016,0.11166116910263,0.124481706138218,0
"Total Effect",0.838500019592558,0.837359582685282,0.839591661080803,0
"Prop. Mediated",0.859160716917607,0.851496926916462,0.866939950167647,0
