"","Estimate","X95..CI.Lower","X95..CI.Upper","p.value"
"ACME",0.640247492276712,0.634466177486295,0.645952771498696,0
"ADE",0.278390073005648,0.272920770008907,0.28408879989145,0
"Total Effect",0.91863756528236,0.917529160986928,0.919685659296607,0
"Prop. Mediated",0.696947224761404,0.69071914086069,0.702811357968745,0
