"","Estimate","Std..Error","t.value","Pr...t.."
"GRFB",-0.799020392346063,0.000571773870549779,-1397.44124994341,0
"GRFW",-0.899926445909335,0.00042331241138751,-2125.91556897566,0
"GRMB",0.0991335272570599,0.000423312411387508,234.18526031903,0
"GRMW",-0.000745148404750676,0.000330957002000461,-2.25149611655486,0.0244624819994938
