"","Estimate","Std..Error","t.value","Pr...t.."
"X",0.802106513702516,0.00360470001403224,222.516855932562,0
"GRFB",-0.278285555728292,0.00288170038462042,-96.5699131018258,0
"GRFW",-0.118137089561843,0.00324468112563038,-36.409460587253,5.29829668417531e-223
"GRMB",-0.160223155553126,0.000363791323243817,-440.425995112979,0
"GRMW",3.42428980701974e-05,5.33668733960519e-05,0.641650819902272,0.521173640667569
