"","Estimate","X95..CI.Lower","X95..CI.Upper","p.value"
"ACME",-0.079876590698324,-0.0810658719458588,-0.0785495750354353,0
"ADE",0.159855607688232,0.159133307472171,0.160605957901594,0
"Total Effect",0.0799790169899081,0.0788535936200477,0.0810798559637763,0
"Prop. Mediated",-0.999242754245461,-1.02610670368123,-0.970346119410289,0
