"","Estimate","X95..CI.Lower","X95..CI.Upper","p.value"
"ACME",0.639060963617684,0.633637360837957,0.644195595551646,0
"ADE",0.280879524995082,0.275643409915184,0.286139914801477,0
"Total Effect",0.919940488612766,0.919013483998757,0.92096282857079,0
"Prop. Mediated",0.694753055725058,0.688913813211749,0.700239413059851,0
