"","Estimate","X95..CI.Lower","X95..CI.Upper","p.value"
"ACME",0.718921953843304,0.712851730894265,0.725014768930813,0
"ADE",0.120570606980643,0.11480238664331,0.12688053378348,0
"Total Effect",0.839492560823946,0.838428271990135,0.840571403043923,0
"Prop. Mediated",0.856300392196812,0.848839703204607,0.863311252167558,0
