"","Estimate","Std..Error","t.value","Pr...t.."
"GRFB",-0.799768991330794,0.000524431810127287,-1525.01998522302,0
"GRFW",-0.899753552253074,0.000416240291160569,-2161.62051430525,0
"GRMB",0.0996795073285418,0.000416240291160569,239.47587354077,0
"GRMW",3.86790773221034e-05,0.000312395322246545,0.123814521433767,0.901474600273531
