"","Estimate","Std..Error","t.value","Pr...t.."
"X",0.798938368914053,0.00349968246281054,228.288816886672,0
"GRFB",-0.280893613718917,0.00280013833770883,-100.314191601246,0
"GRFW",-0.121034108858804,0.00314952420473142,-38.4293312231032,2.66245740866371e-242
"GRMB",-0.160001390014436,0.00035486543956164,-450.879043651259,0
"GRMW",2.69376625576095e-05,4.88444360507244e-05,0.551499100729406,0.58135334604558
