"","Estimate","X95..CI.Lower","X95..CI.Upper","p.value"
"ACME",-0.0809768595312401,-0.0822709847997028,-0.0796708148128563,0
"ADE",0.160349252218325,0.15961845944448,0.161075565554149,0
"Total Effect",0.0793723926870849,0.0783848406141456,0.0804868481696864,0
"Prop. Mediated",-1.02096226798832,-1.04810428777317,-0.991531097825643,0
