"","Estimate","X95..CI.Lower","X95..CI.Upper","p.value"
"ACME",0.72557714986294,0.719088519264994,0.731806705981848,0
"ADE",0.113646671764624,0.107734295298754,0.119930806487232,0
"Total Effect",0.839223821627564,0.838084636644567,0.840315345016401,0
"Prop. Mediated",0.864370854821109,0.857033322279145,0.871639733876967,0
