"","Estimate","X95..CI.Lower","X95..CI.Upper","p.value"
"ACME",0.644898482966281,0.639301235352264,0.650369244389427,0
"ADE",0.274435133493915,0.26897260495898,0.279957346777954,0
"Total Effect",0.919333616460195,0.91829135443079,0.920306951722303,0
"Prop. Mediated",0.701584913281963,0.695354303057824,0.707624204058253,0
