"","Estimate","Std..Error","t.value","Pr...t.."
"GRFB",-0.800036147964754,0.000554022470868421,-1444.04999802754,0
"GRFW",-0.90037728678601,0.000411382738217635,-2188.6608336728,0
"GRMB",0.0991899951372869,0.000411382738217633,241.113653837397,0
"GRMW",-0.000677097909452165,0.000321088220359797,-2.10875973180654,0.035089615661448
