"","Estimate","Std..Error","t.value","Pr...t.."
"X",0.806717807701974,0.0035327705431398,228.352732749235,0
"GRFB",-0.274481880092937,0.00282769648114832,-97.0690743942469,0
"GRFW",-0.114144837705944,0.00318148898226223,-35.8778038655284,5.9024330602506e-218
"GRMB",-0.16066495082134,0.000356380207046368,-450.824562208181,0
"GRMW",1.6501144728262e-05,5.07344917470885e-05,0.325245097763474,0.745029684371362
