"","Estimate","X95..CI.Lower","X95..CI.Upper","p.value"
"ACME",-0.0797976601800398,-0.0811689668122667,-0.0784748727092867,0
"ADE",0.159898288855104,0.159146418683945,0.160638426553583,0
"Total Effect",0.0801006286750643,0.078971504844164,0.0812469605300642,0
"Prop. Mediated",-0.99555448866559,-1.02578728611731,-0.96652479316732,0
