"","Estimate","X95..CI.Lower","X95..CI.Upper","p.value"
"ACME",0.639400390365605,0.633678872417377,0.645172044035134,0
"ADE",0.280670173806481,0.275241821365681,0.286282007327407,0
"Total Effect",0.920070564172086,0.91904041064128,0.921151915211129,0
"Prop. Mediated",0.694977499804404,0.688789354567382,0.700874290860399,0
