"","Estimate","X95..CI.Lower","X95..CI.Upper","p.value"
"ACME",0.718853321597262,0.712780339347686,0.725450717146288,0
"ADE",0.120675165840282,0.114362871189992,0.126543328027353,0
"Total Effect",0.839528487437544,0.838421324046987,0.840665975252685,0
"Prop. Mediated",0.856235090376192,0.849207754961931,0.863748040287797,0
