"","Estimate","Std..Error","t.value","Pr...t.."
"GRFB",-0.800351311362363,0.000558693219690111,-1432.54165820429,0
"GRFW",-0.900155945979938,0.000413628160072212,-2176.24434908587,0
"GRMB",0.0990725799571932,0.000413628160072213,239.520877736895,0
"GRMW",-0.000340141774137938,0.000323385594463829,-1.05181486114708,0.293011818274094
