"","Estimate","Std..Error","t.value","Pr...t.."
"X",0.799339655188633,0.00356661068984503,224.117439412308,0
"GRFB",-0.280569616452442,0.00285592940646537,-98.2410895091725,0
"GRFW",-0.120642396158702,0.00321118228073313,-37.5694637089111,4.60093637623253e-234
"GRMB",-0.159996124829309,0.000359447623452834,-445.116657866297,0
"GRMW",3.20128471092336e-05,5.15438636201925e-05,0.621079695249939,0.534618140433675
