"","Estimate","X95..CI.Lower","X95..CI.Upper","p.value"
"ACME",-0.0802759950771472,-0.0815496468112946,-0.0789153075130284,0
"ADE",0.159776064433116,0.159022029713153,0.16048520542233,0
"Total Effect",0.0795000693559692,0.0783963931575311,0.0806519211378076,0
"Prop. Mediated",-1.01007394636341,-1.03825068395009,-0.979190606125377,0
