"","Estimate","X95..CI.Lower","X95..CI.Upper","p.value"
"ACME",0.639587225866758,0.633600800524618,0.645232889127635,0
"ADE",0.280092488384706,0.274530434835687,0.285828437221276,0
"Total Effect",0.919679714251464,0.918672953888489,0.920649118040524,0
"Prop. Mediated",0.695366773950839,0.689266776709466,0.701473624297557,0
