"","Estimate","X95..CI.Lower","X95..CI.Upper","p.value"
"ACME",0.719216391206595,0.713055466100063,0.725428139173379,0
"ADE",0.120206673634381,0.114254681181759,0.126311660713845,0
"Total Effect",0.839423064840976,0.838398238024015,0.840537599983474,0
"Prop. Mediated",0.856603026298813,0.849423115486876,0.86400685237478,0
