"","Estimate","Std..Error","t.value","Pr...t.."
"GRFB",-0.799511394047678,0.000542198656044677,-1474.5728067275,0
"GRFW",-0.899907228806734,0.000421803399604213,-2133.47552355229,0
"GRMB",0.0998436962253725,0.000421803399604216,236.706712935594,0
"GRMW",0.000267942973328315,0.000320396046668744,0.836286764815609,0.403093700538179
