"","Estimate","Std..Error","t.value","Pr...t.."
"X",0.79985666078805,0.00354818297327514,225.42711771421,0
"GRFB",-0.279967241447711,0.00283811446993233,-98.645507224515,0
"GRFW",-0.120161349885956,0.00319373552824295,-37.6240765158357,1.38214794397655e-234
"GRMB",-0.159891002785422,0.000360518582081235,-443.502806047856,0
"GRMW",-6.74040036175544e-06,5.07983372812672e-05,-0.132689389505689,0.894452416036748
