"","Estimate","X95..CI.Lower","X95..CI.Upper","p.value"
"ACME",-0.0806541937571504,-0.0818881203262109,-0.0794112627230015,0
"ADE",0.160474854939638,0.159788392338772,0.161207621511905,0
"Total Effect",0.0798206611824875,0.0786921056391184,0.0808985727554912,0
"Prop. Mediated",-1.01029229795736,-1.04012198640599,-0.982749424265158,0
