"","Estimate","X95..CI.Lower","X95..CI.Upper","p.value"
"ACME",0.643431556961292,0.638317510486905,0.64891761344906,0
"ADE",0.276903438698297,0.271464473766961,0.282275061521552,0
"Total Effect",0.920334995659588,0.919289505301157,0.921346016482696,0
"Prop. Mediated",0.698987916561073,0.693490880158828,0.705051681235455,0
