"","Estimate","X95..CI.Lower","X95..CI.Upper","p.value"
"ACME",0.723833235182121,0.717633221030213,0.730395718343828,0
"ADE",0.116527001260614,0.110102556550504,0.122549894844409,0
"Total Effect",0.840360236442735,0.839321510937998,0.841538065795145,0
"Prop. Mediated",0.861312799500604,0.85414040536873,0.868934003788277,0
