"","Estimate","Std..Error","t.value","Pr...t.."
"GRFB",-0.800103412206291,0.000553004946092682,-1446.82867279852,0
"GRFW",-0.900450155419611,0.000417921488523681,-2154.59166409575,0
"GRMB",0.100053656910707,0.000417921488523681,239.40778270136,0
"GRMW",0.000281584292636404,0.000322898965819415,0.872050772667643,0.383285563206719
