"","Estimate","Std..Error","t.value","Pr...t.."
"X",0.803836945927091,0.00348176574044961,230.870485222044,0
"GRFB",-0.276996675090955,0.00278710046730442,-99.3852494161635,0
"GRFW",-0.116535497632948,0.00313583042956406,-37.1625635539065,3.54901754278601e-230
"GRMB",-0.160230213882778,0.000354377263720654,-452.14586342391,0
"GRMW",-6.03626043705146e-05,5.02376351033141e-05,-1.20154151855234,0.229683827732399
