"","Estimate","X95..CI.Lower","X95..CI.Upper","p.value"
"ACME",-0.0796970313134566,-0.0810148011171058,-0.0782465325232836,0
"ADE",0.159867337488718,0.159180327549917,0.160529196335351,0
"Total Effect",0.0801703061752612,0.0790691062824216,0.0813820633842527,0
"Prop. Mediated",-0.994602911944007,-1.02353600531048,-0.962783460758814,0
