"","Estimate","X95..CI.Lower","X95..CI.Upper","p.value"
"ACME",0.639274925160973,0.633891830370957,0.64468262535066,0
"ADE",0.28075009657369,0.275285295725725,0.285927681691007,0
"Total Effect",0.920025021734663,0.918949596406761,0.921113335848525,0
"Prop. Mediated",0.694854343436007,0.689202469127442,0.700779499550333,0
