"","Estimate","X95..CI.Lower","X95..CI.Upper","p.value"
"ACME",0.71851896932146,0.712464699212286,0.724512563843352,0
"ADE",0.120837941040155,0.114845182402145,0.126569943166067,0
"Total Effect",0.839356910361615,0.838184046258706,0.840481782303073,0
"Prop. Mediated",0.856081507338677,0.849208134241757,0.863168168638647,0
