"","Estimate","Std..Error","t.value","Pr...t.."
"GRFB",-0.799905077818339,0.000573485130733367,-1394.81398026036,0
"GRFW",-0.89965169551578,0.000424579341746062,-2118.92479699085,0
"GRMB",0.0993116819693827,0.000424579341746062,233.906062317983,0
"GRMW",0.000170103858425213,0.000331947522150427,0.512442018916856,0.608398388279198
