"","Estimate","Std..Error","t.value","Pr...t.."
"X",0.798982549082325,0.00343928887766356,232.310392497505,0
"GRFB",-0.280764308018407,0.00275251552915574,-102.002806176546,0
"GRFW",-0.1208914925045,0.00309484976260357,-39.0621522134241,2.21372151286869e-248
"GRMB",-0.159872842527753,0.000347736161691757,-459.753284645354,0
"GRMW",-4.11432337244205e-05,5.10090131178549e-05,-0.806587526587903,0.420000303235837
