"","Estimate","X95..CI.Lower","X95..CI.Upper","p.value"
"ACME",-0.0801570326149544,-0.0815384973236342,-0.0788630926029622,0
"ADE",0.159465989417233,0.158758324387083,0.16016271274578,0
"Total Effect",0.0793089568022788,0.07823497468117,0.080380637514367,0
"Prop. Mediated",-1.01055198003373,-1.04027062144607,-0.982544569744812,0
