"","Estimate","X95..CI.Lower","X95..CI.Upper","p.value"
"ACME",0.716000647185827,0.709827960458954,0.722104001883138,0
"ADE",0.124446755891871,0.118319191021432,0.130409924516542,0
"Total Effect",0.840447403077698,0.839386021514744,0.841588679185463,0
"Prop. Mediated",0.851890949439289,0.844724680831753,0.859231717448585,0
