"","Estimate","X95..CI.Lower","X95..CI.Upper","p.value"
"ACME",0.635936976779223,0.630383473058252,0.641350243469319,0
"ADE",0.28392504948317,0.27875318759046,0.289408545055766,0
"Total Effect",0.919862026262393,0.918874221261847,0.920911586042803,0
"Prop. Mediated",0.691321141599986,0.685392542030225,0.697021449518655,0
