"","Estimate","Std..Error","t.value","Pr...t.."
"GRFB",-0.799508060628337,0.000557319876950124,-1434.5586685398,0
"GRFW",-0.900343456441211,0.000416275321315064,-2162.85571192863,0
"GRMB",0.101190856384331,0.000416275321315065,243.086369051753,0
"GRMW",0.000388502248747291,0.000323811777893657,1.19977800460019,0.230367959088849
