"","Estimate","Std..Error","t.value","Pr...t.."
"X",0.794957633368124,0.00345554803433001,230.052548964858,0
"GRFB",-0.283981431297235,0.00276407796325982,-102.740022196162,0
"GRFW",-0.124498919515562,0.00311184373431625,-40.0080884983506,1.70924203476994e-257
"GRMB",-0.159558597650114,0.000355526466590148,-448.795273050807,0
"GRMW",-8.01705239111654e-06,5.00087948684132e-05,-0.160312849214055,0.872650867535941
