"","Estimate","Std..Error","t.value","Pr...t.."
"X",0.802025977262029,0.00325592443709443,246.328191196523,0
"GF",-0.206502211392432,0.00711032095502374,-29.0426005659462,5.70097516243848e-155
"GM",-0.0818130667822646,0.00457483880448045,-17.8832676469692,1.85833532873014e-66
"RW",0.0811504159815788,0.00774783854751256,10.4739425691352,5.00764048153045e-25
"GM:RW",0.00430640371841009,0.00969210195608393,0.44432092624726,0.656858766335164
