"","Estimate","X95..CI.Lower","X95..CI.Upper","p.value"
"ACME",0.866147350902569,0.82059298350738,0.914366935788718,0
"ADE",0.127398177501916,0.116119076895958,0.139308845405435,0
"Total Effect",0.993545528404485,0.946757874800301,1.04191253781908,0
"Prop. Mediated",0.872064007854093,0.859237648256027,0.883860590937006,0
