"","Estimate","Std..Error","t.value","Pr...t.."
"GF",-1.02605327149509,0.0253857294723994,-40.4185064924239,1.49666112237912e-261
"GM",0.0524524736435782,0.019454507231176,2.69616048457515,0.00707324440550941
