"","Estimate","X95..CI.Lower","X95..CI.Upper","p.value"
"ACME",0.800364938993413,0.749025664849701,0.852273933920757,0
"ADE",0.125529848870615,0.115860125385744,0.135820981644188,0
"Total Effect",0.925894787864028,0.873065622365403,0.976932678546064,0
"Prop. Mediated",0.864380218285204,0.851473634837886,0.876832861793963,0
