"","Estimate","Std..Error","t.value","Pr...t.."
"GF",-1.03771852989448,0.0259827914521282,-39.938685256602,6.43994418468024e-257
"GM",-0.0411718779170177,0.0199120692884225,-2.06768454451674,0.0387981610994675
