"","Estimate","Std..Error","t.value","Pr...t.."
"X",0.801385100091417,0.00316898486564213,252.8838521067,0
"GF",-0.209012537106285,0.00699462858627834,-29.881863565467,1.8399104297289e-162
"GM",-0.0819362201070552,0.00463039153602307,-17.6953113942127,3.36013020163958e-65
"RW",0.0898641769599419,0.00762771698758105,11.7812678559329,5.06750648474052e-31
"GM:RW",-0.00243658495315836,0.0096025816353913,-0.253742696045205,0.799720493475286
