"","Estimate","Std..Error","t.value","Pr...t.."
"GF",-1.0370109331495,0.0261889285500727,-39.5973027749784,1.2646994433122e-253
"GM",-0.023359126863489,0.0200700436994763,-1.16388021935889,0.244611521206681
