"","Estimate","Std..Error","t.value","Pr...t.."
"X",0.793672017778211,0.00317727529999165,249.796427077092,0
"GF",-0.217060355548267,0.0068619514270869,-31.632452933351,2.444979704994e-178
"GM",-0.08763349769068,0.00472562832563576,-18.5443059953071,5.9222708375866e-71
"RW",0.0785149297471177,0.00765477857600958,10.256982480615,4.31381720171941e-24
"GM:RW",0.0117762440747072,0.00968029885495436,1.21651658189045,0.223932102684224
