"","Estimate","X95..CI.Lower","X95..CI.Upper","p.value"
"ACME",0.804938732489539,0.752461290917968,0.858777418621805,0
"ADE",0.136850045538478,0.12473738275663,0.148145174951183,0
"Total Effect",0.941788778028016,0.890679126342538,0.994851931309891,0
"Prop. Mediated",0.854574266024236,0.841199255774203,0.868473297317987,0
