"","Estimate","Std..Error","t.value","Pr...t.."
"X",0.799962599255878,0.00327975166028844,243.909503558426,0
"GF",-0.202659318220438,0.00687983757310022,-29.4569916901562,1.16838938401903e-158
"GM",-0.0823375596297105,0.00471484817118295,-17.4634594032011,1.1586606018872e-63
"RW",0.0861595085801613,0.00773481215122803,11.1391856577256,5.3145478874824e-28
"GM:RW",-0.00494434718517811,0.00975139335476926,-0.507040071638572,0.612182740827037
