"","Estimate","Std..Error","t.value","Pr...t.."
"GF",-0.974771124239177,0.0254995369500145,-38.2270127551717,1.92088111171432e-240
"GM",0.00549758792262251,0.0195417242795824,0.281325631452415,0.778489783992308
