"","Estimate","X95..CI.Lower","X95..CI.Upper","p.value"
"ACME",0.785703158175983,0.73455885353437,0.835943124004206,0
"ADE",0.117445372035874,0.105698800560534,0.12789509429207,0
"Total Effect",0.903148530211857,0.852403880675355,0.951432161555397,0
"Prop. Mediated",0.870150729603065,0.856166456268667,0.883088661200236,0
