"","Estimate","Std..Error","t.value","Pr...t.."
"GF",-1.02514195218418,0.0262930490709794,-38.9890860286595,9.13086866876746e-248
"GM",0.0444209044776924,0.0201498370900542,2.20452921178297,0.027600754583895
