"","Estimate","X95..CI.Lower","X95..CI.Upper","p.value"
"ACME",0.851936093995718,0.800396716808934,0.903801535280599,0
"ADE",0.133269239001584,0.121973206246457,0.144776900706527,0
"Total Effect",0.985205332997303,0.934202567962208,1.0381051628275,0
"Prop. Mediated",0.864799754416946,0.851260610436758,0.877358094621468,0
