"","Estimate","Std..Error","t.value","Pr...t.."
"X",0.796500109387714,0.00324023775199847,245.815329105545,0
"GF",-0.211271865040101,0.00713481973463439,-29.6113809315361,4.87717143569129e-160
"GM",-0.07852505093994,0.00481465807391643,-16.3095799814637,3.11012653133352e-56
"RW",0.0826970557240693,0.00786112172021398,10.5197526087687,3.16202257609657e-25
"GM:RW",0.000787450582894674,0.00991586106467233,0.0794132327751301,0.936711908242568
