"","Estimate","Std..Error","t.value","Pr...t.."
"X",0.799675977929219,0.00322965592540399,247.604078081225,0
"GF",-0.206792943972003,0.00699889902513552,-29.5464962745336,1.85453047516767e-159
"GM",-0.0705194514228959,0.00473246175330867,-14.9012195129929,1.07734735587501e-47
"RW",0.0874038950427592,0.00772428329045418,11.3154698961876,8.14115557798998e-29
"GM:RW",-0.0138273409391202,0.00974549942686551,-1.41884374863357,0.156100779522636
