"","Estimate","X95..CI.Lower","X95..CI.Upper","p.value"
"ACME",0.831408417557627,0.785812003588212,0.881146574587105,0
"ADE",0.127438727721393,0.116555568944102,0.138165241127317,0
"Total Effect",0.95884714527902,0.913084929564228,1.00816999261196,0
"Prop. Mediated",0.867089285495144,0.855021669176343,0.878534025353418,0
