"","Estimate","Std..Error","t.value","Pr...t.."
"GF",-1.01767030388982,0.0259238854463253,-39.2560870551938,2.45527293598902e-250
"GM",0.0217282310125131,0.0198669263148043,1.09368860931053,0.274223410231547
