"","Estimate","X95..CI.Lower","X95..CI.Upper","p.value"
"ACME",0.788830307527316,0.73640261274272,0.841545651944827,0
"ADE",0.121319439138292,0.109892848992728,0.132587729230802,0
"Total Effect",0.910149746665608,0.855643376573854,0.962532818420539,0
"Prop. Mediated",0.866913968345208,0.853162931899255,0.880134450139375,0
