"","Estimate","Std..Error","t.value","Pr...t.."
"X",0.799604421127085,0.003205848336721,249.42053932125,0
"GF",-0.210770879751098,0.00687967180065491,-30.6367637669916,2.87006557836585e-169
"GM",-0.0806446927443844,0.00467497730375287,-17.2502854034492,2.91497143155049e-62
"RW",0.094200083847215,0.0076695453570915,12.2823556627271,1.76611800599494e-33
"GM:RW",-0.0141701351302125,0.00966723594984202,-1.46578972559825,0.142863168419495
