"","Estimate","Std..Error","t.value","Pr...t.."
"GF",-0.984000184027614,0.0258639560107436,-38.0452311169595,1.06439196035634e-238
"GM",0.00308798315589816,0.0198209990295888,0.155793517334238,0.876211518700466
