"","Estimate","X95..CI.Lower","X95..CI.Upper","p.value"
"ACME",0.788520134913197,0.735426554594133,0.841016402523579,0
"ADE",0.120121239226416,0.109139461495441,0.131562616539528,0
"Total Effect",0.908641374139613,0.853442994464713,0.960900595736332,0
"Prop. Mediated",0.867921519986077,0.853969232233258,0.880799900940307,0
