"","Estimate","Std..Error","t.value","Pr...t.."
"GF",-0.996860979814124,0.0266911697929811,-37.3479689180301,5.03999450300715e-232
"GM",-0.0162254506384017,0.0204549393118943,-0.793228979612117,0.427738611647289
