"","Estimate","Std..Error","t.value","Pr...t.."
"X",0.803577811647025,0.003223092029504,249.318916211861,0
"GF",-0.208910354105167,0.00718049039769169,-29.0941624505654,1.98678157707019e-155
"GM",-0.0832148891040517,0.00481482800502681,-17.2830450053819,1.77911246919444e-62
"RW",0.0937026594759674,0.00800075111852988,11.7117328220535,1.093816686788e-30
"GM:RW",-0.00888722193888875,0.0100535134315488,-0.883991651217165,0.376807236802726
