"","Estimate","Std..Error","t.value","Pr...t.."
"GF",-1.02167226541535,0.0253876215492997,-40.2429295486143,7.43679916294582e-260
"GM",0.014024423963355,0.0194559572357457,0.720829296313854,0.47109887664201
