"","Estimate","Std..Error","t.value","Pr...t.."
"X",0.796756071178716,0.00314374358237845,253.441812380868,0
"GF",-0.209381793235463,0.00660748996187384,-31.688552603731,7.48784583568357e-179
"GM",-0.0786498943096052,0.00452496484480886,-17.3813271499411,4.02811617874841e-63
"RW",0.0842355430235444,0.00735592356619097,11.4513891104993,1.88333108436632e-29
"GM:RW",-0.00138807113755437,0.00929247222556357,-0.149375871550715,0.881272148145734
