"","Estimate","X95..CI.Lower","X95..CI.Upper","p.value"
"ACME",0.825603248224081,0.771232707045307,0.875523702664963,0
"ADE",0.130035722294528,0.119492660796174,0.141652679181884,0
"Total Effect",0.955638970518609,0.902052456194324,1.00963293981616,0
"Prop. Mediated",0.86403045014956,0.850320672757851,0.876370534704766,0
