"","Estimate","Std..Error","t.value","Pr...t.."
"X",0.799066172540316,0.00338115173613643,236.3295808349,0
"GF",-0.210723421123572,0.00734160488004719,-28.7026371708277,5.83557587404706e-152
"GM",-0.0738581661314183,0.00479533310749211,-15.402092925729,1.15855541708006e-50
"RW",0.0898788101886067,0.00810567814288795,11.0883763954368,9.08334108637008e-28
"GM:RW",-0.0253013932826315,0.0101431607057412,-2.49442890797446,0.0126963469482996
