"","Estimate","Std..Error","t.value","Pr...t.."
"GF",-1.00788428873884,0.0255865476213921,-39.3911794452557,1.22661615104408e-251
"GM",-0.0383868648354432,0.0196084054335491,-1.95767396617397,0.0504072976121266
