"","Estimate","X95..CI.Lower","X95..CI.Upper","p.value"
"ACME",0.775362293507002,0.722838425462512,0.825217305609238,0
"ADE",0.120875714825217,0.109629362801604,0.13318053426795,0
"Total Effect",0.896238008332219,0.841915557123642,0.947256249749722,0
"Prop. Mediated",0.865022813360175,0.850266584023873,0.878181524774021,0
