"","Estimate","X95..CI.Lower","X95..CI.Upper","p.value"
"ACME",0.767560600814125,0.719509143872658,0.819376127930121,0
"ADE",0.123094747150602,0.112562280546003,0.133781769236348,0
"Total Effect",0.890655347964727,0.842552400971295,0.940303100481554,0
"Prop. Mediated",0.861855196476037,0.848182039185469,0.875340787106917,0
