"","Estimate","Std..Error","t.value","Pr...t.."
"GF",-1.00330347836666,0.0254682734247155,-39.3942479584425,1.1458878843777e-251
"GM",-0.0451749628885425,0.0195177652879898,-2.31455610936877,0.0207381739796505
