"","Estimate","Std..Error","t.value","Pr...t.."
"X",0.801197184552389,0.00331355394818679,241.793915862095,0
"GF",-0.202961657425915,0.0070997051522153,-28.5873361040331,6.07685508005351e-151
"GM",-0.0843619692548821,0.00472787207694746,-17.8435388863884,3.43292702743127e-66
"RW",0.0814934253694721,0.00784623020009487,10.3863158856194,1.20068811970013e-24
"GM:RW",0.00680196095538162,0.00986044673618639,0.689822797827143,0.490385861994885
