"","Estimate","Std..Error","t.value","Pr...t.."
"GF",-0.963018569286435,0.0265167426473976,-36.3173781218919,3.37257467622167e-222
"GM",-0.000621499235268276,0.0203212660145106,-0.0305836868049701,0.975604606678661
