"","Estimate","X95..CI.Lower","X95..CI.Upper","p.value"
"ACME",0.771050346904282,0.713363338669683,0.823617742920524,0
"ADE",0.125260629477561,0.113844499226898,0.136900359790586,0
"Total Effect",0.896310976381843,0.839554497550038,0.949727170266702,0
"Prop. Mediated",0.860300305275355,0.845931365020436,0.87425990689342,0
