"","Estimate","Std..Error","t.value","Pr...t.."
"X",0.801718434694747,0.00325118120375368,246.592971738738,0
"GF",-0.210240127257732,0.00712716981912366,-29.4984029556324,4.9873138720256e-159
"GM",-0.0823203416681794,0.00488314046864356,-16.8580736509196,1.019913955316e-59
"RW",0.090192246915657,0.00794009263471225,11.3590925276309,5.09748860595023e-29
"GM:RW",-0.00455267691246163,0.010026102917863,-0.454082403677539,0.649818912594879
