"","Estimate","X95..CI.Lower","X95..CI.Upper","p.value"
"ACME",0.819956249608275,0.770457440507393,0.86954293468653,0
"ADE",0.134225528710447,0.123840461590392,0.143846189277877,0
"Total Effect",0.954181778318722,0.903618562286223,1.00385119497881,0
"Prop. Mediated",0.859251549518412,0.846637963271846,0.871214577621634,0
