"","Estimate","Std..Error","t.value","Pr...t.."
"GF",-1.0304016469134,0.0263236418647876,-39.1435824953896,2.97480500660506e-249
"GM",-0.00495169928441607,0.0201732820625144,-0.245458288297928,0.806126810685593
