"","Estimate","Std..Error","t.value","Pr...t.."
"X",0.79976399256175,0.00310455832621025,257.609588394503,0
"GF",-0.224711135967762,0.00683407507180797,-32.8809873474676,7.63505777590798e-190
"GM",-0.0819416044531154,0.00463049383200566,-17.6960832744751,3.32056983048817e-65
"RW",0.097713913545048,0.0075187616687894,12.9960115574166,3.96165535307637e-37
"GM:RW",-0.0139722522474581,0.00951263976226927,-1.46880914200886,0.142042220270574
