"","Estimate","X95..CI.Lower","X95..CI.Upper","p.value"
"ACME",0.836721629506761,0.786460088329003,0.885322104669468,0
"ADE",0.128556170444919,0.117278108675609,0.140041640316429,0
"Total Effect",0.96527779995168,0.915533753901361,1.01411168023908,0
"Prop. Mediated",0.866934474687673,0.85279720594026,0.879691002198103,0
