"","Estimate","Std..Error","t.value","Pr...t.."
"GF",-1.03646966240743,0.0254206620399121,-40.7727249896208,5.63381986871886e-265
"GM",0.012841266549765,0.0194812780154475,0.659159349791254,0.509869407392432
