"","Estimate","Std..Error","t.value","Pr...t.."
"X",0.797366980944454,0.00324276828434586,245.890828769254,0
"GF",-0.222096566040699,0.00690404440646696,-32.169052364823,2.88756257916409e-183
"GM",-0.0815392410206046,0.00467320566531166,-17.4482457782364,1.45993924860096e-63
"RW",0.104456581739345,0.00759748655073604,13.7488340442308,3.66028505686472e-41
"GM:RW",-0.0193104815769453,0.0095978908394367,-2.01195053163146,0.0443593599145401
