"","Estimate","X95..CI.Lower","X95..CI.Upper","p.value"
"ACME",0.784599525193107,0.73523652039053,0.838385662922654,0
"ADE",0.123330721458916,0.112072734831036,0.134243939222097,0
"Total Effect",0.907930246652024,0.857413054527982,0.961947487734954,0
"Prop. Mediated",0.864149722767643,0.850120369614741,0.877272306262771,0
