"","Estimate","Std..Error","t.value","Pr...t.."
"GF",-0.991420806156841,0.0254312410532979,-38.9843658860004,1.0137523902718e-247
"GM",-0.00976095205608899,0.0194893853063031,-0.500834269664327,0.616542931859349
