"","Estimate","Std..Error","t.value","Pr...t.."
"X",0.799556877125354,0.00324360257481959,246.502726114597,0
"GF",-0.208581678776103,0.00672134487303517,-31.0327297164731,7.29583814820546e-173
"GM",-0.0768117329955067,0.00470725548254761,-16.3177319098762,2.76458655922152e-56
"RW",0.0918538812866994,0.00757203312299293,12.1306761070259,1.00040491902547e-32
"GM:RW",-0.0131523862753834,0.00959036744618989,-1.37141630382564,0.170399443337963
