"","Estimate","X95..CI.Lower","X95..CI.Upper","p.value"
"ACME",0.806495705562441,0.753551864154316,0.85827543667721,0
"ADE",0.111163496259977,0.0989828267034028,0.122696860023688,0
"Total Effect",0.917659201822418,0.862289999710554,0.970142449050405,0
"Prop. Mediated",0.878999554802109,0.865786769622397,0.892346782301894,0
