"","Estimate","Std..Error","t.value","Pr...t.."
"GF",-1.01519802195376,0.0259833675177948,-39.0710719562618,1.48416191576911e-248
"GM",-0.011716457842661,0.0199125107598283,-0.588396811631503,0.556332482076852
