"","Estimate","Std..Error","t.value","Pr...t.."
"X",0.803271356201117,0.00323307716597585,248.454124341528,0
"GF",-0.20496067929691,0.00699265926028103,-29.3108346435677,2.34882337250176e-157
"GM",-0.0809838423923349,0.00468957054892006,-17.2689250641478,2.20121935995287e-62
"RW",0.0975518515777994,0.00782516836108194,12.4664220725229,2.10097857359237e-34
"GM:RW",-0.0206191318503063,0.00982393836355597,-2.09886616622081,0.035954104129377
