"","Estimate","X95..CI.Lower","X95..CI.Upper","p.value"
"ACME",0.823805998669987,0.777698622583731,0.875971329823773,0
"ADE",0.119649654231782,0.109474357775951,0.131182527827617,0
"Total Effect",0.943455652901769,0.893687845260201,0.997011023327451,0
"Prop. Mediated",0.873203588344265,0.860026780737177,0.885524459612024,0
