"","Estimate","Std..Error","t.value","Pr...t.."
"GF",-1.02013648652992,0.0265705548521986,-38.393495815369,4.84751471749898e-242
"GM",0.0138335151616727,0.0203625053229404,0.679362138512882,0.496987125878615
