"","Estimate","Std..Error","t.value","Pr...t.."
"X",0.797741569781817,0.00314188597045416,253.905322243921,0
"GF",-0.206506439846917,0.00682468135067449,-30.2587665615344,7.48348598615056e-166
"GM",-0.0836783107983503,0.00473963430169363,-17.6550141787203,6.23239120188407e-65
"RW",0.0896855156735088,0.00767452473998935,11.68613285018,1.45056779028408e-30
"GM:RW",-0.00531975571660532,0.00970902768953571,-0.547918482335662,0.583809174886828
