"","Estimate","X95..CI.Lower","X95..CI.Upper","p.value"
"ACME",0.795656487628411,0.744588556200636,0.846635488095448,0
"ADE",0.141658619804171,0.130163269268395,0.153467004158472,0
"Total Effect",0.937315107432581,0.886239652743273,0.991620384151353,0
"Prop. Mediated",0.848703757482521,0.835562738328026,0.86238009719364,0
