"","Estimate","Std..Error","t.value","Pr...t.."
"GF",-1.01826066899466,0.0262013936454403,-38.8628438156326,1.49632783434514e-246
"GM",-0.0140354728186063,0.0200795964006595,-0.6989917794436,0.484638525181591
