"","Estimate","Std..Error","t.value","Pr...t.."
"X",0.792300889956162,0.00317114073188577,249.847281134385,0
"GF",-0.221619165846586,0.00706870364667097,-31.3521653932908,8.94121549419226e-176
"GM",-0.070886620128571,0.00461943331061216,-15.3453065261759,2.53702036860961e-50
"RW",0.0834178753779326,0.00776463901319734,10.7433037435674,3.27071812683617e-26
"GM:RW",-0.013999196246761,0.00973229708282253,-1.43842672779374,0.150469865243931
