"","Estimate","X95..CI.Lower","X95..CI.Upper","p.value"
"ACME",0.801931943426612,0.750398842861111,0.853460037625844,0
"ADE",0.125817215318772,0.114468476368671,0.137218770251515,0
"Total Effect",0.927749158745383,0.875779225986326,0.979351134178157,0
"Prop. Mediated",0.864516547399547,0.850261068605771,0.877539761136957,0
