"","Estimate","Std..Error","t.value","Pr...t.."
"GF",-0.977229612404791,0.0260453963414338,-37.5202434854172,1.13521888907372e-233
"GM",0.0255414290295443,0.0199600469237718,1.27962770463857,0.200824670136367
