"","Estimate","Std..Error","t.value","Pr...t.."
"X",0.799688797643059,0.00320012068831731,249.893324511943,0
"GF",-0.217156039408451,0.00691445705015007,-31.4060869614828,2.8767236844527e-176
"GM",-0.0766433918780653,0.00462428338332657,-16.574112251514,6.65550128254398e-58
"RW",0.101294541198989,0.00779213339953341,12.9995902284032,3.79440620327611e-37
"GM:RW",-0.0232709334068912,0.00976670089123572,-2.38268107788309,0.0172802326765797
