"","Estimate","X95..CI.Lower","X95..CI.Upper","p.value"
"ACME",0.768639509382942,0.719980683781738,0.817083171753248,0
"ADE",0.128061501314368,0.116515431981678,0.139738494761459,0
"Total Effect",0.89670101069731,0.847495585500202,0.94563186898149,0
"Prop. Mediated",0.85719003535288,0.842671069331397,0.870707315075788,0
