"","Estimate","Std..Error","t.value","Pr...t.."
"GF",-0.989693667712496,0.0259136259561811,-38.192017951715,4.16161421299373e-240
"GM",-0.0218045837166045,0.0198590638925163,-1.09796634094225,0.272351484760156
