"","Estimate","Std..Error","t.value","Pr...t.."
"X",0.794982249038719,0.00323425207927987,245.800954765322,0
"GF",-0.208226412834599,0.00700836977183351,-29.7111053802351,6.24708344519473e-161
"GM",-0.0743674260202661,0.00470534787609864,-15.8048730887729,4.18292534672754e-53
"RW",0.0781410523296455,0.00777602495914049,10.0489713883689,3.27559476958374e-23
"GM:RW",-0.00948827160586256,0.0097844451020702,-0.969730169353705,0.332298557704844
